v 0,900238 17,000000 23,000000
v 0,000000 19,060149 23,000000
v 0,000000 17,000000 27,517665
v 1,000000 16,000000 23,783770
v 0,900238 16,000000 24,000000
v 1,000000 16,163520 24,000000
v 0,810913 18,000000 20,000000
v 0,000000 20,651743 20,000000
v 0,000000 18,000000 21,867563
v 1,000000 17,000000 20,784564
v 0,810913 17,000000 21,000000
v 1,000000 17,303043 21,000000
v 0,900238 18,000000 22,000000
v 0,000000 18,000000 20,243036
v 0,000000 20,060149 22,000000
v 0,900238 17,000000 23,000000
v 1,000000 17,000000 23,104674
v 1,000000 17,163520 23,000000
v 0,810913 19,000000 19,000000
v 0,000000 19,000000 15,556816
v 0,000000 21,651743 19,000000
v 0,810913 18,000000 20,000000
v 1,000000 18,000000 20,351333
v 1,000000 18,303043 20,000000
v 0,865363 22,000000 32,000000
v 0,000000 24,380127 32,000000
v 0,000000 22,000000 35,219285
v 1,000000 21,000000 32,777442
v 0,865363 21,000000 33,000000
v 1,000000 21,212326 33,000000
v 0,865363 23,000000 31,000000
v 0,000000 23,000000 27,663775
v 0,000000 25,380127 31,000000
v 0,865363 22,000000 32,000000
v 1,000000 22,000000 32,296051
v 1,000000 22,212326 32,000000
v 1,000000 25,000000 23,953355
v 1,000000 25,947570 23,000000
v 0,032475 25,000000 23,000000
v 0,032475 24,000000 24,000000
v 0,000000 24,000000 23,978486
v 0,000000 24,071019 24,000000
v 1,000000 26,947570 22,000000
v 1,000000 26,000000 18,162475
v 0,032475 26,000000 22,000000
v 0,032475 25,000000 23,000000
v 0,000000 25,071019 23,000000
v 0,000000 25,000000 23,068928
v 0,857715 27,000000 17,000000
v 0,000000 29,826596 17,000000
v 0,000000 27,000000 19,245168
v 1,000000 26,000000 17,819721
v 0,857715 26,000000 18,000000
v 1,000000 26,185810 18,000000
v 0,695940 27,000000 31,000000
v 0,000000 28,785401 31,000000
v 0,000000 27,000000 31,981724
v 1,000000 26,000000 31,756655
v 0,695940 26,000000 32,000000
v 1,000000 26,257360 32,000000
v 0,857715 28,000000 16,000000
v 0,000000 28,000000 13,014929
v 0,000000 30,826596 16,000000
v 0,885690 28,000000 18,000000
v 0,000000 29,293948 18,000000
v 0,000000 28,000000 19,385156
v 0,857715 27,000000 17,000000
v 1,000000 27,000000 17,222494
v 1,000000 27,185810 17,000000
v 1,000000 27,000000 18,882066
v 0,885690 27,000000 19,000000
v 1,000000 27,366299 19,000000
v 0,695940 28,000000 30,000000
v 0,000000 28,000000 27,875061
v 0,000000 29,785401 30,000000
v 0,695940 27,000000 31,000000
v 1,000000 27,000000 31,427059
v 1,000000 27,257360 31,000000
v 0,885690 29,000000 17,000000
v 0,000000 29,000000 14,805116
v 0,000000 30,293948 17,000000
v 0,885690 28,000000 18,000000
v 1,000000 28,000000 18,151154
v 1,000000 28,366299 18,000000
v 0,538723 29,000000 21,000000
v 0,000000 29,326410 21,000000
v 0,000000 29,000000 21,353665
v 1,000000 28,000000 21,776080
v 0,538723 28,000000 22,000000
v 1,000000 28,209531 22,000000
v 0,538723 30,000000 20,000000
v 0,000000 30,000000 19,695652
v 0,000000 30,326410 20,000000
v 0,538723 29,000000 21,000000
v 1,000000 29,000000 21,197062
v 1,000000 29,209531 21,000000
v 0,767769 30,000000 27,000000
v 0,000000 32,454958 27,000000
v 0,000000 30,000000 36,680071
v 1,000000 29,000000 27,749137
v 0,767769 29,000000 28,000000
v 1,000000 29,291571 28,000000
v 0,999314 30,000000 30,000000
v 0,000000 17,056615 30,000000
v 0,000000 30,000000 33,603142
v 1,000000 29,000000 30,998779
v 0,999314 29,000000 31,000000
v 1,000000 29,002397 31,000000
v 0,609646 31,000000 24,000000
v 0,000000 31,794307 24,000000
v 0,000000 31,000000 25,193325
v 1,000000 30,000000 24,589220
v 0,609646 30,000000 25,000000
v 1,000000 30,525606 25,000000
v 0,772794 31,000000 26,000000
v 0,000000 85,808543 26,000000
v 0,000000 31,000000 -11,741511
v 1,000000 30,000000 26,677866
v 0,772794 30,000000 27,000000
v 1,000000 30,208777 27,000000
v 0,000000 31,000000 25,357485
v 0,000000 33,454958 26,000000
v 0,767769 31,000000 26,000000
v 0,767769 30,000000 27,000000
v 1,000000 30,000000 27,158096
v 1,000000 30,291571 27,000000
v 0,999314 31,000000 29,000000
v 0,000000 31,000000 17,858182
v 0,000000 18,056615 29,000000
v 0,999314 30,000000 30,000000
v 1,000000 30,000000 30,010458
v 1,000000 30,002397 30,000000
v 0,609646 32,000000 23,000000
v 0,000000 32,000000 22,396085
v 0,000000 32,794307 23,000000
v 0,609646 31,000000 24,000000
v 1,000000 31,000000 24,245191
v 1,000000 31,525606 24,000000
v 0,772794 32,000000 25,000000
v 0,000000 32,000000 23,378953
v 0,000000 86,808543 25,000000
v 0,825231 32,000000 27,000000
v 0,000000 -35,102602 27,000000
v 0,000000 32,000000 39,924827
v 0,772794 31,000000 26,000000
v 1,000000 31,000000 26,283878
v 1,000000 31,208777 26,000000
v 1,000000 31,000000 27,762211
v 0,825231 31,000000 28,000000
v 1,000000 31,210989 28,000000
v 0,825231 33,000000 26,000000
v 0,000000 33,000000 23,657740
v 0,000000 -34,102602 26,000000
v 0,825231 32,000000 27,000000
v 1,000000 32,000000 27,231817
v 1,000000 32,210989 27,000000
v 1,905908 14,000000 26,000000
v 1,000000 25,972606 26,000000
v 1,000000 14,000000 28,072441
v 2,000000 13,000000 26,889301
v 1,905908 13,000000 27,000000
v 2,000000 13,160200 27,000000
v 1,589818 15,000000 25,000000
v 1,000000 16,014953 25,000000
v 1,000000 15,000000 25,695347
v 2,000000 14,000000 25,712026
v 1,589818 14,000000 26,000000
v 2,000000 14,387848 26,000000
v 1,000000 15,000000 1,086522
v 1,000000 26,972606 25,000000
v 1,905908 15,000000 25,000000
v 1,905908 14,000000 26,000000
v 2,000000 14,000000 26,175548
v 2,000000 14,160200 26,000000
v 1,589818 16,000000 24,000000
v 1,000000 16,000000 22,860953
v 1,000000 17,014953 24,000000
v 1,589818 15,000000 25,000000
v 2,000000 15,000000 25,413321
v 2,000000 15,387848 25,000000
v 1,740345 16,000000 28,000000
v 1,000000 16,898637 28,000000
v 1,000000 16,000000 30,224587
v 2,000000 15,000000 28,610293
v 1,740345 15,000000 29,000000
v 2,000000 15,999825 29,000000
v 2,000000 17,000000 23,905203
v 2,000000 17,446617 23,000000
v 1,259833 17,000000 23,000000
v 1,259833 16,000000 24,000000
v 1,000000 16,000000 23,783770
v 1,000000 16,163520 24,000000
v 1,740345 17,000000 27,000000
v 1,000000 17,000000 25,643411
v 1,000000 17,898637 27,000000
v 1,740345 16,000000 28,000000
v 2,000000 16,000000 28,233570
v 2,000000 16,999825 28,000000
v 2,000000 18,000000 20,479239
v 2,000000 18,711543 20,000000
v 1,394623 18,000000 20,000000
v 1,394623 17,000000 21,000000
v 1,000000 17,000000 20,784564
v 1,000000 17,303043 21,000000
v 2,000000 18,446617 22,000000
v 2,000000 18,000000 21,611860
v 1,259833 18,000000 22,000000
v 1,259833 17,000000 23,000000
v 1,000000 17,163520 23,000000
v 1,000000 17,000000 23,104674
v 2,000000 19,711543 19,000000
v 2,000000 19,000000 18,067992
v 1,394623 19,000000 19,000000
v 1,394623 18,000000 20,000000
v 1,000000 18,303043 20,000000
v 1,000000 18,000000 20,351333
v 2,000000 22,000000 32,418670
v 2,000000 22,322108 32,000000
v 1,419843 22,000000 32,000000
v 1,419843 21,000000 33,000000
v 1,000000 21,000000 32,777442
v 1,000000 21,212326 33,000000
v 2,000000 23,322108 31,000000
v 2,000000 23,000000 30,031076
v 1,419843 23,000000 31,000000
v 1,419843 22,000000 32,000000
v 1,000000 22,212326 32,000000
v 1,000000 22,000000 32,296051
v 2,000000 27,000000 17,302436
v 2,000000 27,368997 17,000000
v 1,438396 27,000000 17,000000
v 1,438396 26,000000 18,000000
v 1,000000 26,000000 17,819721
v 1,000000 26,185810 18,000000
v 2,000000 27,000000 32,011986
v 2,000000 28,843070 31,000000
v 1,299302 27,000000 31,000000
v 1,299302 26,000000 32,000000
v 1,000000 26,000000 31,756655
v 1,000000 26,257360 32,000000
v 2,000000 28,368997 16,000000
v 2,000000 28,000000 15,613070
v 1,438396 28,000000 16,000000
v 1,438396 27,000000 17,000000
v 1,000000 27,185810 17,000000
v 1,000000 27,000000 17,222494
v 1,133132 28,000000 18,000000
v 2,000000 28,000000 20,453219
v 2,000000 32,909312 18,000000
v 1,133132 27,000000 19,000000
v 1,000000 27,000000 18,882066
v 1,000000 27,366299 19,000000
v 2,000000 29,843070 30,000000
v 2,000000 28,000000 27,805673
v 1,299302 28,000000 30,000000
v 1,299302 27,000000 31,000000
v 1,000000 27,257360 31,000000
v 1,000000 27,000000 31,427059
v 2,000000 33,909312 17,000000
v 2,000000 29,000000 15,286971
v 1,133132 29,000000 17,000000
v 1,133132 28,000000 18,000000
v 1,000000 28,366299 18,000000
v 1,000000 28,000000 18,151154
v 2,000000 29,000000 23,793250
v 2,000000 31,545850 21,000000
v 1,150312 29,000000 21,000000
v 1,150312 28,000000 22,000000
v 1,000000 28,000000 21,776080
v 1,000000 28,209531 22,000000
v 1,697302 30,000000 16,000000
v 1,000000 32,077826 16,000000
v 1,000000 30,000000 18,378733
v 2,000000 29,000000 16,569602
v 1,697302 29,000000 17,000000
v 2,000000 29,369615 17,000000
v 2,000000 32,545850 20,000000
v 2,000000 30,000000 17,652875
v 1,150312 30,000000 20,000000
v 1,150312 29,000000 21,000000
v 1,000000 29,209531 21,000000
v 1,000000 29,000000 21,197062
v 2,000000 30,000000 29,641716
v 2,000000 35,047312 27,000000
v 1,117227 30,000000 27,000000
v 1,117227 29,000000 28,000000
v 1,000000 29,000000 27,749137
v 1,000000 29,291571 28,000000
v 2,000000 30,000000 30,749530
v 2,000000 30,638588 30,000000
v 1,002124 30,000000 30,000000
v 1,002124 29,000000 31,000000
v 1,000000 29,000000 30,998779
v 1,000000 29,002397 31,000000
v 1,940923 30,000000 33,000000
v 1,000000 48,522647 33,000000
v 1,000000 30,000000 46,357470
v 2,000000 29,000000 33,644324
v 1,940923 29,000000 34,000000
v 2,000000 29,065787 34,000000
v 1,697302 31,000000 15,000000
v 1,000000 31,000000 13,588640
v 1,000000 33,077826 15,000000
v 1,697302 30,000000 16,000000
v 2,000000 30,000000 16,301071
v 2,000000 30,369615 16,000000
v 2,000000 31,000000 26,959128
v 2,000000 32,919835 24,000000
v 1,250681 31,000000 24,000000
v 1,250681 30,000000 25,000000
v 1,000000 30,000000 24,589220
v 1,000000 30,525606 25,000000
v 2,000000 31,000000 27,823120
v 2,000000 34,289347 26,000000
v 1,194306 31,000000 26,000000
v 1,194306 30,000000 27,000000
v 1,000000 30,000000 26,677866
v 1,000000 30,208777 27,000000
v 1,117227 31,000000 26,000000
v 2,000000 36,047312 26,000000
v 2,000000 31,000000 42,783355
v 1,117227 30,000000 27,000000
v 1,000000 30,291571 27,000000
v 1,000000 30,000000 27,158096
v 2,000000 31,638588 29,000000
v 2,000000 31,000000 33,067626
v 1,002124 31,000000 29,000000
v 1,002124 30,000000 30,000000
v 1,000000 30,002397 30,000000
v 1,000000 30,000000 30,010458
v 1,940923 31,000000 32,000000
v 1,000000 31,000000 28,858372
v 1,000000 49,522647 32,000000
v 1,940923 30,000000 33,000000
v 2,000000 30,000000 33,097504
v 2,000000 30,065787 33,000000
v 1,667148 32,000000 20,000000
v 1,000000 32,504105 20,000000
v 1,000000 32,000000 20,352896
v 2,000000 31,000000 20,862278
v 1,667148 31,000000 21,000000
v 2,000000 31,109750 21,000000
v 2,000000 33,919835 23,000000
v 2,000000 32,000000 21,569488
v 1,250681 32,000000 23,000000
v 1,250681 31,000000 24,000000
v 1,000000 31,525606 24,000000
v 1,000000 31,000000 24,245191
v 2,000000 35,289347 25,000000
v 2,000000 32,000000 8,268054
v 1,194306 32,000000 25,000000
v 1,194306 31,000000 26,000000
v 1,000000 31,208777 26,000000
v 1,000000 31,000000 26,283878
v 1,432309 32,000000 27,000000
v 2,000000 32,000000 27,445211
v 2,000000 32,546338 27,000000
v 1,432309 31,000000 28,000000
v 1,000000 31,000000 27,762211
v 1,000000 31,210989 28,000000
v 1,625723 32,000000 29,000000
v 1,000000 32,177155 29,000000
v 1,000000 32,000000 29,440113
v 2,000000 31,000000 29,881531
v 1,625723 31,000000 30,000000
v 2,000000 31,084245 30,000000
v 1,667148 33,000000 19,000000
v 1,000000 33,000000 18,658319
v 1,000000 33,504105 19,000000
v 1,667148 32,000000 20,000000
v 2,000000 32,000000 20,133870
v 2,000000 32,109750 20,000000
v 2,000000 33,546338 26,000000
v 2,000000 33,000000 25,568322
v 1,432309 33,000000 26,000000
v 1,432309 32,000000 27,000000
v 1,000000 32,210989 27,000000
v 1,000000 32,000000 27,231817
v 1,625723 33,000000 28,000000
v 1,000000 33,000000 27,851113
v 1,000000 33,177155 28,000000
v 1,625723 32,000000 29,000000
v 2,000000 32,000000 29,078316
v 2,000000 32,084245 29,000000
v 1,951968 34,000000 24,000000
v 1,000000 38,173870 24,000000
v 1,000000 34,000000 25,174145
v 2,000000 33,000000 24,962760
v 1,951968 33,000000 25,000000
v 2,000000 33,096257 25,000000
v 1,951968 35,000000 23,000000
v 1,000000 35,000000 17,280559
v 1,000000 39,173870 23,000000
v 1,951968 34,000000 24,000000
v 2,000000 34,000000 24,168706
v 2,000000 34,096257 24,000000
v 3,000000 14,000000 26,293403
v 3,000000 14,310067 26,000000
v 2,320276 14,000000 26,000000
v 2,320276 13,000000 27,000000
v 2,000000 13,000000 26,889301
v 2,000000 13,160200 27,000000
v 2,752140 15,000000 17,000000
v 2,000000 17,189263 17,000000
v 2,000000 15,000000 19,001313
v 2,984657 15,000000 18,000000
v 2,000000 0,474629 18,000000
v 2,000000 15,000000 29,732682
v 2,752140 14,000000 18,000000
v 3,000000 15,053498 18,000000
v 3,000000 14,000000 17,698241
v 3,000000 14,000000 18,919371
v 2,984657 14,000000 19,000000
v 3,000000 14,014298 19,000000
v 3,000000 15,000000 29,429705
v 3,000000 17,125054 25,000000
v 2,289142 15,000000 25,000000
v 2,289142 14,000000 26,000000
v 2,000000 14,000000 25,712026
v 2,000000 14,387848 26,000000
v 2,320276 15,000000 25,000000
v 3,000000 15,310067 25,000000
v 3,000000 15,000000 24,503672
v 2,320276 14,000000 26,000000
v 2,000000 14,160200 26,000000
v 2,000000 14,000000 26,175548
v 2,695326 15,000000 32,000000
v 2,000000 17,405971 32,000000
v 2,000000 15,000000 33,635350
v 3,000000 14,000000 32,663713
v 2,695326 14,000000 33,000000
v 3,000000 14,297832 33,000000
v 2,752140 16,000000 16,000000
v 2,000000 16,000000 17,947536
v 2,000000 18,189263 16,000000
v 2,000000 1,474629 17,000000
v 2,984657 16,000000 17,000000
v 2,000000 16,000000 18,098614
v 3,000000 16,053498 17,000000
v 2,752140 15,000000 17,000000
v 3,000000 15,000000 17,411922
v 2,984657 15,000000 18,000000
v 3,000000 15,000000 18,065772
v 3,000000 15,014298 18,000000
v 3,000000 18,125054 24,000000
v 3,000000 16,000000 21,600885
v 2,289142 16,000000 24,000000
v 2,289142 15,000000 25,000000
v 2,000000 15,387848 25,000000
v 2,000000 15,000000 25,413321
v 3,000000 16,000000 31,359784
v 3,000000 17,323876 28,000000
v 2,208606 16,000000 28,000000
v 2,208606 15,000000 29,000000
v 2,000000 15,000000 28,610293
v 2,000000 15,999825 29,000000
v 2,695326 16,000000 31,000000
v 2,000000 16,000000 29,161310
v 2,000000 18,405971 31,000000
v 2,695326 15,000000 32,000000
v 3,000000 15,000000 32,364409
v 3,000000 15,297832 32,000000
v 3,000000 18,323876 27,000000
v 3,000000 17,000000 25,515954
v 2,208606 17,000000 27,000000
v 2,208606 16,000000 28,000000
v 2,000000 16,999825 28,000000
v 2,000000 16,000000 28,233570
v 2,666445 17,000000 33,000000
v 2,000000 17,677642 33,000000
v 2,000000 17,000000 33,912656
v 3,000000 16,000000 33,730946
v 2,666445 16,000000 34,000000
v 3,000000 16,435046 34,000000
v 2,666445 18,000000 32,000000
v 2,000000 18,000000 31,023543
v 2,000000 18,677642 32,000000
v 2,666445 17,000000 33,000000
v 3,000000 17,000000 33,283228
v 3,000000 17,435046 33,000000
v 2,849530 28,000000 14,000000
v 2,000000 29,628426 14,000000
v 2,000000 28,000000 12,918613
v 3,000000 27,000000 14,497879
v 2,849530 27,000000 15,000000
v 3,000000 27,067890 15,000000
v 2,824460 28,000000 35,000000
v 2,000000 25,589809 35,000000
v 2,000000 28,000000 35,784395
v 3,000000 27,000000 35,886936
v 2,824460 27,000000 36,000000
v 3,000000 27,307203 36,000000
v 2,849530 29,000000 13,000000
v 2,000000 29,000000 11,995923
v 2,000000 30,628426 13,000000
v 2,849530 28,000000 14,000000
v 3,000000 28,000000 14,156835
v 3,000000 28,067890 14,000000
v 2,824460 29,000000 34,000000
v 2,000000 29,000000 30,609128
v 2,000000 26,589809 34,000000
v 2,824460 28,000000 35,000000
v 3,000000 28,000000 35,159641
v 3,000000 28,307203 35,000000
v 2,824210 30,000000 14,000000
v 2,000000 30,719718 14,000000
v 2,000000 30,000000 15,839118
v 3,000000 29,000000 14,775438
v 2,824210 29,000000 15,000000
v 3,000000 29,320241 15,000000
v 3,000000 30,000000 17,129982
v 3,000000 27,880282 16,000000
v 2,426075 30,000000 16,000000
v 2,426075 29,000000 17,000000
v 2,000000 29,000000 16,569602
v 2,000000 29,369615 17,000000
v 3,000000 30,000000 41,979109
v 3,000000 37,476059 33,000000
v 2,075351 30,000000 33,000000
v 2,075351 29,000000 34,000000
v 2,000000 29,000000 33,644324
v 2,000000 29,065787 34,000000
v 2,824210 31,000000 13,000000
v 2,000000 31,000000 12,249641
v 2,000000 31,719718 13,000000
v 2,824210 30,000000 14,000000
v 3,000000 30,000000 14,108170
v 3,000000 30,320241 14,000000
v 3,000000 28,880282 15,000000
v 3,000000 31,000000 14,300266
v 2,426075 31,000000 15,000000
v 2,426075 30,000000 16,000000
v 2,000000 30,369615 16,000000
v 2,000000 30,000000 16,301071
v 3,000000 38,476059 32,000000
v 3,000000 31,000000 30,038936
v 2,075351 31,000000 32,000000
v 2,075351 30,000000 33,000000
v 2,000000 30,065787 33,000000
v 2,000000 30,000000 33,097504
v 3,000000 32,000000 22,723233
v 3,000000 36,096071 20,000000
v 2,095286 32,000000 20,000000
v 2,095286 31,000000 21,000000
v 2,000000 31,000000 20,862278
v 2,000000 31,109750 21,000000
v 3,000000 32,000000 32,555444
v 3,000000 35,139372 29,000000
v 2,058216 32,000000 29,000000
v 2,058216 31,000000 30,000000
v 2,000000 31,000000 29,881531
v 2,000000 31,084245 30,000000
v 3,000000 37,096071 19,000000
v 3,000000 33,000000 16,376786
v 2,095286 33,000000 19,000000
v 2,095286 32,000000 20,000000
v 2,000000 32,109750 20,000000
v 2,000000 32,000000 20,133870
v 3,000000 36,139372 28,000000
v 3,000000 33,000000 25,456335
v 2,058216 33,000000 28,000000
v 2,058216 32,000000 29,000000
v 2,000000 32,084245 29,000000
v 2,000000 32,000000 29,078316
v 2,692114 33,000000 32,000000
v 2,000000 33,697775 32,000000
v 2,000000 33,000000 32,497000
v 3,000000 32,000000 32,836746
v 2,692114 32,000000 33,000000
v 3,000000 32,116667 33,000000
v 3,000000 34,000000 24,861850
v 3,000000 36,980589 24,000000
v 2,059598 34,000000 24,000000
v 2,059598 33,000000 25,000000
v 2,000000 33,000000 24,962760
v 2,000000 33,096257 25,000000
v 2,692114 34,000000 31,000000
v 2,000000 34,000000 30,415694
v 2,000000 34,697775 31,000000
v 2,692114 33,000000 32,000000
v 3,000000 33,000000 32,273112
v 3,000000 33,116667 32,000000
v 2,902812 35,000000 18,000000
v 2,000000 37,533106 18,000000
v 2,000000 35,000000 20,720509
v 3,000000 34,000000 18,853699
v 2,902812 34,000000 19,000000
v 3,000000 34,289829 19,000000
v 2,556673 35,000000 21,000000
v 2,000000 35,350662 21,000000
v 2,000000 35,000000 21,345155
v 3,000000 34,000000 21,805613
v 2,556673 34,000000 22,000000
v 3,000000 34,552317 22,000000
v 3,000000 37,980589 23,000000
v 3,000000 35,000000 15,869436
v 2,059598 35,000000 23,000000
v 2,059598 34,000000 24,000000
v 2,000000 34,096257 24,000000
v 2,000000 34,000000 24,168706
v 2,902812 36,000000 17,000000
v 2,000000 36,000000 15,292732
v 2,000000 38,533106 17,000000
v 2,902812 35,000000 18,000000
v 3,000000 35,000000 18,101808
v 3,000000 35,289829 18,000000
v 2,556673 36,000000 20,000000
v 2,000000 36,000000 19,570145
v 2,000000 36,350662 20,000000
v 2,556673 35,000000 21,000000
v 3,000000 35,000000 21,322836
v 3,000000 35,552317 21,000000
v 4,000000 15,000000 17,908389
v 4,000000 16,060925 17,000000
v 3,357362 15,000000 17,000000
v 4,000000 10,173584 18,000000
v 3,021898 15,000000 18,000000
v 4,000000 15,000000 24,764997
v 3,000000 15,053498 18,000000
v 3,357362 14,000000 18,000000
v 3,000000 14,000000 17,698241
v 3,021898 14,000000 19,000000
v 3,000000 14,000000 18,919371
v 3,000000 14,014298 19,000000
v 4,000000 15,000000 32,829542
v 4,000000 16,197930 32,000000
v 3,419722 15,000000 32,000000
v 3,419722 14,000000 33,000000
v 3,000000 14,000000 32,663713
v 3,000000 14,297832 33,000000
v 4,000000 17,060925 16,000000
v 4,000000 16,000000 14,593555
v 3,357362 16,000000 16,000000
v 3,357362 15,000000 17,000000
v 3,000000 16,053498 17,000000
v 3,000000 15,000000 17,411922
v 3,021898 16,000000 17,000000
v 4,000000 11,173584 17,000000
v 4,000000 16,000000 16,097182
v 3,021898 15,000000 18,000000
v 3,000000 15,014298 18,000000
v 3,000000 15,000000 18,065772
v 4,000000 17,197930 31,000000
v 4,000000 16,000000 30,072879
v 3,419722 16,000000 31,000000
v 3,419722 15,000000 32,000000
v 3,000000 15,297832 32,000000
v 3,000000 15,000000 32,364409
v 4,000000 17,000000 34,988357
v 4,000000 18,258915 33,000000
v 3,239202 17,000000 33,000000
v 3,239202 16,000000 34,000000
v 3,000000 16,000000 33,730946
v 3,000000 16,435046 34,000000
v 4,000000 19,258915 32,000000
v 4,000000 18,000000 30,150299
v 3,239202 18,000000 32,000000
v 3,239202 17,000000 33,000000
v 3,000000 17,435046 33,000000
v 3,000000 17,000000 33,283228
v 4,000000 28,000000 17,622033
v 4,000000 25,031555 14,000000
v 3,071334 28,000000 14,000000
v 3,071334 27,000000 15,000000
v 3,000000 27,000000 14,497879
v 3,000000 27,067890 15,000000
v 4,000000 28,000000 36,700373
v 4,000000 29,321503 35,000000
v 3,107723 28,000000 35,000000
v 3,107723 27,000000 36,000000
v 3,000000 27,000000 35,886936
v 3,000000 27,307203 36,000000
v 4,000000 26,031555 13,000000
v 4,000000 29,000000 5,346223
v 3,071334 29,000000 13,000000
v 3,071334 28,000000 14,000000
v 3,000000 28,067890 14,000000
v 3,000000 28,000000 14,156835
v 4,000000 30,321503 34,000000
v 4,000000 29,000000 31,345738
v 3,107723 29,000000 34,000000
v 3,107723 28,000000 35,000000
v 3,000000 28,307203 35,000000
v 3,000000 28,000000 35,159641
v 4,000000 30,000000 17,527624
v 4,000000 31,321799 14,000000
v 3,119527 30,000000 14,000000
v 3,119527 29,000000 15,000000
v 3,000000 29,000000 14,775438
v 3,000000 29,320241 15,000000
v 4,000000 32,321799 13,000000
v 4,000000 31,000000 11,618694
v 3,119527 31,000000 13,000000
v 3,119527 30,000000 14,000000
v 3,000000 30,320241 14,000000
v 3,000000 30,000000 14,108170
v 3,792982 33,000000 15,000000
v 3,000000 33,965699 15,000000
v 3,000000 33,000000 15,542460
v 4,000000 32,000000 15,893288
v 3,792982 32,000000 16,000000
v 4,000000 32,072756 16,000000
v 4,000000 33,000000 33,859759
v 4,000000 36,465666 32,000000
v 3,120163 33,000000 32,000000
v 3,120163 32,000000 33,000000
v 3,000000 32,000000 32,836746
v 3,000000 32,116667 33,000000
v 3,792982 34,000000 14,000000
v 3,000000 34,000000 13,547596
v 3,000000 34,965699 14,000000
v 3,792982 33,000000 15,000000
v 4,000000 33,000000 15,091075
v 4,000000 33,072756 15,000000
v 4,000000 37,465666 31,000000
v 4,000000 34,000000 26,310264
v 3,120163 34,000000 31,000000
v 3,120163 33,000000 32,000000
v 3,000000 33,116667 32,000000
v 3,000000 33,000000 32,273112
v 4,000000 35,000000 19,208825
v 4,000000 33,118644 18,000000
v 3,160579 35,000000 18,000000
v 3,160579 34,000000 19,000000
v 3,000000 34,000000 18,853699
v 3,000000 34,289829 19,000000
v 4,000000 35,000000 23,160561
v 4,000000 37,342824 21,000000
v 3,156847 35,000000 21,000000
v 3,156847 34,000000 22,000000
v 3,000000 34,000000 21,805613
v 3,000000 34,552317 22,000000
v 3,877317 36,000000 17,000000
v 3,000000 37,164554 17,000000
v 3,000000 36,000000 15,748658
v 4,000000 34,118644 17,000000
v 4,000000 36,000000 18,591305
v 3,160579 36,000000 17,000000
v 4,000000 35,383053 18,000000
v 4,000000 35,000000 17,670026
v 3,877317 35,000000 18,000000
v 3,160579 35,000000 18,000000
v 3,000000 35,289829 18,000000
v 3,000000 35,000000 18,101808
v 4,000000 38,342824 20,000000
v 4,000000 36,000000 22,117485
v 3,156847 36,000000 20,000000
v 3,156847 35,000000 21,000000
v 3,000000 35,552317 21,000000
v 3,000000 35,000000 21,322836
v 3,877317 37,000000 16,000000
v 3,000000 37,000000 13,854552
v 3,000000 38,164554 16,000000
v 3,877317 36,000000 17,000000
v 4,000000 36,000000 17,175806
v 4,000000 36,383053 17,000000
v 4,753683 10,000000 22,000000
v 4,000000 10,982271 22,000000
v 4,000000 10,000000 22,499402
v 5,000000 9,000000 22,807574
v 4,753683 9,000000 23,000000
v 5,000000 9,126115 23,000000
v 4,847539 10,000000 27,000000
v 4,000000 13,171329 27,000000
v 4,000000 10,000000 30,492023
v 5,000000 9,000000 27,708281
v 4,847539 9,000000 28,000000
v 5,000000 9,129936 28,000000
v 4,753683 11,000000 21,000000
v 4,000000 11,000000 19,811830
v 4,000000 11,982271 21,000000
v 4,753683 10,000000 22,000000
v 5,000000 10,000000 22,245103
v 5,000000 10,126115 22,000000
v 4,847539 11,000000 26,000000
v 4,000000 11,000000 24,801249
v 4,000000 14,171329 26,000000
v 4,847539 10,000000 27,000000
v 5,000000 10,000000 27,127166
v 5,000000 10,129936 27,000000
v 4,653633 14,000000 35,000000
v 4,000000 15,110287 35,000000
v 4,000000 14,000000 35,640233
v 5,000000 13,000000 35,781731
v 4,653633 13,000000 36,000000
v 5,000000 13,226990 36,000000
v 4,653633 15,000000 34,000000
v 4,000000 15,000000 35,576569
v 4,000000 16,110287 34,000000
v 4,653633 14,000000 35,000000
v 5,000000 14,000000 35,363355
v 5,000000 14,226990 35,000000
v 4,985539 20,000000 11,000000
v 4,000000 27,978807 11,000000
v 4,000000 20,000000 12,965336
v 5,000000 19,000000 11,982404
v 4,985539 19,000000 12,000000
v 5,000000 19,008000 12,000000
v 4,985539 21,000000 10,000000
v 4,000000 21,000000 9,023231
v 4,000000 28,978807 10,000000
v 4,985539 20,000000 11,000000
v 5,000000 20,000000 11,009779
v 5,000000 20,008000 11,000000
v 5,000000 33,000000 17,893389
v 5,000000 38,478521 15,000000
v 4,070338 33,000000 15,000000
v 4,070338 32,000000 16,000000
v 4,000000 32,000000 15,893288
v 4,000000 32,072756 16,000000
v 5,000000 39,478521 14,000000
v 5,000000 34,000000 11,643540
v 4,070338 34,000000 14,000000
v 4,070338 33,000000 15,000000
v 4,000000 33,072756 15,000000
v 4,000000 33,000000 15,091075
v 5,000000 36,000000 17,988699
v 5,000000 36,702090 17,000000
v 4,169547 36,000000 17,000000
v 4,169547 35,000000 18,000000
v 4,000000 35,000000 17,670026
v 4,000000 35,383053 18,000000
v 4,988256 36,000000 34,000000
v 4,000000 37,310174 34,000000
v 4,000000 36,000000 37,118420
v 5,000000 35,000000 34,980764
v 4,988256 35,000000 35,000000
v 5,000000 35,061426 35,000000
v 5,000000 37,702090 16,000000
v 5,000000 37,000000 17,854645
v 4,169547 37,000000 16,000000
v 4,169547 36,000000 17,000000
v 4,000000 36,383053 17,000000
v 4,000000 36,000000 17,175806
v 4,988256 37,000000 33,000000
v 4,000000 37,000000 31,257171
v 4,000000 38,310174 33,000000
v 4,988256 36,000000 34,000000
v 5,000000 36,000000 34,017197
v 5,000000 36,061426 34,000000
v 4,962404 38,000000 19,000000
v 4,000000 45,840701 19,000000
v 4,000000 38,000000 20,206094
v 5,000000 37,000000 19,975116
v 4,962404 37,000000 20,000000
v 5,000000 37,074140 20,000000
v 4,752299 38,000000 31,000000
v 4,000000 39,079043 31,000000
v 4,000000 38,000000 33,677012
v 5,000000 37,000000 31,564408
v 4,752299 37,000000 32,000000
v 5,000000 37,210766 32,000000
v 4,962404 39,000000 18,000000
v 4,000000 39,000000 13,584926
v 4,000000 46,840701 18,000000
v 4,962404 38,000000 19,000000
v 5,000000 38,000000 19,216373
v 5,000000 38,074140 19,000000
v 4,768232 39,000000 28,000000
v 4,000000 39,747271 28,000000
v 4,000000 39,000000 22,822940
v 5,000000 38,000000 28,349174
v 4,768232 38,000000 29,000000
v 5,000000 38,285273 29,000000
v 4,752299 39,000000 30,000000
v 4,000000 39,000000 29,285622
v 4,000000 40,079043 30,000000
v 4,752299 38,000000 31,000000
v 5,000000 38,000000 31,153675
v 5,000000 38,210766 31,000000
v 4,768232 40,000000 27,000000
v 4,000000 40,000000 26,359847
v 4,000000 40,747271 27,000000
v 4,768232 39,000000 28,000000
v 5,000000 39,000000 28,219859
v 5,000000 39,285273 28,000000
v 5,832049 10,000000 19,000000
v 5,000000 11,659288 19,000000
v 5,000000 10,000000 20,416232
v 6,000000 9,000000 19,271087
v 5,832049 9,000000 20,000000
v 6,000000 9,085527 20,000000
v 6,000000 10,000000 26,371716
v 6,000000 6,038049 22,000000
v 5,165553 10,000000 22,000000
v 5,165553 9,000000 23,000000
v 5,000000 9,000000 22,807574
v 5,000000 9,126115 23,000000
v 6,000000 10,000000 29,350816
v 6,000000 12,139020 27,000000
v 5,191086 10,000000 27,000000
v 5,191086 9,000000 28,000000
v 5,000000 9,000000 27,708281
v 5,000000 9,129936 28,000000
v 5,752637 11,000000 16,000000
v 5,000000 12,843794 16,000000
v 5,000000 11,000000 16,765104
v 6,000000 10,000000 16,837102
v 5,752637 10,000000 17,000000
v 6,000000 10,156606 17,000000
v 5,832049 11,000000 18,000000
v 5,000000 11,000000 17,385170
v 5,000000 12,659288 18,000000
v 5,832049 10,000000 19,000000
v 6,000000 10,000000 19,088897
v 6,000000 10,085527 19,000000
v 6,000000 7,038049 21,000000
v 6,000000 11,000000 19,790930
v 5,165553 11,000000 21,000000
v 5,165553 10,000000 22,000000
v 5,000000 10,126115 22,000000
v 5,000000 10,000000 22,245103
v 6,000000 13,139020 26,000000
v 6,000000 11,000000 25,170010
v 5,191086 11,000000 26,000000
v 5,191086 10,000000 27,000000
v 5,000000 10,129936 27,000000
v 5,000000 10,000000 27,127166
v 5,752637 12,000000 15,000000
v 5,000000 12,000000 13,407045
v 5,000000 13,843794 15,000000
v 5,752637 11,000000 16,000000
v 6,000000 11,000000 16,290834
v 6,000000 11,156606 16,000000
v 6,000000 14,000000 36,452201
v 6,000000 16,610915 35,000000
v 5,222954 14,000000 35,000000
v 5,222954 13,000000 36,000000
v 5,000000 13,000000 35,781731
v 5,000000 13,226990 36,000000
v 6,000000 17,610915 34,000000
v 6,000000 15,000000 31,070082
v 5,222954 15,000000 34,000000
v 5,222954 14,000000 35,000000
v 5,000000 14,226990 35,000000
v 5,000000 14,000000 35,363355
v 6,000000 20,000000 14,018723
v 6,000000 16,832621 11,000000
v 5,010800 20,000000 11,000000
v 5,010800 19,000000 12,000000
v 5,000000 19,000000 11,982404
v 5,000000 19,008000 12,000000
v 6,000000 17,832621 10,000000
v 6,000000 21,000000 8,531533
v 5,010800 21,000000 10,000000
v 5,010800 20,000000 11,000000
v 5,000000 20,008000 11,000000
v 5,000000 20,000000 11,009779
v 5,884873 23,000000 8,000000
v 5,000000 24,240409 8,000000
v 5,000000 23,000000 9,525510
v 6,000000 22,000000 8,887709
v 5,884873 22,000000 9,000000
v 6,000000 22,312200 9,000000
v 5,884873 24,000000 7,000000
v 5,000000 24,000000 4,269498
v 5,000000 25,240409 7,000000
v 5,884873 23,000000 8,000000
v 6,000000 23,000000 8,176578
v 6,000000 23,312200 8,000000
v 5,871388 28,000000 40,000000
v 5,000000 29,765573 40,000000
v 5,000000 28,000000 35,664291
v 6,000000 27,000000 40,381456
v 5,871388 27,000000 41,000000
v 6,000000 27,326595 41,000000
v 5,871388 29,000000 39,000000
v 5,000000 29,000000 45,878475
v 5,000000 30,765573 39,000000
v 5,871388 28,000000 40,000000
v 6,000000 28,000000 40,193289
v 6,000000 28,326595 40,000000
v 5,890566 30,000000 10,000000
v 5,000000 34,977204 10,000000
v 5,000000 30,000000 10,978395
v 6,000000 29,000000 10,920542
v 5,890566 29,000000 11,000000
v 6,000000 29,059832 11,000000
v 5,890566 31,000000 9,000000
v 5,000000 31,000000 7,665244
v 5,000000 35,977204 9,000000
v 5,890566 30,000000 10,000000
v 6,000000 30,000000 10,102633
v 6,000000 30,059832 10,000000
v 5,787106 34,000000 12,000000
v 5,000000 37,118274 12,000000
v 5,000000 34,000000 13,072108
v 6,000000 33,000000 12,827120
v 5,787106 33,000000 13,000000
v 6,000000 33,152146 13,000000
v 5,787106 35,000000 11,000000
v 5,000000 35,000000 9,118758
v 5,000000 38,118274 11,000000
v 5,787106 34,000000 12,000000
v 6,000000 34,000000 12,266738
v 6,000000 34,152146 12,000000
v 5,926712 35,000000 37,000000
v 5,000000 36,492238 37,000000
v 5,000000 35,000000 47,912808
v 6,000000 34,000000 37,621459
v 5,926712 34,000000 38,000000
v 6,000000 34,085431 38,000000
v 6,000000 36,000000 35,406938
v 6,000000 36,700043 34,000000
v 5,020300 36,000000 34,000000
v 5,020300 35,000000 35,000000
v 5,000000 35,000000 34,980764
v 5,000000 35,061426 35,000000
v 5,926712 36,000000 36,000000
v 5,000000 36,000000 35,015335
v 5,000000 37,492238 36,000000
v 5,926712 35,000000 37,000000
v 6,000000 35,000000 37,105409
v 6,000000 35,085431 37,000000
v 6,000000 37,700043 33,000000
v 6,000000 37,000000 34,966770
v 5,020300 37,000000 33,000000
v 5,020300 36,000000 34,000000
v 5,000000 36,061426 34,000000
v 5,000000 36,000000 34,017197
v 6,000000 38,000000 19,819381
v 6,000000 33,905566 19,000000
v 5,039372 38,000000 19,000000
v 5,039372 37,000000 20,000000
v 5,000000 37,000000 19,975116
v 5,000000 37,074140 20,000000
v 6,000000 38,000000 35,531679
v 6,000000 48,130661 31,000000
v 5,186710 38,000000 31,000000
v 5,186710 37,000000 32,000000
v 5,000000 37,000000 31,564408
v 5,000000 37,210766 32,000000
v 6,000000 34,905566 18,000000
v 6,000000 39,000000 -0,214498
v 5,039372 39,000000 18,000000
v 5,039372 38,000000 19,000000
v 5,000000 38,074140 19,000000
v 5,000000 38,000000 19,216373
v 6,000000 39,000000 28,600391
v 6,000000 39,522367 28,000000
v 5,261039 39,000000 28,000000
v 5,261039 38,000000 29,000000
v 5,000000 38,000000 28,349174
v 5,000000 38,285273 29,000000
v 6,000000 49,130661 30,000000
v 6,000000 39,000000 26,970015
v 5,186710 39,000000 30,000000
v 5,186710 38,000000 31,000000
v 5,000000 38,210766 31,000000
v 5,000000 38,000000 31,153675
v 6,000000 40,522367 27,000000
v 6,000000 40,000000 26,026908
v 5,261039 40,000000 27,000000
v 5,261039 39,000000 28,000000
v 5,000000 39,285273 28,000000
v 5,000000 39,000000 28,219859
v 7,000000 10,000000 14,892201
v 7,000000 15,150599 19,000000
v 6,108440 10,000000 19,000000
v 6,108440 9,000000 20,000000
v 6,000000 9,000000 19,271087
v 6,000000 9,085527 20,000000
v 7,000000 11,000000 17,372590
v 7,000000 14,435863 16,000000
v 6,175653 11,000000 16,000000
v 6,175653 10,000000 17,000000
v 6,000000 10,000000 16,837102
v 6,000000 10,156606 17,000000
v 7,000000 16,150599 18,000000
v 7,000000 11,000000 16,987036
v 6,108440 11,000000 18,000000
v 6,108440 10,000000 19,000000
v 6,000000 10,085527 19,000000
v 6,000000 10,000000 19,088897
v 7,000000 15,435863 15,000000
v 7,000000 12,000000 12,046687
v 6,175653 12,000000 15,000000
v 6,175653 11,000000 16,000000
v 6,000000 11,156606 16,000000
v 6,000000 11,000000 16,290834
v 7,000000 23,000000 8,884496
v 7,000000 23,687553 8,000000
v 6,168146 23,000000 8,000000
v 6,168146 22,000000 9,000000
v 6,000000 22,000000 8,887709
v 6,000000 22,312200 9,000000
v 7,000000 24,687553 7,000000
v 7,000000 24,000000 5,540840
v 6,168146 24,000000 7,000000
v 6,168146 23,000000 8,000000
v 6,000000 23,312200 8,000000
v 6,000000 23,000000 8,176578
v 7,000000 28,000000 41,332842
v 7,000000 28,647836 40,000000
v 6,198096 28,000000 40,000000
v 6,198096 27,000000 41,000000
v 6,000000 27,000000 40,381456
v 6,000000 27,326595 41,000000
v 7,000000 29,647836 39,000000
v 7,000000 29,000000 37,710910
v 6,198096 29,000000 39,000000
v 6,198096 28,000000 40,000000
v 6,000000 28,326595 40,000000
v 6,000000 28,000000 40,193289
v 7,000000 30,000000 11,690414
v 7,000000 39,018094 10,000000
v 6,076400 30,000000 10,000000
v 6,076400 29,000000 11,000000
v 6,000000 29,000000 10,920542
v 6,000000 29,059832 11,000000
v 7,000000 40,018094 9,000000
v 7,000000 31,000000 6,663216
v 6,076400 31,000000 9,000000
v 6,076400 30,000000 10,000000
v 6,000000 30,059832 10,000000
v 6,000000 30,000000 10,102633
v 7,000000 34,000000 13,184984
v 7,000000 37,471392 12,000000
v 6,200850 34,000000 12,000000
v 6,200850 33,000000 13,000000
v 6,000000 33,000000 12,827120
v 6,000000 33,152146 13,000000
v 7,000000 38,471392 11,000000
v 7,000000 35,000000 8,911715
v 6,200850 35,000000 11,000000
v 6,200850 34,000000 12,000000
v 6,000000 34,152146 12,000000
v 6,000000 34,000000 12,266738
v 7,000000 35,000000 38,674715
v 7,000000 35,675745 37,000000
v 6,112783 35,000000 37,000000
v 6,112783 34,000000 38,000000
v 6,000000 34,000000 37,621459
v 6,000000 34,085431 38,000000
v 6,000000 36,000000 36,105409
v 6,651955 36,000000 37,000000
v 6,000000 36,744547 37,000000
v 7,000000 36,000000 36,634540
v 6,112783 36,000000 36,000000
v 7,000000 36,675745 36,000000
v 7,000000 35,000000 37,634540
v 6,651955 35,000000 38,000000
v 7,000000 35,399015 38,000000
v 6,000000 35,000000 37,105409
v 6,112783 35,000000 37,000000
v 6,000000 35,085431 37,000000
v 6,651955 37,000000 36,000000
v 6,000000 37,000000 35,213518
v 6,000000 37,744547 36,000000
v 6,651955 36,000000 37,000000
v 7,000000 36,000000 37,252317
v 7,000000 36,399015 37,000000
v 6,595038 38,000000 35,000000
v 6,000000 31,167675 35,000000
v 6,000000 38,000000 35,836457
v 7,000000 37,000000 35,662183
v 6,595038 37,000000 36,000000
v 7,000000 37,246946 36,000000
v 6,595038 39,000000 34,000000
v 6,000000 39,000000 33,431327
v 6,000000 32,167675 34,000000
v 6,595038 38,000000 35,000000
v 7,000000 38,000000 35,250546
v 7,000000 38,246946 35,000000
v 7,855212 11,000000 12,000000
v 7,000000 11,803971 12,000000
v 7,000000 11,000000 12,767814
v 8,000000 10,000000 12,911831
v 7,855212 10,000000 13,000000
v 8,000000 10,201577 13,000000
v 7,855212 12,000000 11,000000
v 7,000000 12,000000 8,467294
v 7,000000 12,803971 11,000000
v 7,855212 11,000000 12,000000
v 8,000000 11,000000 12,234562
v 8,000000 11,201577 12,000000
v 7,774024 19,000000 7,000000
v 7,000000 21,057115 7,000000
v 7,000000 19,000000 8,539155
v 8,000000 18,000000 7,770961
v 7,774024 18,000000 8,000000
v 8,000000 18,277482 8,000000
v 7,000000 22,057115 6,000000
v 7,774024 20,000000 6,000000
v 7,000000 20,324918 7,000000
v 7,000000 20,324918 7,000000
v 7,774024 20,000000 6,000000
v 7,779132 20,000000 7,000000
v 7,779132 19,000000 8,000000
v 8,000000 19,170505 8,000000
v 7,774024 19,000000 7,000000
v 7,774024 19,000000 7,000000
v 8,000000 19,170505 8,000000
v 8,000000 19,277482 7,000000
v 7,779132 21,000000 6,000000
v 7,000000 21,000000 4,335767
v 7,000000 21,324918 6,000000
v 7,779132 20,000000 7,000000
v 8,000000 20,000000 7,877438
v 8,000000 20,170505 7,000000
v 7,945052 24,000000 43,000000
v 7,000000 29,537354 43,000000
v 7,000000 24,000000 45,461142
v 8,000000 23,000000 43,897845
v 7,945052 23,000000 44,000000
v 8,000000 23,080816 44,000000
v 7,945052 25,000000 42,000000
v 7,000000 25,000000 38,253278
v 7,000000 30,537354 42,000000
v 7,945052 24,000000 43,000000
v 8,000000 24,000000 43,100805
v 8,000000 24,080816 43,000000
v 7,905374 29,000000 7,000000
v 7,000000 29,288864 7,000000
v 7,000000 29,000000 7,450040
v 8,000000 28,000000 7,961946
v 7,905374 28,000000 8,000000
v 8,000000 28,067381 8,000000
v 7,841723 29,000000 42,000000
v 7,000000 30,253361 42,000000
v 7,000000 29,000000 46,413254
v 8,000000 28,000000 42,593192
v 7,841723 28,000000 43,000000
v 8,000000 28,148011 43,000000
v 7,905374 30,000000 6,000000
v 7,000000 30,000000 5,621849
v 7,000000 30,288864 6,000000
v 7,905374 29,000000 7,000000
v 8,000000 29,000000 7,032515
v 8,000000 29,067381 7,000000
v 7,841723 30,000000 41,000000
v 7,000000 30,000000 40,256181
v 7,000000 31,253361 41,000000
v 7,841723 29,000000 42,000000
v 8,000000 29,000000 42,094395
v 8,000000 29,148011 42,000000
v 8,000000 36,000000 39,327348
v 8,000000 37,310334 37,000000
v 7,259320 36,000000 37,000000
v 7,259320 35,000000 38,000000
v 7,000000 35,000000 37,634540
v 7,000000 35,399015 38,000000
v 8,000000 38,310334 36,000000
v 8,000000 37,000000 34,612076
v 7,259320 37,000000 36,000000
v 7,259320 36,000000 37,000000
v 7,000000 36,399015 37,000000
v 7,000000 36,000000 37,252317
v 8,000000 38,000000 37,591684
v 8,000000 40,684358 35,000000
v 7,229876 38,000000 35,000000
v 7,229876 37,000000 36,000000
v 7,000000 37,000000 35,662183
v 7,000000 37,246946 36,000000
v 8,000000 41,684358 34,000000
v 8,000000 39,000000 35,097194
v 7,229876 39,000000 34,000000
v 7,229876 38,000000 35,000000
v 7,000000 38,246946 35,000000
v 7,000000 38,000000 35,250546
v 7,666649 42,000000 19,000000
v 7,000000 43,618310 19,000000
v 7,000000 42,000000 21,192889
v 8,000000 41,000000 19,545739
v 7,666649 41,000000 20,000000
v 8,000000 41,376307 20,000000
v 7,818712 42,000000 22,000000
v 7,000000 42,890860 22,000000
v 7,000000 42,000000 22,965091
v 7,979315 42,000000 23,000000
v 7,000000 35,066379 23,000000
v 7,000000 42,000000 24,303509
v 7,818712 41,000000 23,000000
v 8,000000 42,125447 23,000000
v 8,000000 41,000000 22,893992
v 8,000000 41,000000 23,988497
v 7,979315 41,000000 24,000000
v 8,000000 41,017478 24,000000
v 7,666649 43,000000 18,000000
v 7,000000 43,000000 16,677570
v 7,000000 44,618310 18,000000
v 7,666649 42,000000 19,000000
v 8,000000 42,000000 19,323212
v 8,000000 42,376307 19,000000
v 7,818712 43,000000 21,000000
v 7,000000 43,000000 17,943826
v 7,000000 43,890860 21,000000
v 7,000000 36,066379 22,000000
v 7,979315 43,000000 22,000000
v 7,000000 43,000000 2,720139
v 8,000000 43,125447 22,000000
v 7,818712 42,000000 22,000000
v 8,000000 42,000000 22,350823
v 7,979315 42,000000 23,000000
v 8,000000 42,000000 23,197633
v 8,000000 42,017478 23,000000
v 8,794688 7,000000 17,000000
v 8,000000 9,062409 17,000000
v 8,000000 7,000000 19,947499
v 9,000000 6,000000 17,668127
v 8,794688 6,000000 18,000000
v 9,000000 6,322758 18,000000
v 8,702637 8,000000 15,000000
v 8,000000 8,560764 15,000000
v 8,000000 8,000000 15,645950
v 9,000000 7,000000 15,648570
v 8,702637 7,000000 16,000000
v 9,000000 7,335675 16,000000
v 8,794688 8,000000 16,000000
v 8,000000 8,000000 14,414802
v 8,000000 10,062409 16,000000
v 8,794688 7,000000 17,000000
v 9,000000 7,000000 17,211219
v 9,000000 7,322758 17,000000
v 8,702637 9,000000 14,000000
v 8,000000 9,000000 13,019398
v 8,000000 9,560764 14,000000
v 8,702637 8,000000 15,000000
v 9,000000 8,000000 15,255636
v 9,000000 8,335675 15,000000
v 9,000000 11,000000 14,418440
v 9,000000 12,321909 12,000000
v 8,104969 11,000000 12,000000
v 8,104969 10,000000 13,000000
v 8,000000 10,000000 12,911831
v 8,000000 10,201577 13,000000
v 8,702182 11,000000 38,000000
v 8,000000 12,285518 38,000000
v 8,000000 11,000000 39,124322
v 9,000000 10,000000 38,742471
v 8,702182 10,000000 39,000000
v 9,000000 10,367639 39,000000
v 9,000000 13,321909 11,000000
v 9,000000 12,000000 6,664477
v 8,104969 12,000000 11,000000
v 8,104969 11,000000 12,000000
v 8,000000 11,201577 12,000000
v 8,000000 11,000000 12,234562
v 8,702182 12,000000 37,000000
v 8,000000 12,000000 34,563852
v 8,000000 13,285518 37,000000
v 8,702182 11,000000 38,000000
v 9,000000 11,000000 38,446583
v 9,000000 11,367639 38,000000
v 8,616640 16,000000 41,000000
v 8,000000 13,030676 41,000000
v 8,000000 16,000000 41,597748
v 9,000000 15,000000 41,716468
v 8,616640 15,000000 42,000000
v 9,000000 15,355127 42,000000
v 8,616640 17,000000 40,000000
v 8,000000 17,000000 36,686641
v 8,000000 14,030676 40,000000
v 8,616640 16,000000 41,000000
v 9,000000 16,000000 41,200599
v 9,000000 16,355127 41,000000
v 9,000000 19,000000 7,617096
v 9,000000 19,700108 7,000000
v 8,392978 19,000000 7,000000
v 8,392978 18,000000 8,000000
v 8,000000 18,000000 7,770961
v 8,000000 18,277482 8,000000
v 9,000000 21,734418 7,000000
v 8,091768 20,000000 7,000000
v 9,000000 20,700108 6,000000
v 9,000000 20,700108 6,000000
v 8,091768 20,000000 7,000000
v 8,392978 20,000000 6,000000
v 8,000000 19,170505 8,000000
v 8,091768 19,000000 8,000000
v 8,000000 19,277482 7,000000
v 8,000000 19,277482 7,000000
v 8,091768 19,000000 8,000000
v 8,392978 19,000000 7,000000
v 9,000000 22,734418 6,000000
v 9,000000 21,000000 2,584064
v 8,091768 21,000000 6,000000
v 8,091768 20,000000 7,000000
v 8,000000 20,170505 7,000000
v 8,000000 20,000000 7,877438
v 9,000000 24,000000 41,339252
v 9,000000 24,182500 43,000000
v 8,349677 24,000000 43,000000
v 8,349677 23,000000 44,000000
v 8,000000 23,000000 43,897845
v 8,000000 23,080816 44,000000
v 9,000000 25,182500 42,000000
v 9,000000 25,000000 41,602041
v 8,349677 25,000000 42,000000
v 8,349677 24,000000 43,000000
v 8,000000 24,080816 43,000000
v 8,000000 24,000000 43,100805
v 8,916696 26,000000 43,000000
v 8,000000 26,302994 43,000000
v 8,000000 26,000000 43,633706
v 9,000000 25,000000 43,954081
v 8,916696 25,000000 44,000000
v 9,000000 25,032531 44,000000
v 8,916696 27,000000 42,000000
v 8,000000 27,000000 41,740668
v 8,000000 27,302994 42,000000
v 8,916696 26,000000 43,000000
v 9,000000 26,000000 43,020261
v 9,000000 26,032531 43,000000
v 9,000000 29,000000 10,125438
v 9,000000 32,315981 7,000000
v 8,024045 29,000000 7,000000
v 8,024045 28,000000 8,000000
v 8,000000 28,000000 7,961946
v 8,000000 28,067381 8,000000
v 9,000000 29,000000 48,858507
v 9,000000 30,650315 42,000000
v 8,122753 29,000000 42,000000
v 8,122753 28,000000 43,000000
v 8,000000 28,000000 42,593192
v 8,000000 28,148011 43,000000
v 9,000000 33,315981 6,000000
v 9,000000 30,000000 3,441624
v 8,024045 30,000000 6,000000
v 8,024045 29,000000 7,000000
v 8,000000 29,067381 7,000000
v 8,000000 29,000000 7,032515
v 9,000000 31,650315 41,000000
v 9,000000 30,000000 37,034323
v 8,122753 30,000000 41,000000
v 8,122753 29,000000 42,000000
v 8,000000 29,148011 42,000000
v 8,000000 29,000000 42,094395
v 8,827857 32,000000 7,000000
v 8,000000 32,394636 7,000000
v 8,000000 32,000000 7,689318
v 9,000000 31,000000 7,895366
v 8,827857 31,000000 8,000000
v 9,000000 31,217317 8,000000
v 8,827857 33,000000 6,000000
v 8,000000 33,000000 5,050531
v 8,000000 33,394636 6,000000
v 8,827857 32,000000 7,000000
v 9,000000 32,000000 7,087756
v 9,000000 32,217317 7,000000
v 8,657226 36,000000 39,000000
v 8,000000 36,192166 39,000000
v 8,000000 36,000000 39,147073
v 9,000000 35,000000 39,931907
v 8,657226 35,000000 40,000000
v 9,000000 35,149837 40,000000
v 8,657226 37,000000 38,000000
v 8,000000 37,000000 37,708758
v 8,000000 37,192166 38,000000
v 8,657226 36,000000 39,000000
v 9,000000 36,000000 39,164305
v 9,000000 36,149837 39,000000
v 8,698285 39,000000 12,000000
v 8,000000 40,139520 12,000000
v 8,000000 39,000000 15,004366
v 9,000000 38,000000 12,686556
v 8,698285 38,000000 13,000000
v 9,000000 38,466368 13,000000
v 8,698285 40,000000 11,000000
v 8,000000 40,000000 9,350366
v 8,000000 41,139520 11,000000
v 8,698285 39,000000 12,000000
v 9,000000 39,000000 12,341550
v 9,000000 39,466368 12,000000
v 8,888910 42,000000 16,000000
v 8,000000 43,743015 16,000000
v 8,000000 42,000000 20,146706
v 8,813273 42,000000 17,000000
v 8,000000 18,975327 17,000000
v 8,000000 42,000000 19,424097
v 8,888910 41,000000 17,000000
v 9,000000 39,913755 17,000000
v 9,000000 41,000000 16,764905
v 9,000000 41,000000 17,754945
v 8,813273 41,000000 18,000000
v 9,000000 41,195892 18,000000
v 9,000000 42,000000 20,233499
v 9,000000 43,361727 19,000000
v 8,430733 42,000000 19,000000
v 8,430733 41,000000 20,000000
v 8,000000 41,000000 19,545739
v 8,000000 41,376307 20,000000
v 9,000000 42,000000 23,198310
v 9,000000 43,532628 22,000000
v 8,129609 42,000000 22,000000
v 9,000000 -528,622550 23,000000
v 8,016299 42,000000 23,000000
v 9,000000 42,000000 24,069544
v 8,000000 42,125447 23,000000
v 8,129609 41,000000 23,000000
v 8,000000 41,000000 22,893992
v 8,016299 41,000000 24,000000
v 8,000000 41,000000 23,988497
v 8,000000 41,017478 24,000000
v 8,888910 43,000000 15,000000
v 8,000000 43,000000 13,546554
v 8,000000 44,743015 15,000000
v 8,000000 19,975327 16,000000
v 8,813273 43,000000 16,000000
v 8,000000 43,000000 13,594741
v 9,000000 40,913755 16,000000
v 8,888910 42,000000 16,000000
v 9,000000 42,000000 16,106899
v 8,813273 42,000000 17,000000
v 9,000000 42,000000 17,263077
v 9,000000 42,195892 17,000000
v 9,000000 44,361727 18,000000
v 9,000000 43,000000 17,240241
v 8,430733 43,000000 18,000000
v 8,430733 42,000000 19,000000
v 8,000000 42,376307 19,000000
v 8,000000 42,000000 19,323212
v 8,000000 43,000000 21,350823
v 8,914112 43,000000 22,000000
v 8,000000 43,299770 22,000000
v 9,000000 43,000000 21,974763
v 8,129609 43,000000 21,000000
v 9,000000 44,532628 21,000000
v 9,000000 42,000000 22,974763
v 8,914112 42,000000 23,000000
v 9,000000 42,082845 23,000000
v 8,129609 42,000000 22,000000
v 8,000000 43,125447 22,000000
v 8,000000 42,000000 22,350823
v 8,016299 43,000000 22,000000
v 9,000000 -527,622550 22,000000
v 9,000000 43,000000 23,400791
v 8,016299 42,000000 23,000000
v 8,000000 42,017478 23,000000
v 8,000000 42,000000 23,197633
v 8,551590 43,000000 27,000000
v 8,000000 43,574591 27,000000
v 8,000000 43,000000 27,484847
v 9,000000 42,000000 27,739558
v 8,551590 42,000000 28,000000
v 9,000000 42,292191 28,000000
v 8,819801 43,000000 29,000000
v 8,000000 43,947726 29,000000
v 8,000000 43,000000 27,862980
v 9,000000 42,000000 29,766361
v 8,819801 42,000000 30,000000
v 9,000000 42,175447 30,000000
v 8,914112 44,000000 21,000000
v 8,000000 44,000000 20,632706
v 8,000000 44,299770 21,000000
v 8,914112 43,000000 22,000000
v 9,000000 43,000000 22,036642
v 9,000000 43,082845 22,000000
v 8,551590 44,000000 26,000000
v 8,000000 44,000000 25,303778
v 8,000000 44,574591 26,000000
v 8,551590 43,000000 27,000000
v 9,000000 43,000000 27,345219
v 9,000000 43,292191 27,000000
v 8,819801 44,000000 28,000000
v 8,000000 44,000000 27,427422
v 8,000000 44,947726 28,000000
v 8,819801 43,000000 29,000000
v 9,000000 43,000000 29,090799
v 9,000000 43,175447 29,000000
v 9,561598 6,000000 17,000000
v 9,000000 6,669739 17,000000
v 9,000000 6,000000 17,515761
v 9,555111 6,000000 18,000000
v 9,000000 0,438199 18,000000
v 9,000000 6,000000 19,261000
v 9,561598 5,000000 18,000000
v 10,000000 1,027225 18,000000
v 10,000000 5,000000 17,681636
v 10,000000 5,000000 18,321705
v 9,555111 5,000000 19,000000
v 10,000000 5,458239 19,000000
v 9,561598 7,000000 16,000000
v 9,000000 7,000000 16,668127
v 9,000000 7,669739 16,000000
v 9,354595 7,000000 17,000000
v 10,000000 7,000000 16,463359
v 10,000000 7,819025 17,000000
v 9,561598 6,000000 17,000000
v 10,000000 6,000000 17,463359
v 10,000000 2,027225 17,000000
v 9,000000 6,000000 17,668127
v 9,000000 6,322758 18,000000
v 9,354595 6,000000 18,000000
v 9,000000 7,000000 23,890341
v 9,000000 1,438199 17,000000
v 9,555111 7,000000 17,000000
v 9,555111 6,000000 18,000000
v 10,000000 6,000000 18,383399
v 10,000000 6,458239 18,000000
v 9,687962 7,000000 33,000000
v 9,000000 7,111769 33,000000
v 9,000000 7,000000 33,109256
v 10,000000 6,000000 33,947398
v 9,687962 6,000000 34,000000
v 10,000000 6,054953 34,000000
v 9,716283 8,000000 14,000000
v 9,000000 11,298230 14,000000
v 9,000000 8,000000 15,447075
v 9,434512 8,000000 15,000000
v 10,000000 8,000000 16,120615
v 9,716283 7,000000 15,000000
v 9,716283 7,000000 15,000000
v 10,000000 8,000000 16,120615
v 10,000000 7,000000 14,739706
v 9,434512 7,000000 16,000000
v 9,000000 7,000000 15,648570
v 9,000000 7,335675 16,000000
v 10,000000 8,819025 16,000000
v 10,000000 8,000000 15,419663
v 9,354595 8,000000 16,000000
v 9,354595 7,000000 17,000000
v 9,000000 7,322758 17,000000
v 9,000000 7,000000 17,211219
v 9,687962 8,000000 32,000000
v 9,000000 8,000000 31,862342
v 9,000000 8,111769 32,000000
v 9,687962 7,000000 33,000000
v 10,000000 7,000000 33,056594
v 10,000000 7,054953 33,000000
v 9,819750 9,000000 13,000000
v 9,000000 10,114852 13,000000
v 9,000000 9,000000 14,778633
v 10,000000 8,000000 13,679687
v 9,819750 8,000000 14,000000
v 10,000000 8,143329 14,000000
v 9,000000 9,000000 6,690858
v 9,000000 12,298230 13,000000
v 9,716283 9,000000 13,000000
v 10,000000 9,000000 13,752204
v 9,434512 9,000000 14,000000
v 10,000000 8,000000 14,265406
v 10,000000 8,000000 14,265406
v 9,434512 9,000000 14,000000
v 9,716283 8,000000 14,000000
v 9,434512 8,000000 15,000000
v 9,000000 8,335675 15,000000
v 9,000000 8,000000 15,255636
v 9,819750 10,000000 12,000000
v 9,000000 10,000000 13,894900
v 9,000000 11,114852 12,000000
v 9,819750 9,000000 13,000000
v 10,000000 9,000000 13,094776
v 10,000000 9,143329 13,000000
v 10,000000 11,000000 38,853383
v 10,000000 11,972666 38,000000
v 9,342539 11,000000 38,000000
v 9,342539 10,000000 39,000000
v 9,000000 10,000000 38,742471
v 9,000000 10,367639 39,000000
v 9,830383 12,000000 9,000000
v 9,000000 15,067764 9,000000
v 9,000000 12,000000 10,707100
v 10,000000 11,000000 9,779611
v 9,830383 11,000000 10,000000
v 10,000000 11,184118 10,000000
v 10,000000 12,972666 37,000000
v 10,000000 12,000000 35,180192
v 9,342539 12,000000 37,000000
v 9,342539 11,000000 38,000000
v 9,000000 11,367639 38,000000
v 9,000000 11,000000 38,446583
v 9,830383 13,000000 8,000000
v 9,000000 13,000000 4,747795
v 9,000000 16,067764 8,000000
v 9,830383 12,000000 9,000000
v 10,000000 12,000000 9,290522
v 10,000000 12,184118 9,000000
v 9,996968 13,000000 41,000000
v 9,000000 21,633345 41,000000
v 9,000000 13,000000 44,917599
v 10,000000 12,000000 41,994122
v 9,996968 12,000000 42,000000
v 10,000000 12,003008 42,000000
v 9,996968 14,000000 40,000000
v 9,000000 14,000000 35,544093
v 9,000000 22,633345 40,000000
v 9,996968 13,000000 41,000000
v 10,000000 13,000000 41,009036
v 10,000000 13,003008 41,000000
v 10,000000 16,000000 36,124795
v 10,000000 17,429565 41,000000
v 9,191235 16,000000 41,000000
v 9,191235 15,000000 42,000000
v 9,000000 15,000000 41,716468
v 9,000000 15,355127 42,000000
v 10,000000 18,429565 40,000000
v 10,000000 17,000000 38,370134
v 9,191235 17,000000 40,000000
v 9,191235 16,000000 41,000000
v 9,000000 16,355127 41,000000
v 9,000000 16,000000 41,200599
v 9,535707 18,000000 43,000000
v 9,000000 18,788475 43,000000
v 9,000000 18,000000 43,817922
v 10,000000 17,000000 43,622411
v 9,535707 17,000000 44,000000
v 10,000000 17,435310 44,000000
v 9,535707 19,000000 42,000000
v 9,000000 19,000000 41,041063
v 9,000000 19,788475 42,000000
v 9,535707 18,000000 43,000000
v 10,000000 18,000000 43,421256
v 10,000000 18,435310 43,000000
v 9,900175 22,000000 5,000000
v 9,000000 24,563961 5,000000
v 9,000000 22,000000 6,073782
v 10,000000 21,000000 5,925543
v 9,900175 21,000000 6,000000
v 10,000000 21,087836 6,000000
v 9,900175 23,000000 4,000000
v 9,000000 23,000000 -2,078236
v 9,000000 25,563961 4,000000
v 9,900175 22,000000 5,000000
v 10,000000 22,000000 5,303243
v 10,000000 22,087836 5,000000
v 9,570027 23,000000 44,000000
v 9,000000 21,892749 44,000000
v 9,000000 23,000000 51,072873
v 10,000000 22,000000 44,638533
v 9,570027 22,000000 45,000000
v 10,000000 22,480230 45,000000
v 9,570027 24,000000 43,000000
v 9,000000 24,000000 41,477984
v 9,000000 22,892749 43,000000
v 9,570027 23,000000 44,000000
v 10,000000 23,000000 44,386591
v 10,000000 23,480230 44,000000
v 10,000000 26,000000 48,594900
v 10,000000 28,400704 43,000000
v 9,018242 26,000000 43,000000
v 9,018242 25,000000 44,000000
v 9,000000 25,000000 43,954081
v 9,000000 25,032531 44,000000
v 10,000000 29,400704 42,000000
v 10,000000 27,000000 40,001431
v 9,018242 27,000000 42,000000
v 9,018242 26,000000 43,000000
v 9,000000 26,032531 43,000000
v 9,000000 26,000000 43,020261
v 9,641973 28,000000 5,000000
v 9,000000 29,415096 5,000000
v 9,000000 28,000000 3,883655
v 10,000000 27,000000 5,494817
v 9,641973 27,000000 6,000000
v 10,000000 27,361936 6,000000
v 9,641973 29,000000 4,000000
v 9,000000 29,000000 2,789317
v 9,000000 30,415096 4,000000
v 9,641973 28,000000 5,000000
v 10,000000 28,000000 5,362034
v 10,000000 28,361936 5,000000
v 9,729980 30,000000 43,000000
v 9,000000 30,312366 43,000000
v 9,000000 30,000000 43,300186
v 10,000000 29,000000 43,910130
v 9,729980 29,000000 44,000000
v 10,000000 29,139778 44,000000
v 9,729980 31,000000 42,000000
v 9,000000 31,000000 41,462089
v 9,000000 31,312366 42,000000
v 9,729980 30,000000 43,000000
v 10,000000 30,000000 43,458504
v 10,000000 30,139778 43,000000
v 10,000000 32,000000 10,151549
v 10,000000 27,966159 7,000000
v 9,064317 32,000000 7,000000
v 9,064317 31,000000 8,000000
v 9,000000 31,000000 7,895366
v 9,000000 31,217317 8,000000
v 10,000000 28,966159 6,000000
v 10,000000 33,000000 9,584778
v 9,064317 33,000000 6,000000
v 9,064317 32,000000 7,000000
v 9,000000 32,217317 7,000000
v 9,000000 32,000000 7,087756
v 9,962354 34,000000 7,000000
v 9,000000 34,476978 7,000000
v 9,000000 34,000000 8,415105
v 10,000000 33,000000 7,977789
v 9,962354 33,000000 8,000000
v 10,000000 33,078422 8,000000
v 9,962354 35,000000 6,000000
v 9,000000 35,000000 5,250466
v 9,000000 35,476978 6,000000
v 9,962354 34,000000 7,000000
v 10,000000 34,000000 7,041923
v 10,000000 34,078422 7,000000
v 10,000000 36,000000 40,046468
v 10,000000 37,068803 39,000000
v 9,071669 36,000000 39,000000
v 9,071669 35,000000 40,000000
v 9,000000 35,000000 39,931907
v 9,000000 35,149837 40,000000
v 10,000000 38,068803 38,000000
v 10,000000 37,000000 33,479218
v 9,071669 37,000000 38,000000
v 9,071669 36,000000 39,000000
v 9,000000 36,149837 39,000000
v 9,000000 36,000000 39,164305
v 10,000000 39,000000 13,029004
v 10,000000 39,808680 12,000000
v 9,358322 39,000000 12,000000
v 9,358322 38,000000 13,000000
v 9,000000 38,000000 12,686556
v 9,000000 38,466368 13,000000
v 10,000000 40,808680 11,000000
v 10,000000 40,000000 9,841395
v 9,358322 40,000000 11,000000
v 9,358322 39,000000 12,000000
v 9,000000 39,466368 12,000000
v 9,000000 39,000000 12,341550
v 9,713071 41,000000 35,000000
v 9,000000 41,550908 35,000000
v 9,000000 41,000000 40,691498
v 10,000000 40,000000 35,758977
v 9,713071 40,000000 36,000000
v 10,000000 40,331150 36,000000
v 10,000000 42,000000 17,266864
v 10,000000 54,684013 16,000000
v 9,256375 42,000000 16,000000
v 10,000000 28,325400 17,000000
v 9,380318 42,000000 17,000000
v 10,000000 42,000000 17,552630
v 9,000000 39,913755 17,000000
v 9,256375 41,000000 17,000000
v 9,000000 41,000000 16,764905
v 9,380318 41,000000 18,000000
v 9,000000 41,000000 17,754945
v 9,000000 41,195892 18,000000
v 9,713071 42,000000 34,000000
v 9,000000 42,000000 33,352566
v 9,000000 42,550908 34,000000
v 9,713071 41,000000 35,000000
v 10,000000 41,000000 35,175446
v 10,000000 41,331150 35,000000
v 10,000000 55,684013 15,000000
v 10,000000 43,000000 14,620496
v 9,256375 43,000000 15,000000
v 9,256375 42,000000 16,000000
v 9,000000 40,913755 16,000000
v 9,000000 42,000000 16,106899
v 9,380318 43,000000 16,000000
v 10,000000 29,325400 16,000000
v 10,000000 43,000000 15,343375
v 9,380318 42,000000 17,000000
v 9,000000 42,195892 17,000000
v 9,000000 42,000000 17,263077
v 10,000000 43,000000 23,910034
v 10,000000 44,740012 22,000000
v 9,021360 43,000000 22,000000
v 9,021360 42,000000 23,000000
v 9,000000 42,000000 22,974763
v 9,000000 42,082845 23,000000
v 10,000000 43,000000 28,793812
v 10,000000 45,165325 27,000000
v 9,231833 43,000000 27,000000
v 9,231833 42,000000 28,000000
v 9,000000 42,000000 27,739558
v 9,000000 42,292191 28,000000
v 10,000000 43,000000 33,908311
v 10,000000 45,225931 29,000000
v 9,097939 43,000000 29,000000
v 9,097939 42,000000 30,000000
v 9,000000 42,000000 29,766361
v 9,000000 42,175447 30,000000
v 10,000000 45,740012 21,000000
v 10,000000 44,000000 22,499000
v 9,021360 44,000000 21,000000
v 9,021360 43,000000 22,000000
v 9,000000 43,082845 22,000000
v 9,000000 43,000000 22,036642
v 10,000000 46,165325 26,000000
v 10,000000 44,000000 23,325381
v 9,231833 44,000000 26,000000
v 9,231833 43,000000 27,000000
v 9,000000 43,292191 27,000000
v 9,000000 43,000000 27,345219
v 10,000000 46,225931 28,000000
v 10,000000 44,000000 25,955649
v 9,097939 44,000000 28,000000
v 9,097939 43,000000 29,000000
v 9,000000 43,175447 29,000000
v 9,000000 43,000000 29,090799
v 10,892958 4,000000 27,000000
v 10,000000 5,140677 27,000000
v 10,000000 4,000000 28,345966
v 11,000000 3,000000 27,872517
v 10,892958 3,000000 28,000000
v 11,000000 3,290214 28,000000
v 10,892958 5,000000 26,000000
v 10,000000 5,000000 23,185019
v 10,000000 6,140677 26,000000
v 10,892958 4,000000 27,000000
v 11,000000 4,000000 27,170464
v 11,000000 4,290214 27,000000
v 11,000000 6,000000 17,451072
v 11,000000 -0,053420 17,000000
v 10,536124 6,000000 17,000000
v 11,000000 3,075178 18,000000
v 10,487718 6,000000 18,000000
v 11,000000 6,000000 39,517258
v 10,000000 1,027225 18,000000
v 10,536124 5,000000 18,000000
v 10,000000 5,000000 17,681636
v 10,487718 5,000000 19,000000
v 10,000000 5,000000 18,321705
v 10,000000 5,458239 19,000000
v 10,254012 6,000000 32,000000
v 10,000000 6,373420 32,000000
v 10,000000 6,000000 32,038842
v 11,000000 5,000000 32,864907
v 10,254012 5,000000 33,000000
v 11,000000 5,133227 33,000000
v 11,000000 0,946580 16,000000
v 11,000000 7,000000 15,404979
v 10,536124 7,000000 16,000000
v 10,536124 6,000000 17,000000
v 10,000000 2,027225 17,000000
v 10,000000 6,000000 17,463359
v 10,487718 7,000000 17,000000
v 11,000000 4,075178 17,000000
v 11,000000 7,000000 16,384327
v 10,487718 6,000000 18,000000
v 10,000000 6,458239 18,000000
v 10,000000 6,000000 18,383399
v 10,254012 7,000000 31,000000
v 10,000000 7,000000 30,968082
v 10,000000 7,373420 31,000000
v 11,000000 7,000000 31,312188
v 11,000000 1,788185 33,000000
v 10,032479 7,000000 33,000000
v 11,000000 6,000000 32,071934
v 11,000000 6,133227 32,000000
v 10,254012 6,000000 32,000000
v 10,032479 6,000000 34,000000
v 10,000000 6,000000 33,947398
v 10,000000 6,054953 34,000000
v 11,000000 8,000000 15,537517
v 11,000000 11,371284 14,000000
v 10,245631 8,000000 14,000000
v 10,245631 7,000000 15,000000
v 10,000000 7,000000 14,739706
v 10,000000 7,499521 15,000000
v 11,000000 2,788185 32,000000
v 11,000000 8,000000 28,403814
v 10,032479 8,000000 32,000000
v 10,032479 7,000000 33,000000
v 10,000000 7,054953 33,000000
v 10,000000 7,000000 33,056594
v 11,000000 9,000000 18,550940
v 11,000000 11,643959 13,000000
v 10,120678 9,000000 13,000000
v 10,120678 8,000000 14,000000
v 10,000000 8,000000 13,679687
v 10,000000 8,143329 14,000000
v 10,245631 9,000000 13,000000
v 11,000000 12,371284 13,000000
v 11,000000 9,000000 11,421376
v 10,245631 8,000000 14,000000
v 10,000000 8,499521 14,000000
v 10,000000 8,000000 14,265406
v 10,922443 9,000000 37,000000
v 10,000000 9,551056 37,000000
v 10,000000 9,000000 38,366676
v 11,000000 8,000000 37,891790
v 10,922443 8,000000 38,000000
v 11,000000 8,111599 38,000000
v 11,000000 12,643959 12,000000
v 11,000000 10,000000 10,864415
v 10,120678 10,000000 12,000000
v 10,120678 9,000000 13,000000
v 10,000000 9,143329 13,000000
v 10,000000 9,000000 13,094776
v 10,922443 10,000000 36,000000
v 10,000000 10,000000 35,385708
v 10,000000 10,551056 36,000000
v 10,922443 9,000000 37,000000
v 11,000000 9,000000 37,038343
v 11,000000 9,111599 37,000000
v 10,000000 11,721893 9,000000
v 10,000000 12,000000 8,779611
v 11,000000 11,956100 9,000000
v 11,000000 11,956100 9,000000
v 10,000000 12,000000 8,779611
v 11,000000 12,000000 8,918486
v 10,000000 11,000000 9,779611
v 10,000000 11,184118 10,000000
v 11,000000 11,000000 9,918486
v 11,000000 11,000000 9,918486
v 10,000000 11,184118 10,000000
v 11,000000 11,022146 10,000000
v 10,000000 13,000000 8,290522
v 10,000000 12,721893 8,000000
v 11,000000 13,000000 8,027385
v 11,000000 13,000000 8,027385
v 10,000000 12,721893 8,000000
v 11,000000 12,956100 8,000000
v 10,000000 12,184118 9,000000
v 10,000000 12,000000 9,290522
v 11,000000 12,022146 9,000000
v 11,000000 12,022146 9,000000
v 10,000000 12,000000 9,290522
v 11,000000 12,000000 9,027385
v 11,000000 13,000000 43,884303
v 11,000000 15,666309 41,000000
v 10,006691 13,000000 41,000000
v 10,006691 12,000000 42,000000
v 10,000000 12,000000 41,994122
v 10,000000 12,003008 42,000000
v 10,933334 14,000000 7,000000
v 10,000000 17,926772 7,000000
v 10,000000 14,000000 8,164572
v 11,000000 13,000000 7,948073
v 10,933334 13,000000 8,000000
v 11,000000 13,053586 8,000000
v 11,000000 16,666309 40,000000
v 11,000000 14,000000 36,108061
v 10,006691 14,000000 40,000000
v 10,006691 13,000000 41,000000
v 10,000000 13,003008 41,000000
v 10,000000 13,000000 41,009036
v 10,938865 15,000000 6,000000
v 10,000000 17,219524 6,000000
v 10,000000 15,000000 -6,269216
v 11,000000 14,000000 6,832987
v 10,938865 14,000000 7,000000
v 11,000000 14,194522 7,000000
v 10,000000 15,000000 1,260694
v 10,000000 18,926772 6,000000
v 10,933334 15,000000 6,000000
v 10,933334 14,000000 7,000000
v 11,000000 14,000000 7,162429
v 11,000000 14,053586 7,000000
v 10,938865 16,000000 5,000000
v 10,000000 16,000000 6,346985
v 10,000000 18,219524 5,000000
v 10,938865 15,000000 6,000000
v 11,000000 15,000000 6,169144
v 11,000000 15,194522 6,000000
v 10,935578 17,000000 6,000000
v 10,000000 17,205383 6,000000
v 10,000000 17,000000 6,923835
v 11,000000 16,000000 6,974061
v 10,935578 16,000000 7,000000
v 11,000000 16,011277 7,000000
v 10,935578 18,000000 5,000000
v 10,000000 18,000000 4,815872
v 10,000000 18,205383 5,000000
v 10,935578 17,000000 6,000000
v 11,000000 17,000000 6,010085
v 11,000000 17,011277 6,000000
v 11,000000 18,000000 44,529173
v 11,000000 19,471326 43,000000
v 10,352707 18,000000 43,000000
v 10,352707 17,000000 44,000000
v 10,000000 17,000000 43,622411
v 10,000000 17,435310 44,000000
v 11,000000 20,471326 42,000000
v 11,000000 19,000000 40,192973
v 10,352707 19,000000 42,000000
v 10,352707 18,000000 43,000000
v 10,000000 18,435310 43,000000
v 10,000000 18,000000 43,421256
v 10,954412 21,000000 45,000000
v 10,000000 24,476897 45,000000
v 10,000000 21,000000 48,016051
v 11,000000 20,000000 45,930490
v 10,954412 20,000000 46,000000
v 11,000000 20,063906 46,000000
v 11,000000 22,000000 5,826875
v 11,000000 23,939120 5,000000
v 10,118678 22,000000 5,000000
v 10,118678 21,000000 6,000000
v 10,000000 21,000000 5,925543
v 10,000000 21,087836 6,000000
v 10,954412 22,000000 44,000000
v 10,000000 22,000000 51,915343
v 10,000000 25,476897 44,000000
v 10,954412 21,000000 45,000000
v 11,000000 21,000000 45,070292
v 11,000000 21,063906 45,000000
v 11,000000 24,939120 4,000000
v 11,000000 23,000000 -0,547225
v 10,118678 23,000000 4,000000
v 10,118678 22,000000 5,000000
v 10,000000 22,087836 5,000000
v 10,000000 22,000000 5,303243
v 11,000000 23,000000 45,424237
v 11,000000 24,072962 44,000000
v 10,361233 23,000000 44,000000
v 10,361233 22,000000 45,000000
v 10,000000 22,000000 44,638533
v 10,000000 22,480230 45,000000
v 11,000000 25,072962 43,000000
v 11,000000 24,000000 41,549403
v 10,361233 24,000000 43,000000
v 10,361233 23,000000 44,000000
v 10,000000 23,480230 44,000000
v 10,000000 23,000000 44,386591
v 10,694169 26,000000 4,000000
v 10,000000 26,622988 4,000000
v 10,000000 26,000000 4,693619
v 11,000000 25,000000 4,801708
v 10,694169 25,000000 5,000000
v 11,000000 25,355771 5,000000
v 10,694169 27,000000 3,000000
v 10,000000 27,000000 1,875664
v 10,000000 27,622988 3,000000
v 10,694169 26,000000 4,000000
v 11,000000 26,000000 4,290021
v 11,000000 26,355771 4,000000
v 11,000000 28,000000 6,199706
v 11,000000 28,877195 5,000000
v 10,470097 28,000000 5,000000
v 10,470097 27,000000 6,000000
v 10,000000 27,000000 5,494817
v 10,000000 27,361936 6,000000
v 11,000000 29,877195 4,000000
v 11,000000 29,000000 3,264409
v 10,470097 29,000000 4,000000
v 10,470097 28,000000 5,000000
v 10,000000 28,361936 5,000000
v 10,000000 28,000000 5,362034
v 11,000000 30,000000 45,053406
v 11,000000 32,150875 43,000000
v 10,077345 30,000000 43,000000
v 10,077345 29,000000 44,000000
v 10,000000 29,000000 43,910130
v 10,000000 29,139778 44,000000
v 11,000000 33,150875 42,000000
v 11,000000 31,000000 44,159788
v 10,077345 31,000000 42,000000
v 10,077345 30,000000 43,000000
v 10,000000 30,139778 43,000000
v 10,000000 30,000000 43,458504
v 10,842343 33,000000 6,000000
v 10,000000 34,675505 6,000000
v 10,000000 33,000000 9,284185
v 11,000000 32,000000 6,682756
v 10,842343 32,000000 7,000000
v 11,000000 32,110005 7,000000
v 10,798742 33,000000 43,000000
v 10,000000 45,305078 43,000000
v 10,000000 33,000000 41,918556
v 11,000000 32,000000 43,779870
v 10,798742 32,000000 44,000000
v 11,000000 32,154611 44,000000
v 10,842343 34,000000 5,000000
v 10,000000 34,000000 3,846741
v 10,000000 35,675505 5,000000
v 11,000000 34,000000 7,484408
v 11,000000 34,511557 7,000000
v 10,054364 34,000000 7,000000
v 11,000000 33,000000 6,113621
v 11,000000 33,110005 6,000000
v 10,842343 33,000000 6,000000
v 10,054364 33,000000 8,000000
v 10,000000 33,000000 7,977789
v 10,000000 33,078422 8,000000
v 10,798742 34,000000 42,000000
v 10,000000 34,000000 38,810483
v 10,000000 46,305078 42,000000
v 10,798742 33,000000 43,000000
v 11,000000 33,000000 43,395251
v 11,000000 33,154611 43,000000
v 10,000000 35,000000 6,041923
v 10,800395 35,000000 7,000000
v 10,000000 35,693272 7,000000
v 11,000000 35,000000 6,753216
v 10,054364 35,000000 6,000000
v 11,000000 35,511557 6,000000
v 11,000000 34,000000 7,753216
v 10,800395 34,000000 8,000000
v 11,000000 34,113291 8,000000
v 10,000000 34,000000 7,041923
v 10,054364 34,000000 7,000000
v 10,000000 34,078422 7,000000
v 10,800395 36,000000 6,000000
v 10,000000 36,000000 5,551839
v 10,000000 36,693272 6,000000
v 10,800395 35,000000 7,000000
v 11,000000 35,000000 7,084595
v 11,000000 35,113291 7,000000
v 11,000000 41,000000 37,671088
v 11,000000 42,465661 35,000000
v 10,161432 41,000000 35,000000
v 10,161432 40,000000 36,000000
v 10,000000 40,000000 35,758977
v 10,000000 40,331150 36,000000
v 10,858021 42,000000 14,000000
v 10,000000 45,172292 14,000000
v 10,000000 42,000000 16,060539
v 11,000000 41,000000 14,809412
v 10,858021 41,000000 15,000000
v 11,000000 41,089010 15,000000
v 11,000000 43,465661 34,000000
v 11,000000 42,000000 38,044519
v 10,161432 42,000000 34,000000
v 10,161432 41,000000 35,000000
v 10,000000 41,331150 35,000000
v 10,000000 41,000000 35,175446
v 10,858021 43,000000 13,000000
v 10,000000 43,000000 12,103125
v 10,000000 46,172292 13,000000
v 10,858021 42,000000 14,000000
v 11,000000 42,000000 14,097158
v 11,000000 42,089010 14,000000
v 10,641317 44,000000 31,000000
v 10,000000 44,906496 31,000000
v 10,000000 44,000000 32,278645
v 11,000000 43,000000 31,608655
v 10,641317 43,000000 32,000000
v 11,000000 43,249024 32,000000
v 10,641317 45,000000 30,000000
v 10,000000 45,000000 29,403485
v 10,000000 45,906496 30,000000
v 10,641317 44,000000 31,000000
v 11,000000 44,000000 31,217104
v 11,000000 44,249024 31,000000
v 12,000000 4,000000 27,209101
v 12,000000 4,175798 27,000000
v 11,421733 4,000000 27,000000
v 11,421733 3,000000 28,000000
v 11,000000 3,000000 27,872517
v 11,000000 3,290214 28,000000
v 12,000000 5,175798 26,000000
v 12,000000 5,000000 25,819022
v 11,421733 5,000000 26,000000
v 11,421733 4,000000 27,000000
v 11,000000 4,290214 27,000000
v 11,000000 4,000000 27,170464
v 11,884727 5,000000 33,000000
v 11,000000 2,672603 33,000000
v 11,000000 5,000000 34,348547
v 12,000000 4,000000 33,855219
v 11,884727 4,000000 34,000000
v 12,000000 4,113073 34,000000
v 11,920448 6,000000 14,000000
v 11,000000 7,849993 14,000000
v 11,000000 6,000000 17,313496
v 12,000000 5,000000 14,865867
v 11,920448 5,000000 15,000000
v 12,000000 5,205596 15,000000
v 12,000000 6,000000 29,760794
v 12,000000 7,913654 32,000000
v 11,065584 6,000000 32,000000
v 11,000000 5,000000 32,864907
v 11,000000 5,133227 33,000000
v 11,065584 5,000000 33,000000
v 11,000000 6,000000 34,378518
v 11,000000 3,672603 32,000000
v 11,884727 6,000000 32,000000
v 11,884727 5,000000 33,000000
v 12,000000 5,000000 33,118976
v 12,000000 5,113073 33,000000
v 11,920448 7,000000 13,000000
v 11,000000 7,000000 6,812256
v 11,000000 8,849993 13,000000
v 11,920448 6,000000 14,000000
v 12,000000 6,000000 14,096378
v 12,000000 6,205596 14,000000
v 12,000000 8,913654 31,000000
v 12,000000 7,000000 29,099283
v 11,065584 7,000000 31,000000
v 11,065584 6,000000 32,000000
v 11,000000 6,133227 32,000000
v 11,000000 6,000000 32,071934
v 12,000000 9,000000 35,458467
v 12,000000 11,730558 37,000000
v 11,038111 9,000000 37,000000
v 11,038111 8,000000 38,000000
v 11,000000 8,000000 37,891790
v 11,000000 8,111599 38,000000
v 12,000000 12,730558 36,000000
v 12,000000 10,000000 34,305081
v 11,038111 10,000000 36,000000
v 11,038111 9,000000 37,000000
v 11,000000 9,111599 37,000000
v 11,000000 9,000000 37,038343
v 12,000000 12,000000 16,906542
v 12,000000 9,693510 9,000000
v 11,022758 12,000000 9,000000
v 11,022758 11,000000 10,000000
v 11,000000 11,000000 9,918486
v 11,000000 11,022146 10,000000
v 12,000000 10,693510 8,000000
v 12,000000 13,000000 6,616434
v 11,022758 13,000000 8,000000
v 11,022758 12,000000 9,000000
v 11,000000 12,022146 9,000000
v 11,000000 12,000000 9,027385
v 12,000000 14,000000 8,327518
v 12,000000 11,848538 7,000000
v 11,081692 14,000000 7,000000
v 11,081692 13,000000 8,000000
v 11,000000 13,000000 7,948073
v 11,000000 13,053586 8,000000
v 12,000000 15,000000 7,064929
v 12,000000 15,218713 6,000000
v 11,286408 15,000000 6,000000
v 11,286408 14,000000 7,000000
v 11,000000 14,000000 6,832987
v 11,000000 14,194522 7,000000
v 11,081692 15,000000 6,000000
v 12,000000 12,848538 6,000000
v 12,000000 15,000000 -25,558962
v 11,081692 14,000000 7,000000
v 11,000000 14,053586 7,000000
v 11,000000 14,000000 7,162429
v 12,000000 16,218713 5,000000
v 12,000000 16,000000 4,762659
v 11,286408 16,000000 5,000000
v 11,286408 15,000000 6,000000
v 11,000000 15,194522 6,000000
v 11,000000 15,000000 6,169144
v 12,000000 17,000000 10,141763
v 12,000000 31,709231 6,000000
v 11,012348 17,000000 6,000000
v 11,012348 16,000000 7,000000
v 11,000000 16,000000 6,974061
v 11,000000 16,011277 7,000000
v 12,000000 32,709231 5,000000
v 12,000000 18,000000 3,737664
v 11,012348 18,000000 5,000000
v 11,012348 17,000000 6,000000
v 11,000000 17,011277 6,000000
v 11,000000 17,000000 6,010085
v 12,000000 21,000000 45,127652
v 12,000000 21,143482 45,000000
v 11,377365 21,000000 45,000000
v 11,377365 20,000000 46,000000
v 11,000000 20,000000 45,930490
v 11,000000 20,063906 46,000000
v 12,000000 22,143482 44,000000
v 12,000000 22,000000 43,870825
v 11,377365 22,000000 44,000000
v 11,377365 21,000000 45,000000
v 11,000000 21,063906 45,000000
v 11,000000 21,000000 45,070292
v 11,911292 23,000000 46,000000
v 11,000000 31,213943 46,000000
v 11,000000 23,000000 48,516964
v 12,000000 22,000000 46,892122
v 11,911292 22,000000 47,000000
v 12,000000 22,074043 47,000000
v 11,911292 24,000000 45,000000
v 11,000000 24,000000 42,901775
v 11,000000 32,213943 45,000000
v 11,911292 23,000000 46,000000
v 12,000000 23,000000 46,108756
v 12,000000 23,074043 46,000000
v 12,000000 26,000000 5,576245
v 12,000000 27,404682 4,000000
v 11,193174 26,000000 4,000000
v 11,193174 25,000000 5,000000
v 11,000000 25,000000 4,801708
v 11,000000 25,355771 5,000000
v 12,000000 28,404682 3,000000
v 12,000000 27,000000 0,363930
v 11,193174 27,000000 3,000000
v 11,193174 26,000000 4,000000
v 11,000000 26,355771 4,000000
v 11,000000 26,000000 4,290021
v 11,906084 33,000000 5,000000
v 11,000000 33,459555 5,000000
v 11,000000 33,000000 6,320012
v 11,259997 33,000000 6,000000
v 12,000000 33,000000 6,731827
v 11,906084 32,000000 6,000000
v 11,906084 32,000000 6,000000
v 12,000000 33,000000 6,731827
v 12,000000 32,000000 5,929075
v 11,259997 32,000000 7,000000
v 11,000000 32,000000 6,682756
v 11,000000 32,110005 7,000000
v 12,000000 33,000000 44,821019
v 12,000000 35,199704 43,000000
v 11,161704 33,000000 43,000000
v 11,161704 32,000000 44,000000
v 11,000000 32,000000 43,779870
v 11,000000 32,154611 44,000000
v 11,906084 34,000000 4,000000
v 11,000000 34,000000 3,461503
v 11,000000 34,459555 4,000000
v 12,000000 34,000000 -0,230162
v 11,259997 34,000000 5,000000
v 12,000000 33,000000 5,042587
v 12,000000 33,000000 5,042587
v 11,259997 34,000000 5,000000
v 11,906084 33,000000 5,000000
v 11,259997 33,000000 6,000000
v 11,000000 33,110005 6,000000
v 11,000000 33,000000 6,113621
v 12,000000 36,199704 42,000000
v 12,000000 34,000000 37,274874
v 11,161704 34,000000 42,000000
v 11,161704 33,000000 43,000000
v 11,000000 33,154611 43,000000
v 11,000000 33,000000 43,395251
v 11,704562 35,000000 6,000000
v 11,000000 35,828671 6,000000
v 11,000000 35,000000 7,780050
v 11,173606 35,000000 7,000000
v 12,000000 35,000000 8,370401
v 11,704562 34,000000 7,000000
v 11,704562 34,000000 7,000000
v 12,000000 35,000000 8,370401
v 12,000000 34,000000 6,618127
v 11,173606 34,000000 8,000000
v 11,000000 34,000000 7,753216
v 11,000000 34,113291 8,000000
v 11,704562 36,000000 5,000000
v 11,000000 36,000000 4,222901
v 11,000000 36,828671 5,000000
v 12,000000 36,000000 5,392515
v 11,173606 36,000000 6,000000
v 12,000000 35,000000 6,202660
v 12,000000 35,000000 6,202660
v 11,173606 36,000000 6,000000
v 11,704562 35,000000 6,000000
v 11,173606 35,000000 7,000000
v 11,000000 35,113291 7,000000
v 11,000000 35,000000 7,084595
v 11,747302 38,000000 8,000000
v 11,000000 38,858522 8,000000
v 11,000000 38,000000 9,398754
v 12,000000 37,000000 8,741835
v 11,747302 37,000000 9,000000
v 12,000000 37,463031 9,000000
v 11,747302 39,000000 7,000000
v 11,000000 39,000000 5,818283
v 11,000000 39,858522 7,000000
v 11,747302 38,000000 8,000000
v 12,000000 38,000000 8,370825
v 12,000000 38,463031 8,000000
v 11,773134 40,000000 39,000000
v 11,000000 38,000390 39,000000
v 11,000000 40,000000 29,001952
v 12,000000 39,000000 39,868184
v 11,773134 39,000000 40,000000
v 12,000000 39,095936 40,000000
v 11,773134 41,000000 38,000000
v 11,000000 41,000000 37,407419
v 11,000000 39,000390 38,000000
v 11,773134 40,000000 39,000000
v 12,000000 40,000000 39,147404
v 12,000000 40,095936 39,000000
v 11,763099 42,000000 13,000000
v 11,000000 42,260007 13,000000
v 11,000000 42,000000 13,707246
v 11,112020 42,000000 14,000000
v 12,000000 42,000000 17,050431
v 11,763099 41,000000 14,000000
v 11,763099 41,000000 14,000000
v 12,000000 42,000000 17,050431
v 12,000000 41,000000 13,921787
v 11,112020 41,000000 15,000000
v 11,000000 41,000000 14,809412
v 11,000000 41,089010 15,000000
v 11,763099 43,000000 12,000000
v 11,000000 43,000000 11,673553
v 11,000000 43,260007 12,000000
v 12,000000 43,000000 9,648041
v 11,112020 43,000000 13,000000
v 12,000000 42,000000 13,182737
v 12,000000 42,000000 13,182737
v 11,112020 43,000000 13,000000
v 11,763099 42,000000 13,000000
v 11,112020 42,000000 14,000000
v 11,000000 42,089010 14,000000
v 11,000000 42,000000 14,097158
v 12,000000 44,000000 34,219297
v 12,000000 46,235223 31,000000
v 11,224906 44,000000 31,000000
v 11,224906 43,000000 32,000000
v 11,000000 43,000000 31,608655
v 11,000000 43,249024 32,000000
v 12,000000 47,235223 30,000000
v 12,000000 45,000000 28,573388
v 11,224906 45,000000 30,000000
v 11,224906 44,000000 31,000000
v 11,000000 44,249024 31,000000
v 11,000000 44,000000 31,217104
v 12,657325 4,000000 31,000000
v 12,000000 5,411344 31,000000
v 12,000000 4,000000 33,133040
v 13,000000 3,000000 31,534069
v 12,657325 3,000000 32,000000
v 13,000000 3,391877 32,000000
v 12,657325 5,000000 30,000000
v 12,000000 5,000000 28,799543
v 12,000000 6,411344 30,000000
v 12,657325 4,000000 31,000000
v 13,000000 4,000000 31,315443
v 13,000000 4,391877 31,000000
v 13,000000 5,000000 33,299980
v 13,000000 5,327245 33,000000
v 12,375659 5,000000 33,000000
v 12,375659 4,000000 34,000000
v 12,000000 4,000000 33,855219
v 12,000000 4,113073 34,000000
v 12,680529 6,000000 13,000000
v 12,000000 7,395659 13,000000
v 12,000000 6,000000 14,551375
v 12,239651 6,000000 14,000000
v 13,000000 6,000000 14,572314
v 12,680529 5,000000 14,000000
v 12,680529 5,000000 14,000000
v 13,000000 6,000000 14,572314
v 13,000000 5,000000 13,653462
v 12,239651 5,000000 15,000000
v 12,000000 5,000000 14,865867
v 12,000000 5,205596 15,000000
v 13,000000 6,327245 32,000000
v 13,000000 6,000000 31,759194
v 12,375659 6,000000 32,000000
v 12,375659 5,000000 33,000000
v 12,000000 5,113073 33,000000
v 12,000000 5,000000 33,118976
v 12,904365 7,000000 12,000000
v 12,000000 11,116681 12,000000
v 12,000000 7,000000 15,745968
v 13,000000 6,000000 12,820564
v 12,904365 6,000000 13,000000
v 13,000000 6,143496 13,000000
v 12,000000 7,000000 10,397298
v 12,000000 8,395659 12,000000
v 12,680529 7,000000 12,000000
v 13,000000 7,000000 12,579244
v 12,239651 7,000000 13,000000
v 13,000000 6,000000 13,354404
v 13,000000 6,000000 13,354404
v 12,239651 7,000000 13,000000
v 12,680529 6,000000 13,000000
v 12,239651 6,000000 14,000000
v 12,000000 6,205596 14,000000
v 12,000000 6,000000 14,096378
v 12,904365 8,000000 11,000000
v 12,000000 8,000000 9,145997
v 12,000000 12,116681 11,000000
v 12,904365 7,000000 12,000000
v 13,000000 7,000000 12,104535
v 13,000000 7,143496 12,000000
v 12,656518 14,000000 6,000000
v 12,000000 14,864076 6,000000
v 12,000000 14,000000 6,737127
v 13,000000 13,000000 6,747186
v 12,656518 13,000000 7,000000
v 13,000000 13,170339 7,000000
v 12,656518 15,000000 5,000000
v 12,000000 15,000000 7,064929
v 12,000000 15,864076 5,000000
v 12,656518 14,000000 6,000000
v 13,000000 14,000000 6,181565
v 13,000000 14,170339 6,000000
v 12,814322 17,000000 45,000000
v 12,000000 18,775675 45,000000
v 12,000000 17,000000 46,024881
v 13,000000 16,000000 45,859053
v 12,814322 16,000000 46,000000
v 13,000000 16,183591 46,000000
v 12,814322 18,000000 44,000000
v 12,000000 18,000000 39,453858
v 12,000000 19,775675 44,000000
v 12,814322 17,000000 45,000000
v 13,000000 17,000000 45,447847
v 13,000000 17,183591 45,000000
v 12,000000 22,677433 46,000000
v 12,000000 23,000000 45,892122
v 13,000000 22,667436 46,000000
v 13,000000 22,667436 46,000000
v 12,000000 23,000000 45,892122
v 13,000000 23,000000 45,682262
v 12,000000 22,000000 46,892122
v 12,000000 22,074043 47,000000
v 13,000000 22,000000 46,682262
v 13,000000 22,000000 46,682262
v 12,000000 22,074043 47,000000
v 13,000000 22,427093 47,000000
v 12,894370 24,000000 3,000000
v 12,000000 27,574337 3,000000
v 12,000000 24,000000 7,506882
v 13,000000 23,000000 3,763217
v 12,894370 23,000000 4,000000
v 13,000000 23,102661 4,000000
v 12,000000 24,000000 45,108756
v 12,000000 23,677433 45,000000
v 13,000000 24,000000 45,360360
v 13,000000 24,000000 45,360360
v 12,000000 23,677433 45,000000
v 13,000000 23,667436 45,000000
v 12,000000 23,074043 46,000000
v 12,000000 23,000000 46,108756
v 13,000000 23,427093 46,000000
v 13,000000 23,427093 46,000000
v 12,000000 23,000000 46,108756
v 13,000000 23,000000 46,360360
v 12,894370 25,000000 2,000000
v 12,000000 25,000000 0,558804
v 12,000000 28,574337 2,000000
v 12,894370 24,000000 3,000000
v 13,000000 24,000000 3,097237
v 13,000000 24,102661 3,000000
v 13,000000 33,000000 5,294975
v 13,000000 41,637599 5,000000
v 12,130255 33,000000 5,000000
v 12,130255 32,000000 6,000000
v 12,000000 32,000000 5,929075
v 12,000000 32,114681 6,000000
v 13,000000 42,637599 4,000000
v 13,000000 34,000000 2,903825
v 12,130255 34,000000 4,000000
v 12,130255 33,000000 5,000000
v 12,000000 33,114681 5,000000
v 12,000000 33,000000 5,042587
v 13,000000 35,000000 8,917267
v 13,000000 38,190884 6,000000
v 12,228747 35,000000 6,000000
v 12,228747 34,000000 7,000000
v 12,000000 34,000000 6,618127
v 12,000000 34,337165 7,000000
v 13,000000 39,190884 5,000000
v 13,000000 36,000000 3,763198
v 12,228747 36,000000 5,000000
v 12,228747 35,000000 6,000000
v 12,000000 35,337165 6,000000
v 12,000000 35,000000 6,202660
v 13,000000 38,000000 8,364992
v 13,000000 36,332216 8,000000
v 12,604852 38,000000 8,000000
v 12,604852 37,000000 9,000000
v 12,000000 37,000000 8,741835
v 12,000000 37,463031 9,000000
v 13,000000 37,332216 7,000000
v 13,000000 39,000000 6,250651
v 12,604852 39,000000 7,000000
v 12,604852 38,000000 8,000000
v 12,000000 38,463031 8,000000
v 12,000000 38,000000 8,370825
v 13,000000 40,000000 40,757478
v 13,000000 46,805554 39,000000
v 12,120445 40,000000 39,000000
v 12,120445 39,000000 40,000000
v 12,000000 39,000000 39,868184
v 12,000000 39,095936 40,000000
v 13,000000 47,805554 38,000000
v 13,000000 41,000000 8,438049
v 12,120445 41,000000 38,000000
v 12,120445 40,000000 39,000000
v 12,000000 40,095936 39,000000
v 12,000000 40,000000 39,147404
v 13,000000 42,000000 13,406605
v 13,000000 42,747267 13,000000
v 12,198702 42,000000 13,000000
v 12,198702 41,000000 14,000000
v 12,000000 41,000000 13,921787
v 12,000000 41,094519 14,000000
v 13,000000 43,747267 12,000000
v 13,000000 43,000000 10,914793
v 12,198702 43,000000 12,000000
v 12,198702 42,000000 13,000000
v 12,000000 42,094519 13,000000
v 12,000000 42,000000 13,182737
v 12,906290 44,000000 15,000000
v 12,000000 47,426173 15,000000
v 12,000000 44,000000 17,625737
v 13,000000 43,000000 15,850281
v 12,906290 43,000000 16,000000
v 13,000000 43,066840 16,000000
v 12,906290 45,000000 14,000000
v 12,000000 45,000000 13,099116
v 12,000000 48,426173 14,000000
v 12,906290 44,000000 15,000000
v 13,000000 44,000000 15,062113
v 13,000000 44,066840 15,000000
v 12,619814 45,000000 18,000000
v 12,000000 45,677446 18,000000
v 12,000000 45,000000 18,532808
v 13,000000 44,000000 18,916049
v 12,619814 44,000000 19,000000
v 13,000000 44,094865 19,000000
v 12,619814 46,000000 17,000000
v 12,000000 46,000000 16,874618
v 12,000000 46,677446 17,000000
v 12,619814 45,000000 18,000000
v 13,000000 45,000000 18,070403
v 13,000000 45,094865 18,000000
v 14,000000 4,000000 32,460089
v 14,000000 4,976759 31,000000
v 13,406052 4,000000 31,000000
v 13,406052 3,000000 32,000000
v 13,000000 3,000000 31,534069
v 13,000000 3,391877 32,000000
v 14,000000 5,976759 30,000000
v 14,000000 5,000000 29,165159
v 13,406052 5,000000 30,000000
v 13,406052 4,000000 31,000000
v 13,000000 4,391877 31,000000
v 13,000000 4,000000 31,315443
v 14,000000 6,000000 14,008810
v 14,000000 8,610411 13,000000
v 13,391522 6,000000 13,000000
v 13,391522 5,000000 14,000000
v 13,000000 5,000000 13,653462
v 13,000000 5,548585 14,000000
v 14,000000 7,000000 12,833827
v 14,000000 7,909099 12,000000
v 13,237957 7,000000 12,000000
v 13,237957 6,000000 13,000000
v 13,000000 6,000000 12,820564
v 13,000000 6,143496 13,000000
v 13,391522 7,000000 12,000000
v 14,000000 9,610411 12,000000
v 14,000000 7,000000 10,958923
v 13,391522 6,000000 13,000000
v 13,000000 6,548585 13,000000
v 13,000000 6,000000 13,354404
v 14,000000 8,909099 11,000000
v 14,000000 8,000000 10,557081
v 13,237957 8,000000 11,000000
v 13,237957 7,000000 12,000000
v 13,000000 7,143496 12,000000
v 13,000000 7,000000 12,104535
v 14,000000 14,000000 8,932879
v 14,000000 17,488577 6,000000
v 13,160287 14,000000 6,000000
v 13,160287 13,000000 7,000000
v 13,000000 13,000000 6,747186
v 13,000000 13,170339 7,000000
v 14,000000 18,488577 5,000000
v 14,000000 15,000000 3,123965
v 13,160287 15,000000 5,000000
v 13,160287 14,000000 6,000000
v 13,000000 14,170339 6,000000
v 13,000000 14,000000 6,181565
v 14,000000 17,000000 46,083773
v 14,000000 18,415627 45,000000
v 13,211390 17,000000 45,000000
v 13,211390 16,000000 46,000000
v 13,000000 16,000000 45,859053
v 13,000000 16,183591 46,000000
v 14,000000 19,415627 44,000000
v 14,000000 18,000000 40,417988
v 13,211390 18,000000 44,000000
v 13,211390 17,000000 45,000000
v 13,000000 17,183591 45,000000
v 13,000000 17,000000 45,447847
v 13,876811 19,000000 46,000000
v 13,000000 20,969545 46,000000
v 13,000000 19,000000 5,019097
v 14,000000 18,000000 46,882025
v 13,876811 18,000000 47,000000
v 14,000000 18,191742 47,000000
v 13,876811 20,000000 45,000000
v 13,000000 20,000000 40,262749
v 13,000000 21,969545 45,000000
v 13,876811 19,000000 46,000000
v 14,000000 19,000000 46,283164
v 14,000000 19,191742 46,000000
v 14,000000 23,000000 46,457329
v 14,000000 23,405801 46,000000
v 13,496445 23,000000 46,000000
v 13,496445 22,000000 47,000000
v 13,000000 22,000000 46,682262
v 13,000000 22,427093 47,000000
v 14,000000 24,000000 4,796161
v 14,000000 25,439908 3,000000
v 13,182552 24,000000 3,000000
v 13,182552 23,000000 4,000000
v 13,000000 23,000000 3,763217
v 13,000000 23,102661 4,000000
v 14,000000 24,405801 45,000000
v 14,000000 24,000000 42,981658
v 13,496445 24,000000 45,000000
v 13,496445 23,000000 46,000000
v 13,000000 23,427093 46,000000
v 13,000000 23,000000 46,360360
v 14,000000 26,439908 2,000000
v 14,000000 25,000000 1,385521
v 13,182552 25,000000 2,000000
v 13,182552 24,000000 3,000000
v 13,000000 24,102661 3,000000
v 13,000000 24,000000 3,097237
v 13,951185 27,000000 3,000000
v 13,000000 28,153740 3,000000
v 13,000000 27,000000 3,423805
v 14,000000 26,000000 3,982341
v 13,951185 26,000000 4,000000
v 14,000000 26,014498 4,000000
v 13,951185 28,000000 2,000000
v 13,000000 28,000000 1,389810
v 13,000000 29,153740 2,000000
v 13,951185 27,000000 3,000000
v 14,000000 27,000000 3,024491
v 14,000000 27,014498 3,000000
v 13,952672 35,000000 5,000000
v 13,000000 37,358853 5,000000
v 13,000000 35,000000 2,969357
v 14,000000 34,000000 5,925564
v 13,952672 34,000000 6,000000
v 14,000000 34,069090 6,000000
v 13,952672 36,000000 4,000000
v 13,000000 36,000000 -3,255807
v 13,000000 38,358853 4,000000
v 13,952672 35,000000 5,000000
v 14,000000 35,000000 5,151678
v 14,000000 35,069090 5,000000
v 13,590880 38,000000 42,000000
v 13,000000 38,807699 42,000000
v 13,000000 38,000000 42,530070
v 14,000000 37,000000 42,638964
v 13,590880 37,000000 43,000000
v 14,000000 37,439500 43,000000
v 13,590880 39,000000 41,000000
v 13,000000 39,000000 40,333499
v 13,000000 39,807699 41,000000
v 13,590880 38,000000 42,000000
v 14,000000 38,000000 42,417706
v 14,000000 38,439500 42,000000
v 13,948162 41,000000 9,000000
v 13,000000 41,645124 9,000000
v 13,000000 41,000000 11,196838
v 14,000000 40,000000 9,924743
v 13,948162 40,000000 10,000000
v 14,000000 40,794025 10,000000
v 13,837050 41,000000 39,000000
v 13,000000 46,705454 39,000000
v 13,000000 41,000000 8,438049
v 14,000000 40,000000 39,817858
v 13,837050 40,000000 40,000000
v 14,000000 40,380951 40,000000
v 13,948162 42,000000 8,000000
v 13,000000 42,000000 7,081721
v 13,000000 42,645124 8,000000
v 13,948162 41,000000 9,000000
v 14,000000 41,000000 9,033443
v 14,000000 41,794025 9,000000
v 13,883537 42,000000 38,000000
v 13,000000 63,425372 38,000000
v 13,000000 42,000000 88,965438
v 14,000000 41,000000 38,837821
v 13,883537 41,000000 39,000000
v 14,000000 41,450894 39,000000
v 13,000000 42,000000 33,398995
v 13,000000 47,705454 38,000000
v 13,837050 42,000000 38,000000
v 13,837050 41,000000 39,000000
v 14,000000 41,000000 39,512695
v 14,000000 41,380951 39,000000
v 13,883537 43,000000 37,000000
v 13,000000 43,000000 32,461561
v 13,000000 64,425372 37,000000
v 13,883537 42,000000 38,000000
v 14,000000 42,000000 38,253757
v 14,000000 42,450894 38,000000
v 14,000000 44,000000 18,673582
v 14,000000 48,812182 15,000000
v 13,075982 44,000000 15,000000
v 13,075982 43,000000 16,000000
v 13,000000 43,000000 15,850281
v 13,000000 43,066840 16,000000
v 14,000000 49,812182 14,000000
v 14,000000 45,000000 17,068388
v 13,075982 45,000000 14,000000
v 13,000000 49,579798 16,000000
v 13,000000 45,000000 23,905911
v 13,689087 45,000000 16,000000
v 13,000000 44,066840 15,000000
v 13,000000 44,000000 15,062113
v 13,075982 44,000000 15,000000
v 14,000000 44,000000 16,628741
v 13,689087 44,000000 17,000000
v 14,000000 44,338726 17,000000
v 14,000000 45,000000 20,726108
v 14,000000 41,929252 18,000000
v 13,053182 45,000000 18,000000
v 13,053182 44,000000 19,000000
v 13,000000 44,000000 18,916049
v 13,000000 44,094865 19,000000
v 13,689087 46,000000 15,000000
v 13,000000 46,000000 13,184241
v 13,000000 50,579798 15,000000
v 13,689087 45,000000 16,000000
v 14,000000 45,000000 16,364650
v 14,000000 45,338726 16,000000
v 14,000000 42,929252 17,000000
v 14,000000 46,000000 18,591788
v 13,053182 46,000000 17,000000
v 13,053182 45,000000 18,000000
v 13,000000 45,094865 18,000000
v 13,000000 45,000000 18,070403
v 14,870146 3,000000 17,000000
v 14,000000 -4,627323 17,000000
v 14,000000 3,000000 18,106830
v 15,000000 2,000000 17,874551
v 14,870146 2,000000 18,000000
v 15,000000 2,357199 18,000000
v 14,976825 3,000000 30,000000
v 14,000000 -1,979070 30,000000
v 14,000000 3,000000 35,275993
v 15,000000 2,000000 30,809530
v 14,976825 2,000000 31,000000
v 15,000000 2,058671 31,000000
v 14,836781 3,000000 32,000000
v 14,000000 -1634,484948 32,000000
v 14,000000 3,000000 34,140188
v 15,000000 2,000000 32,794803
v 14,836781 2,000000 33,000000
v 15,000000 2,159718 33,000000
v 14,961388 4,000000 14,000000
v 14,000000 5,090827 14,000000
v 14,000000 4,000000 14,883078
v 15,000000 3,000000 14,975900
v 14,961388 3,000000 15,000000
v 15,000000 3,054298 15,000000
v 14,870146 4,000000 16,000000
v 14,000000 4,000000 28,160059
v 14,000000 -3,627323 16,000000
v 14,870146 3,000000 17,000000
v 15,000000 3,000000 17,219764
v 15,000000 3,357199 17,000000
v 14,976825 4,000000 29,000000
v 14,000000 4,000000 26,645957
v 14,000000 -0,979070 29,000000
v 14,976825 3,000000 30,000000
v 15,000000 3,000000 30,017035
v 15,000000 3,058671 30,000000
v 14,836781 4,000000 31,000000
v 14,000000 4,000000 22,264703
v 14,000000 -1633,484948 31,000000
v 14,836781 3,000000 32,000000
v 15,000000 3,000000 32,211408
v 15,000000 3,159718 32,000000
v 14,961388 5,000000 13,000000
v 14,000000 5,000000 5,372386
v 14,000000 6,090827 13,000000
v 14,961388 4,000000 14,000000
v 15,000000 4,000000 14,150539
v 15,000000 4,054298 14,000000
v 15,000000 19,000000 46,506455
v 15,000000 19,605011 46,000000
v 14,243323 19,000000 46,000000
v 14,243323 18,000000 47,000000
v 14,000000 18,000000 46,882025
v 14,000000 18,191742 47,000000
v 15,000000 20,605011 45,000000
v 15,000000 20,000000 43,547749
v 14,243323 20,000000 45,000000
v 14,243323 19,000000 46,000000
v 14,000000 19,191742 46,000000
v 14,000000 19,000000 46,283164
v 14,521944 23,000000 2,000000
v 14,000000 24,266982 2,000000
v 14,000000 23,000000 3,204766
v 15,000000 22,000000 2,526017
v 14,521944 22,000000 3,000000
v 15,000000 22,459815 3,000000
v 14,521944 24,000000 1,000000
v 14,000000 24,000000 -1,942284
v 14,000000 25,266982 1,000000
v 14,521944 23,000000 2,000000
v 15,000000 23,000000 2,473138
v 15,000000 23,459815 2,000000
v 15,000000 27,000000 5,293450
v 15,000000 33,987085 3,000000
v 14,014217 27,000000 3,000000
v 14,014217 26,000000 4,000000
v 14,000000 26,000000 3,982341
v 14,000000 26,014498 4,000000
v 15,000000 34,987085 2,000000
v 15,000000 28,000000 -1,466278
v 14,014217 28,000000 2,000000
v 14,014217 27,000000 3,000000
v 14,000000 27,014498 3,000000
v 14,000000 27,000000 3,024491
v 14,862405 32,000000 46,000000
v 14,000000 34,749607 46,000000
v 14,000000 32,000000 50,214535
v 15,000000 31,000000 46,508672
v 14,862405 31,000000 47,000000
v 15,000000 31,187634 47,000000
v 14,862405 33,000000 45,000000
v 14,000000 33,000000 42,699458
v 14,000000 35,749607 45,000000
v 14,862405 32,000000 46,000000
v 15,000000 32,000000 46,177010
v 15,000000 32,187634 46,000000
v 15,000000 35,000000 5,539034
v 15,000000 35,665211 5,000000
v 14,124216 35,000000 5,000000
v 14,124216 34,000000 6,000000
v 14,000000 34,000000 5,925564
v 14,000000 34,069090 6,000000
v 14,000000 36,000000 4,151678
v 14,829605 36,000000 5,000000
v 14,000000 36,431470 5,000000
v 15,000000 36,000000 4,859895
v 14,124216 36,000000 4,000000
v 15,000000 36,665211 4,000000
v 15,000000 35,000000 5,859895
v 14,829605 35,000000 6,000000
v 15,000000 35,059003 6,000000
v 14,000000 35,000000 5,151678
v 14,124216 35,000000 5,000000
v 14,000000 35,069090 5,000000
v 14,829605 37,000000 4,000000
v 14,000000 37,000000 3,756160
v 14,000000 37,431470 4,000000
v 14,829605 36,000000 5,000000
v 15,000000 36,000000 5,062171
v 15,000000 36,059003 5,000000
v 15,000000 38,000000 43,727299
v 15,000000 39,076265 42,000000
v 14,312429 38,000000 42,000000
v 14,312429 37,000000 43,000000
v 14,000000 37,000000 42,638964
v 14,000000 37,439500 43,000000
v 15,000000 40,076265 41,000000
v 15,000000 39,000000 39,689482
v 14,312429 39,000000 41,000000
v 14,312429 38,000000 42,000000
v 14,000000 38,439500 42,000000
v 14,000000 38,000000 42,417706
v 14,991897 40,000000 8,000000
v 14,000000 42,284465 8,000000
v 14,000000 40,000000 12,802909
v 15,000000 39,000000 8,991332
v 14,991897 39,000000 9,000000
v 15,000000 39,015036 9,000000
v 14,991897 41,000000 7,000000
v 14,000000 41,000000 21,883328
v 14,000000 43,284465 7,000000
v 15,000000 41,000000 11,591556
v 15,000000 27,213316 9,000000
v 14,074780 41,000000 9,000000
v 15,000000 40,000000 8,022302
v 15,000000 40,015036 8,000000
v 14,991897 40,000000 8,000000
v 14,074780 40,000000 10,000000
v 14,000000 40,000000 9,924743
v 14,000000 40,794025 10,000000
v 15,000000 41,000000 39,917156
v 15,000000 42,211713 39,000000
v 14,261251 41,000000 39,000000
v 14,000000 41,000000 40,935143
v 14,931273 41,000000 40,000000
v 14,000000 40,000000 39,817858
v 14,000000 40,000000 39,817858
v 14,931273 41,000000 40,000000
v 14,261251 40,000000 40,000000
v 15,000000 40,000000 40,933953
v 14,931273 40,000000 41,000000
v 15,000000 40,030729 41,000000
v 15,000000 28,213316 8,000000
v 15,000000 42,000000 7,456212
v 14,074780 42,000000 8,000000
v 14,074780 41,000000 9,000000
v 14,000000 41,794025 9,000000
v 14,000000 41,000000 9,033443
v 15,000000 42,000000 38,538434
v 15,000000 42,527374 38,000000
v 14,301702 42,000000 38,000000
v 14,301702 41,000000 39,000000
v 14,000000 41,000000 38,837821
v 14,000000 41,450894 39,000000
v 14,261251 42,000000 38,000000
v 15,000000 43,211713 38,000000
v 15,000000 42,000000 68,384423
v 14,000000 41,000000 39,512695
v 14,261251 41,000000 39,000000
v 14,000000 42,000000 38,514821
v 14,000000 42,000000 38,514821
v 14,261251 41,000000 39,000000
v 14,931273 42,000000 39,000000
v 14,931273 41,000000 40,000000
v 15,000000 41,000000 40,018251
v 15,000000 41,030729 40,000000
v 15,000000 43,527374 37,000000
v 15,000000 43,000000 36,154379
v 14,301702 43,000000 37,000000
v 14,301702 42,000000 38,000000
v 14,000000 42,450894 38,000000
v 14,000000 42,000000 38,253757
v 15,000000 45,000000 16,750940
v 15,000000 45,849365 16,000000
v 14,469436 45,000000 16,000000
v 14,469436 44,000000 17,000000
v 14,000000 44,000000 16,628741
v 14,000000 44,338726 17,000000
v 14,525285 45,000000 34,000000
v 14,000000 45,892962 34,000000
v 14,000000 45,000000 34,966304
v 15,000000 44,000000 34,563715
v 14,525285 44,000000 35,000000
v 15,000000 44,397645 35,000000
v 15,000000 46,849365 15,000000
v 15,000000 46,000000 14,267586
v 14,469436 46,000000 15,000000
v 14,469436 45,000000 16,000000
v 14,000000 45,338726 16,000000
v 14,000000 45,000000 16,364650
v 14,989469 46,000000 18,000000
v 14,000000 46,497444 18,000000
v 14,000000 46,000000 18,591788
v 15,000000 45,000000 18,995140
v 14,989469 45,000000 19,000000
v 15,000000 45,017216 19,000000
v 14,833951 46,000000 31,000000
v 14,000000 46,288655 31,000000
v 14,000000 46,000000 31,478129
v 14,933815 46,000000 32,000000
v 14,000000 44,317436 32,000000
v 14,000000 46,000000 33,507334
v 14,833951 45,000000 32,000000
v 15,000000 53,160471 32,000000
v 15,000000 45,000000 31,924631
v 15,000000 45,000000 32,943547
v 14,933815 45,000000 33,000000
v 15,000000 45,057573 33,000000
v 14,525285 46,000000 33,000000
v 14,000000 46,000000 32,210792
v 14,000000 46,892962 33,000000
v 14,525285 45,000000 34,000000
v 15,000000 45,000000 34,379951
v 15,000000 45,397645 34,000000
v 14,989469 47,000000 17,000000
v 14,000000 47,000000 16,138551
v 14,000000 47,497444 17,000000
v 14,989469 46,000000 18,000000
v 15,000000 46,000000 18,006763
v 15,000000 46,017216 18,000000
v 14,934250 47,000000 26,000000
v 14,000000 54,720048 26,000000
v 14,000000 47,000000 27,140171
v 15,000000 46,000000 26,947293
v 14,934250 46,000000 27,000000
v 15,000000 46,229200 27,000000
v 14,924022 47,000000 28,000000
v 14,000000 56,516721 28,000000
v 14,000000 47,000000 30,233255
v 14,886033 47,000000 29,000000
v 14,000000 40,484686 29,000000
v 14,000000 47,000000 33,178606
v 14,924022 46,000000 29,000000
v 15,000000 44,820663 29,000000
v 15,000000 46,000000 28,901089
v 15,000000 46,000000 29,766846
v 14,886033 46,000000 30,000000
v 15,000000 46,131238 30,000000
v 14,833951 47,000000 30,000000
v 14,000000 47,000000 29,663811
v 14,000000 47,288655 30,000000
v 14,000000 45,317436 31,000000
v 14,933815 47,000000 31,000000
v 14,000000 47,000000 29,971419
v 15,000000 54,160471 31,000000
v 14,833951 46,000000 31,000000
v 15,000000 46,000000 31,054939
v 14,933815 46,000000 32,000000
v 15,000000 46,000000 32,054815
v 15,000000 46,057573 32,000000
v 14,934250 48,000000 25,000000
v 14,000000 48,000000 23,848237
v 14,000000 55,720048 25,000000
v 14,934250 47,000000 26,000000
v 15,000000 47,000000 26,053154
v 15,000000 47,229200 26,000000
v 14,924022 48,000000 27,000000
v 14,000000 48,000000 25,344322
v 14,000000 57,516721 27,000000
v 14,000000 41,484686 28,000000
v 14,886033 48,000000 28,000000
v 14,000000 48,000000 26,251631
v 15,000000 45,820663 28,000000
v 14,924022 47,000000 28,000000
v 15,000000 47,000000 28,078023
v 14,886033 47,000000 29,000000
v 15,000000 47,000000 29,119994
v 15,000000 47,131238 29,000000
v 15,438003 2,000000 20,000000
v 15,000000 0,577078 20,000000
v 15,000000 2,000000 20,643927
v 16,000000 1,000000 20,522387
v 15,438003 1,000000 21,000000
v 16,000000 1,455492 21,000000
v 15,557736 3,000000 16,000000
v 15,000000 3,332196 16,000000
v 15,000000 3,000000 16,350454
v 15,250944 3,000000 17,000000
v 16,000000 3,000000 17,495061
v 15,557736 2,000000 17,000000
v 15,557736 2,000000 17,000000
v 16,000000 3,000000 17,495061
v 16,000000 2,000000 16,726540
v 15,250944 2,000000 18,000000
v 15,000000 2,000000 17,874551
v 15,000000 2,357199 18,000000
v 15,438003 3,000000 19,000000
v 15,000000 3,000000 -48,740776
v 15,000000 1,577078 19,000000
v 15,438003 2,000000 20,000000
v 16,000000 2,000000 20,459075
v 16,000000 2,455492 20,000000
v 16,000000 3,000000 3,190831
v 16,000000 5,491586 30,000000
v 15,027013 3,000000 30,000000
v 15,027013 2,000000 31,000000
v 15,000000 2,000000 30,809530
v 15,000000 2,058671 31,000000
v 16,000000 3,000000 32,665542
v 16,000000 4,233422 32,000000
v 15,315978 3,000000 32,000000
v 15,315978 2,000000 33,000000
v 15,000000 2,000000 32,794803
v 15,000000 2,159718 33,000000
v 16,000000 4,000000 18,492827
v 16,000000 1,072809 14,000000
v 15,034695 4,000000 14,000000
v 15,034695 3,000000 15,000000
v 15,000000 3,000000 14,975900
v 15,000000 3,054298 15,000000
v 15,557736 4,000000 15,000000
v 15,000000 4,000000 18,957022
v 15,000000 4,332196 15,000000
v 16,000000 4,000000 15,485974
v 15,250944 4,000000 16,000000
v 16,000000 3,000000 16,281754
v 16,000000 3,000000 16,281754
v 15,250944 4,000000 16,000000
v 15,557736 3,000000 16,000000
v 15,250944 3,000000 17,000000
v 15,000000 3,357199 17,000000
v 15,000000 3,000000 17,219764
v 16,000000 6,491586 29,000000
v 16,000000 4,000000 28,139817
v 15,027013 4,000000 29,000000
v 15,027013 3,000000 30,000000
v 15,000000 3,058671 30,000000
v 15,000000 3,000000 30,017035
v 16,000000 5,233422 31,000000
v 16,000000 4,000000 30,309539
v 15,315978 4,000000 31,000000
v 15,315978 3,000000 32,000000
v 15,000000 3,159718 32,000000
v 15,000000 3,000000 32,211408
v 16,000000 2,072809 13,000000
v 16,000000 5,000000 17,888518
v 15,034695 5,000000 13,000000
v 15,034695 4,000000 14,000000
v 15,000000 4,054298 14,000000
v 15,000000 4,000000 14,150539
v 15,851403 19,000000 2,000000
v 15,000000 21,233945 2,000000
v 15,000000 19,000000 3,761063
v 16,000000 18,000000 2,840727
v 15,851403 18,000000 3,000000
v 16,000000 18,208755 3,000000
v 15,851403 20,000000 1,000000
v 15,000000 20,000000 3,332410
v 15,000000 22,233945 1,000000
v 15,851403 19,000000 2,000000
v 16,000000 19,000000 2,283049
v 16,000000 19,208755 2,000000
v 16,000000 23,000000 3,264528
v 16,000000 24,330079 2,000000
v 15,469188 23,000000 2,000000
v 15,469188 22,000000 3,000000
v 15,000000 22,000000 2,526017
v 15,000000 22,459815 3,000000
v 16,000000 25,330079 1,000000
v 16,000000 24,000000 -0,260785
v 15,469188 24,000000 1,000000
v 15,469188 23,000000 2,000000
v 15,000000 23,459815 2,000000
v 15,000000 23,000000 2,473138
v 15,778712 27,000000 47,000000
v 15,000000 31,859517 47,000000
v 15,000000 27,000000 53,027697
v 16,000000 26,000000 47,493902
v 15,778712 26,000000 48,000000
v 16,000000 26,458837 48,000000
v 15,778712 28,000000 46,000000
v 15,000000 28,000000 41,660270
v 15,000000 32,859517 46,000000
v 15,778712 27,000000 47,000000
v 16,000000 27,000000 47,234102
v 16,000000 27,458837 47,000000
v 16,000000 32,000000 40,712115
v 16,000000 32,325853 46,000000
v 15,447094 32,000000 46,000000
v 15,447094 31,000000 47,000000
v 15,000000 31,000000 46,508672
v 15,000000 31,187634 47,000000
v 16,000000 33,325853 45,000000
v 16,000000 33,000000 44,716583
v 15,447094 33,000000 45,000000
v 15,447094 32,000000 46,000000
v 15,000000 32,187634 46,000000
v 15,000000 32,000000 46,177010
v 16,000000 36,000000 5,459317
v 16,000000 32,580457 5,000000
v 15,205877 36,000000 5,000000
v 15,205877 35,000000 6,000000
v 15,000000 35,000000 5,859895
v 15,000000 35,059003 6,000000
v 16,000000 33,580457 4,000000
v 16,000000 37,000000 3,711416
v 15,205877 37,000000 4,000000
v 15,205877 36,000000 5,000000
v 15,000000 36,059003 5,000000
v 15,000000 36,000000 5,062171
v 16,000000 40,000000 8,299688
v 16,000000 40,349727 8,000000
v 15,032926 40,000000 8,000000
v 15,032926 39,000000 9,000000
v 15,000000 39,000000 8,991332
v 15,000000 39,015036 9,000000
v 16,000000 41,349727 7,000000
v 16,000000 41,000000 6,154801
v 15,032926 41,000000 7,000000
v 15,032926 40,000000 8,000000
v 15,000000 40,015036 8,000000
v 15,000000 40,000000 8,022302
v 16,000000 41,000000 44,416856
v 16,000000 42,730135 40,000000
v 15,020602 41,000000 40,000000
v 15,020602 40,000000 41,000000
v 15,000000 40,000000 40,933953
v 15,000000 40,030729 41,000000
v 16,000000 43,730135 39,000000
v 16,000000 42,000000 37,394194
v 15,020602 42,000000 39,000000
v 15,020602 41,000000 40,000000
v 15,000000 41,030729 40,000000
v 15,000000 41,000000 40,018251
v 15,600303 43,000000 38,000000
v 15,000000 44,469655 38,000000
v 15,000000 43,000000 36,154379
v 16,000000 42,000000 38,630583
v 15,600303 42,000000 39,000000
v 16,000000 42,419220 39,000000
v 15,600303 44,000000 37,000000
v 15,000000 44,000000 35,403877
v 15,000000 45,469655 37,000000
v 15,600303 43,000000 38,000000
v 16,000000 43,000000 38,476389
v 16,000000 43,419220 38,000000
v 16,000000 45,000000 35,860018
v 16,000000 46,712097 34,000000
v 15,358824 45,000000 34,000000
v 15,358824 44,000000 35,000000
v 15,000000 44,000000 34,563715
v 15,000000 44,397645 35,000000
v 16,000000 46,000000 20,143030
v 16,000000 42,668955 18,000000
v 15,004105 46,000000 18,000000
v 15,004105 45,000000 19,000000
v 15,000000 45,000000 18,995140
v 15,000000 45,017216 19,000000
v 16,000000 46,000000 32,839366
v 16,000000 47,731267 31,000000
v 15,057390 46,000000 31,000000
v 16,000000 46,093224 32,000000
v 15,385179 46,000000 32,000000
v 16,000000 46,000000 32,097992
v 15,000000 53,160471 32,000000
v 15,057390 45,000000 32,000000
v 15,000000 45,000000 31,924631
v 15,385179 45,000000 33,000000
v 15,000000 45,000000 32,943547
v 15,000000 45,057573 33,000000
v 16,000000 47,712097 33,000000
v 16,000000 46,000000 31,496534
v 15,358824 46,000000 33,000000
v 15,358824 45,000000 34,000000
v 15,000000 45,397645 34,000000
v 15,000000 45,000000 34,379951
v 16,000000 43,668955 17,000000
v 16,000000 47,000000 13,759384
v 15,004105 47,000000 17,000000
v 15,004105 46,000000 18,000000
v 15,000000 46,017216 18,000000
v 15,000000 46,000000 18,006763
v 16,000000 47,000000 26,359281
v 16,000000 47,530897 26,000000
v 15,112743 47,000000 26,000000
v 15,000000 47,000000 27,233686
v 15,853946 47,000000 27,000000
v 15,000000 46,000000 26,947293
v 15,000000 46,000000 26,947293
v 15,853946 47,000000 27,000000
v 15,112743 46,000000 27,000000
v 15,103046 47,000000 28,000000
v 16,000000 47,000000 29,390679
v 15,853946 46,000000 28,000000
v 15,853946 46,000000 28,000000
v 16,000000 47,000000 29,390679
v 16,000000 46,000000 27,978331
v 16,000000 48,210743 29,000000
v 15,279353 47,000000 29,000000
v 16,000000 47,000000 29,899414
v 15,000000 44,820663 29,000000
v 15,103046 46,000000 29,000000
v 15,000000 46,000000 28,901089
v 15,279353 46,000000 30,000000
v 15,000000 46,000000 29,766846
v 15,000000 46,131238 30,000000
v 16,000000 48,731267 30,000000
v 16,000000 47,000000 28,226762
v 15,057390 47,000000 30,000000
v 15,057390 46,000000 31,000000
v 15,000000 54,160471 31,000000
v 15,000000 46,000000 31,054939
v 15,385179 47,000000 31,000000
v 16,000000 47,093224 31,000000
v 16,000000 47,000000 30,871262
v 15,385179 46,000000 32,000000
v 15,000000 46,057573 32,000000
v 15,000000 46,000000 32,054815
v 16,000000 48,530897 25,000000
v 16,000000 48,000000 26,952459
v 15,112743 48,000000 25,000000
v 15,000000 47,000000 26,053154
v 15,112743 47,000000 26,000000
v 15,000000 48,000000 25,792537
v 15,000000 48,000000 25,792537
v 15,112743 47,000000 26,000000
v 15,853946 48,000000 26,000000
v 16,000000 48,000000 25,958228
v 15,103046 48,000000 27,000000
v 16,000000 47,000000 27,071325
v 16,000000 47,000000 27,071325
v 15,103046 48,000000 27,000000
v 15,853946 47,000000 27,000000
v 15,103046 47,000000 28,000000
v 15,000000 45,820663 28,000000
v 15,000000 47,000000 28,078023
v 15,279353 48,000000 28,000000
v 16,000000 49,210743 28,000000
v 16,000000 48,000000 27,589304
v 15,279353 47,000000 29,000000
v 15,000000 47,131238 29,000000
v 15,000000 47,000000 29,119994
v 16,968750 1,000000 21,000000
v 16,000000 -1,400943 21,000000
v 16,000000 1,000000 22,566500
v 17,000000 0,000000 21,970741
v 16,968750 0,000000 22,000000
v 17,000000 0,038827 22,000000
v 17,000000 2,000000 60,166052
v 17,000000 3,375330 20,000000
v 16,456995 2,000000 20,000000
v 16,000000 1,000000 20,522387
v 16,000000 1,455492 21,000000
v 16,456995 1,000000 21,000000
v 16,000000 2,000000 22,760469
v 16,000000 -0,400943 20,000000
v 16,968750 2,000000 20,000000
v 16,968750 1,000000 21,000000
v 17,000000 1,000000 21,114113
v 17,000000 1,038827 21,000000
v 16,985444 2,000000 31,000000
v 16,000000 -0,595706 31,000000
v 16,000000 2,000000 33,721971
v 17,000000 1,000000 31,976285
v 16,985444 1,000000 32,000000
v 17,000000 1,014857 32,000000
v 16,763176 3,000000 15,000000
v 16,000000 4,489906 15,000000
v 16,000000 3,000000 15,757742
v 16,317439 3,000000 16,000000
v 17,000000 3,000000 17,029054
v 16,763176 2,000000 16,000000
v 16,763176 2,000000 16,000000
v 17,000000 3,000000 17,029054
v 17,000000 2,000000 15,847808
v 16,317439 2,000000 17,000000
v 16,000000 2,000000 16,726540
v 16,000000 2,453814 17,000000
v 17,000000 4,375330 19,000000
v 17,000000 3,000000 17,729792
v 16,456995 3,000000 19,000000
v 16,456995 2,000000 20,000000
v 16,000000 2,455492 20,000000
v 16,000000 2,000000 20,459075
v 16,985444 3,000000 30,000000
v 16,000000 3,000000 33,107139
v 16,000000 0,404294 30,000000
v 16,985444 2,000000 31,000000
v 17,000000 2,000000 31,017726
v 17,000000 2,014857 31,000000
v 16,763176 4,000000 14,000000
v 16,000000 4,000000 11,531442
v 16,000000 5,489906 14,000000
v 17,000000 4,000000 13,875787
v 16,317439 4,000000 15,000000
v 17,000000 3,000000 15,385809
v 17,000000 3,000000 15,385809
v 16,317439 4,000000 15,000000
v 16,763176 3,000000 15,000000
v 16,317439 3,000000 16,000000
v 16,000000 3,453814 16,000000
v 16,000000 3,000000 16,281754
v 16,913707 5,000000 11,000000
v 16,000000 6,973914 11,000000
v 16,000000 5,000000 12,339349
v 17,000000 4,000000 11,925662
v 16,913707 4,000000 12,000000
v 17,000000 4,116539 12,000000
v 16,913707 6,000000 10,000000
v 16,000000 6,000000 2,545806
v 16,000000 7,973914 10,000000
v 16,913707 5,000000 11,000000
v 17,000000 5,000000 11,292890
v 17,000000 5,116539 11,000000
v 17,000000 19,000000 2,391946
v 17,000000 20,113306 2,000000
v 16,355131 19,000000 2,000000
v 16,355131 18,000000 3,000000
v 16,000000 18,000000 2,840727
v 16,000000 18,208755 3,000000
v 17,000000 21,113306 1,000000
v 17,000000 20,000000 0,217975
v 16,355131 20,000000 1,000000
v 16,355131 19,000000 2,000000
v 16,000000 19,208755 2,000000
v 16,000000 19,000000 2,283049
v 17,000000 27,000000 51,121676
v 17,000000 27,961872 47,000000
v 16,211319 27,000000 47,000000
v 16,211319 26,000000 48,000000
v 16,000000 26,000000 47,493902
v 16,000000 26,458837 48,000000
v 17,000000 28,961872 46,000000
v 17,000000 28,000000 44,364137
v 16,211319 28,000000 46,000000
v 16,211319 27,000000 47,000000
v 16,000000 27,458837 47,000000
v 16,000000 27,000000 47,234102
v 16,668883 41,000000 41,000000
v 16,000000 41,368233 41,000000
v 16,000000 41,000000 41,735014
v 17,000000 40,000000 41,761423
v 16,668883 40,000000 42,000000
v 17,000000 40,241104 42,000000
v 16,668883 42,000000 40,000000
v 16,000000 42,000000 39,700576
v 16,000000 42,368233 40,000000
v 16,668883 41,000000 41,000000
v 17,000000 41,000000 41,131412
v 17,000000 41,241104 41,000000
v 17,000000 43,000000 38,906051
v 17,000000 44,049046 38,000000
v 16,442268 43,000000 38,000000
v 16,442268 42,000000 39,000000
v 16,000000 42,000000 38,630583
v 16,000000 42,419220 39,000000
v 17,000000 45,049046 37,000000
v 17,000000 44,000000 35,672029
v 16,442268 44,000000 37,000000
v 16,442268 43,000000 38,000000
v 16,000000 43,419220 38,000000
v 16,000000 43,000000 38,476389
v 17,000000 47,000000 28,261529
v 17,000000 45,229236 27,000000
v 16,026846 47,000000 27,000000
v 16,026846 46,000000 28,000000
v 16,000000 46,000000 27,978331
v 16,000000 46,037929 28,000000
v 17,000000 46,229236 26,000000
v 17,000000 48,000000 48,457021
v 16,026846 48,000000 26,000000
v 16,026846 47,000000 27,000000
v 16,000000 47,037929 27,000000
v 16,000000 47,000000 27,071325
v 18,000000 1,000000 21,433440
v 18,000000 1,751770 21,000000
v 17,078770 1,000000 21,000000
v 17,078770 0,000000 22,000000
v 17,000000 0,000000 21,970741
v 17,000000 0,038827 22,000000
v 17,986469 1,000000 26,000000
v 17,000000 13,263700 26,000000
v 17,000000 1,000000 29,039024
v 18,000000 0,000000 26,978297
v 17,986469 0,000000 27,000000
v 18,000000 0,011060 27,000000
v 18,000000 2,751770 20,000000
v 18,000000 2,000000 17,967824
v 17,078770 2,000000 20,000000
v 17,078770 1,000000 21,000000
v 17,000000 1,038827 21,000000
v 17,000000 1,000000 21,114113
v 17,986469 2,000000 25,000000
v 17,000000 2,000000 23,230638
v 17,000000 14,263700 25,000000
v 17,986469 1,000000 26,000000
v 18,000000 1,000000 26,014041
v 18,000000 1,011060 26,000000
v 18,000000 2,000000 31,451376
v 18,000000 2,729382 31,000000
v 17,060187 2,000000 31,000000
v 17,060187 1,000000 32,000000
v 17,000000 1,000000 31,976285
v 17,000000 1,014857 32,000000
v 18,000000 3,000000 16,479533
v 18,000000 1,147532 15,000000
v 17,195452 3,000000 15,000000
v 17,195452 2,000000 16,000000
v 17,000000 2,000000 15,847808
v 17,000000 2,244911 16,000000
v 18,000000 3,729382 30,000000
v 18,000000 3,000000 29,671829
v 17,060187 3,000000 30,000000
v 17,060187 2,000000 31,000000
v 17,000000 2,014857 31,000000
v 17,000000 2,000000 31,017726
v 18,000000 2,147532 14,000000
v 18,000000 4,000000 11,180205
v 17,195452 4,000000 14,000000
v 17,195452 3,000000 15,000000
v 17,000000 3,244911 15,000000
v 17,000000 3,000000 15,385809
v 17,812653 4,000000 36,000000
v 17,000000 -0,675821 36,000000
v 17,000000 4,000000 39,653634
v 18,000000 3,000000 36,647675
v 17,812653 3,000000 37,000000
v 18,000000 3,225937 37,000000
v 18,000000 5,000000 11,570316
v 18,000000 5,817348 11,000000
v 17,152141 5,000000 11,000000
v 17,152141 4,000000 12,000000
v 17,000000 4,000000 11,925662
v 17,000000 4,116539 12,000000
v 17,812653 5,000000 35,000000
v 17,000000 5,000000 33,454294
v 17,000000 0,324179 35,000000
v 17,812653 4,000000 36,000000
v 18,000000 4,000000 36,187100
v 18,000000 4,225937 36,000000
v 18,000000 6,817348 10,000000
v 18,000000 6,000000 7,106924
v 17,152141 6,000000 10,000000
v 17,152141 5,000000 11,000000
v 17,000000 5,116539 11,000000
v 17,000000 5,000000 11,292890
v 17,946326 12,000000 5,000000
v 17,000000 13,572459 5,000000
v 17,000000 12,000000 6,444930
v 18,000000 11,000000 5,944624
v 17,946326 11,000000 6,000000
v 18,000000 11,022795 6,000000
v 17,987444 12,000000 45,000000
v 17,000000 22,684114 45,000000
v 17,000000 12,000000 46,009765
v 18,000000 11,000000 45,991182
v 17,987444 11,000000 46,000000
v 18,000000 11,006253 46,000000
v 17,946326 13,000000 4,000000
v 17,000000 13,000000 3,467223
v 17,000000 14,572459 4,000000
v 17,946326 12,000000 5,000000
v 18,000000 12,000000 5,023216
v 18,000000 12,022795 5,000000
v 17,987444 13,000000 44,000000
v 17,000000 13,000000 46,737200
v 17,000000 23,684114 44,000000
v 17,987444 12,000000 45,000000
v 18,000000 12,000000 45,141148
v 18,000000 12,006253 45,000000
v 17,634384 15,000000 46,000000
v 17,000000 15,253791 46,000000
v 17,000000 15,000000 46,266027
v 18,000000 14,000000 46,866415
v 17,634384 14,000000 47,000000
v 18,000000 14,144310 47,000000
v 17,634384 16,000000 45,000000
v 17,000000 16,000000 44,645552
v 17,000000 16,253791 45,000000
v 17,634384 15,000000 46,000000
v 18,000000 15,000000 46,160816
v 18,000000 15,144310 46,000000
v 17,818280 21,000000 1,000000
v 17,000000 23,116850 1,000000
v 17,000000 21,000000 -3,794183
v 18,000000 20,000000 1,680722
v 17,818280 20,000000 2,000000
v 18,000000 20,252243 2,000000
v 17,818280 22,000000 0,000000
v 17,000000 22,000000 -3,295893
v 17,000000 24,116850 0,000000
v 17,818280 21,000000 1,000000
v 18,000000 21,000000 1,312184
v 18,000000 21,252243 1,000000
v 17,522601 23,000000 48,000000
v 17,000000 23,841630 48,000000
v 17,000000 23,000000 48,462574
v 18,000000 22,000000 48,722172
v 17,522601 22,000000 49,000000
v 18,000000 22,277430 49,000000
v 17,000000 24,841630 47,000000
v 17,522601 24,000000 47,000000
v 17,000000 25,206554 48,000000
v 17,000000 25,206554 48,000000
v 17,522601 24,000000 47,000000
v 17,656731 24,000000 48,000000
v 17,656731 23,000000 49,000000
v 18,000000 23,435808 49,000000
v 17,522601 23,000000 48,000000
v 17,522601 23,000000 48,000000
v 18,000000 23,435808 49,000000
v 18,000000 23,277430 48,000000
v 17,000000 26,206554 47,000000
v 17,656731 25,000000 47,000000
v 17,000000 26,473086 48,000000
v 17,000000 26,473086 48,000000
v 17,656731 25,000000 47,000000
v 17,739508 25,000000 48,000000
v 17,739508 24,000000 49,000000
v 18,000000 24,255293 49,000000
v 17,656731 24,000000 48,000000
v 17,656731 24,000000 48,000000
v 18,000000 24,255293 49,000000
v 18,000000 24,435808 48,000000
v 17,000000 27,473086 47,000000
v 17,739508 26,000000 47,000000
v 17,000000 8,993220 48,000000
v 17,000000 8,993220 48,000000
v 17,739508 26,000000 47,000000
v 17,903236 26,000000 48,000000
v 17,903236 25,000000 49,000000
v 18,000000 25,163911 49,000000
v 17,739508 25,000000 48,000000
v 17,739508 25,000000 48,000000
v 18,000000 25,163911 49,000000
v 18,000000 25,255293 48,000000
v 17,903236 27,000000 47,000000
v 17,000000 27,000000 67,844577
v 17,000000 9,993220 47,000000
v 17,903236 26,000000 48,000000
v 18,000000 26,000000 48,097310
v 18,000000 26,163911 48,000000
v 17,908059 29,000000 48,000000
v 17,000000 33,879114 48,000000
v 17,000000 29,000000 51,310711
v 18,000000 28,000000 48,899406
v 17,908059 28,000000 49,000000
v 18,000000 28,090887 49,000000
v 17,908059 30,000000 47,000000
v 17,000000 30,000000 43,617106
v 17,000000 34,879114 47,000000
v 17,908059 29,000000 48,000000
v 18,000000 29,000000 48,160339
v 18,000000 29,090887 48,000000
v 17,623641 34,000000 46,000000
v 17,000000 34,965692 46,000000
v 17,000000 34,000000 47,443754
v 18,000000 33,000000 46,587494
v 17,623641 33,000000 47,000000
v 18,000000 33,462838 47,000000
v 17,623641 35,000000 45,000000
v 17,000000 35,000000 43,937842
v 17,000000 35,965692 45,000000
v 17,623641 34,000000 46,000000
v 18,000000 34,000000 46,333528
v 18,000000 34,462838 46,000000
v 17,942427 38,000000 5,000000
v 17,000000 38,463268 5,000000
v 17,000000 38,000000 5,544753
v 18,000000 37,000000 5,974402
v 17,942427 37,000000 6,000000
v 18,000000 37,074577 6,000000
v 17,942427 39,000000 4,000000
v 17,000000 39,000000 1,442491
v 17,000000 39,463268 4,000000
v 17,942427 38,000000 5,000000
v 18,000000 38,000000 5,043910
v 18,000000 38,074577 5,000000
v 18,000000 41,000000 41,745576
v 18,000000 41,428400 41,000000
v 17,270369 41,000000 41,000000
v 17,270369 40,000000 42,000000
v 17,000000 40,000000 41,761423
v 17,000000 40,241104 42,000000
v 18,000000 42,428400 40,000000
v 18,000000 42,000000 39,517320
v 17,270369 42,000000 40,000000
v 17,270369 41,000000 41,000000
v 17,000000 41,241104 41,000000
v 17,000000 41,000000 41,131412
v 17,721815 44,000000 11,000000
v 17,000000 44,154205 11,000000
v 17,000000 44,000000 11,323499
v 18,000000 43,000000 11,917646
v 17,721815 43,000000 12,000000
v 18,000000 43,045714 12,000000
v 17,721815 45,000000 10,000000
v 17,000000 45,000000 9,894877
v 17,000000 45,154205 10,000000
v 17,721815 44,000000 11,000000
v 18,000000 44,000000 11,047346
v 18,000000 44,045714 11,000000
v 17,945533 45,000000 37,000000
v 17,000000 46,856814 37,000000
v 17,000000 45,000000 50,221306
v 18,000000 44,000000 37,679732
v 17,945533 44,000000 38,000000
v 18,000000 44,064688 38,000000
v 17,930165 46,000000 34,000000
v 17,000000 44,329510 34,000000
v 17,000000 46,000000 38,191684
v 17,766532 46,000000 35,000000
v 17,000000 47,992637 35,000000
v 17,000000 46,000000 37,301022
v 17,930165 45,000000 35,000000
v 18,000000 44,412182 35,000000
v 18,000000 45,000000 34,912163
v 18,000000 45,000000 35,649240
v 17,766532 45,000000 36,000000
v 18,000000 45,171932 36,000000
v 17,945533 46,000000 36,000000
v 17,000000 46,000000 34,870209
v 17,000000 47,856814 36,000000
v 17,945533 45,000000 37,000000
v 18,000000 45,000000 37,040883
v 18,000000 45,064688 37,000000
v 17,930165 47,000000 33,000000
v 17,000000 47,000000 29,599027
v 17,000000 45,329510 33,000000
v 17,000000 48,992637 34,000000
v 17,766532 47,000000 34,000000
v 17,000000 47,000000 33,125151
v 18,000000 45,412182 34,000000
v 17,930165 46,000000 34,000000
v 18,000000 46,000000 34,160920
v 17,766532 46,000000 35,000000
v 18,000000 46,000000 35,165721
v 18,000000 46,171932 35,000000
v 19,000000 1,000000 27,360883
v 19,000000 6,250317 26,000000
v 18,023504 1,000000 26,000000
v 18,023504 0,000000 27,000000
v 18,000000 0,000000 26,978297
v 18,000000 0,011060 27,000000
v 19,000000 7,250317 25,000000
v 19,000000 2,000000 24,183128
v 18,023504 2,000000 25,000000
v 18,023504 1,000000 26,000000
v 18,000000 1,011060 26,000000
v 18,000000 1,000000 26,014041
v 18,628194 3,000000 14,000000
v 18,000000 3,434985 14,000000
v 18,000000 3,000000 14,538168
v 19,000000 2,000000 14,781937
v 18,628194 2,000000 15,000000
v 19,000000 2,316947 15,000000
v 18,628194 4,000000 13,000000
v 18,000000 4,000000 12,405585
v 18,000000 4,434985 13,000000
v 18,628194 3,000000 14,000000
v 19,000000 3,000000 14,236434
v 19,000000 3,316947 14,000000
v 19,000000 4,000000 34,857497
v 19,000000 5,041279 36,000000
v 18,452814 4,000000 36,000000
v 18,452814 3,000000 37,000000
v 18,000000 3,000000 36,647675
v 18,000000 3,225937 37,000000
v 19,000000 6,041279 35,000000
v 19,000000 5,000000 34,720829
v 18,452814 5,000000 35,000000
v 18,452814 4,000000 36,000000
v 18,000000 4,225937 36,000000
v 18,000000 4,000000 36,187100
v 19,000000 12,000000 9,983242
v 19,000000 17,451162 5,000000
v 18,023413 12,000000 5,000000
v 18,023413 11,000000 6,000000
v 18,000000 11,000000 5,944624
v 18,000000 11,022795 6,000000
v 18,000000 11,928088 45,000000
v 18,000000 12,000000 44,991182
v 19,000000 11,771596 45,000000
v 19,000000 11,771596 45,000000
v 18,000000 12,000000 44,991182
v 19,000000 12,000000 44,814526
v 18,000000 11,000000 45,991182
v 18,000000 11,006253 46,000000
v 19,000000 11,000000 45,814526
v 19,000000 11,000000 45,814526
v 18,000000 11,006253 46,000000
v 19,000000 11,254444 46,000000
v 19,000000 18,451162 4,000000
v 19,000000 13,000000 2,313438
v 18,023413 13,000000 4,000000
v 18,023413 12,000000 5,000000
v 18,000000 12,022795 5,000000
v 18,000000 12,000000 5,023216
v 18,000000 13,000000 44,141148
v 18,000000 12,928088 44,000000
v 19,000000 13,000000 44,386162
v 19,000000 13,000000 44,386162
v 18,000000 12,928088 44,000000
v 19,000000 12,771596 44,000000
v 18,000000 12,006253 45,000000
v 18,000000 12,000000 45,141148
v 19,000000 12,254444 45,000000
v 19,000000 12,254444 45,000000
v 18,000000 12,000000 45,141148
v 19,000000 12,000000 45,386162
v 18,836401 14,000000 3,000000
v 18,000000 16,225732 3,000000
v 18,000000 14,000000 6,169851
v 19,000000 13,000000 3,729769
v 18,836401 13,000000 4,000000
v 19,000000 13,236111 4,000000
v 18,836401 15,000000 2,000000
v 18,000000 15,000000 14,376760
v 18,000000 17,225732 2,000000
v 18,836401 14,000000 3,000000
v 19,000000 14,000000 3,409128
v 19,000000 14,236111 3,000000
v 19,000000 15,000000 48,893734
v 19,000000 17,281705 46,000000
v 18,091656 15,000000 46,000000
v 18,091656 14,000000 47,000000
v 18,000000 14,000000 46,866415
v 18,000000 14,144310 47,000000
v 19,000000 18,281705 45,000000
v 19,000000 16,000000 51,405030
v 18,091656 16,000000 45,000000
v 18,091656 15,000000 46,000000
v 18,000000 15,144310 46,000000
v 18,000000 15,000000 46,160816
v 19,000000 21,000000 1,425746
v 19,000000 21,500863 1,000000
v 18,396160 21,000000 1,000000
v 18,396160 20,000000 2,000000
v 18,000000 20,000000 1,680722
v 18,000000 20,252243 2,000000
v 19,000000 22,500863 0,000000
v 19,000000 22,000000 -0,746984
v 18,396160 22,000000 0,000000
v 18,396160 21,000000 1,000000
v 18,000000 21,252243 1,000000
v 18,000000 21,000000 1,312184
v 19,000000 23,000000 48,271483
v 19,000000 23,335596 48,000000
v 18,466520 23,000000 48,000000
v 18,466520 22,000000 49,000000
v 18,000000 22,000000 48,722172
v 18,000000 22,277430 49,000000
v 19,000000 24,021406 48,000000
v 18,941966 24,000000 48,000000
v 19,000000 24,335596 47,000000
v 19,000000 24,335596 47,000000
v 18,941966 24,000000 48,000000
v 18,466520 24,000000 47,000000
v 18,000000 23,435808 49,000000
v 18,941966 23,000000 49,000000
v 18,000000 23,277430 48,000000
v 18,000000 23,277430 48,000000
v 18,941966 23,000000 49,000000
v 18,466520 23,000000 48,000000
v 19,000000 25,402765 48,000000
v 18,370952 25,000000 48,000000
v 19,000000 25,021406 47,000000
v 19,000000 25,021406 47,000000
v 18,370952 25,000000 48,000000
v 18,941966 25,000000 47,000000
v 18,000000 24,255293 49,000000
v 18,370952 24,000000 49,000000
v 18,000000 24,435808 48,000000
v 18,000000 24,435808 48,000000
v 18,370952 24,000000 49,000000
v 18,941966 24,000000 48,000000
v 19,000000 26,388573 48,000000
v 18,249704 26,000000 48,000000
v 19,000000 26,402765 47,000000
v 19,000000 26,402765 47,000000
v 18,249704 26,000000 48,000000
v 18,370952 26,000000 47,000000
v 18,000000 25,163911 49,000000
v 18,249704 25,000000 49,000000
v 18,000000 25,255293 48,000000
v 18,000000 25,255293 48,000000
v 18,249704 25,000000 49,000000
v 18,370952 25,000000 48,000000
v 19,000000 27,388573 47,000000
v 19,000000 27,000000 46,624587
v 18,249704 27,000000 47,000000
v 18,249704 26,000000 48,000000
v 18,000000 26,163911 48,000000
v 18,000000 26,000000 48,097310
v 19,000000 29,000000 48,528526
v 19,000000 30,287507 48,000000
v 18,205315 29,000000 48,000000
v 18,205315 28,000000 49,000000
v 18,000000 28,000000 48,899406
v 18,000000 28,090887 49,000000
v 18,778008 30,000000 1,000000
v 18,000000 31,227134 1,000000
v 18,000000 30,000000 2,519944
v 19,000000 29,000000 1,772799
v 18,778008 29,000000 2,000000
v 19,000000 29,418026 2,000000
v 19,000000 31,287507 47,000000
v 19,000000 30,000000 46,083779
v 18,205315 30,000000 47,000000
v 18,205315 29,000000 48,000000
v 18,000000 29,090887 48,000000
v 18,000000 29,000000 48,160339
v 18,778008 31,000000 0,000000
v 18,000000 31,000000 -2,117877
v 18,000000 32,227134 0,000000
v 18,778008 30,000000 1,000000
v 19,000000 30,000000 1,289942
v 19,000000 30,418026 1,000000
v 19,000000 34,000000 47,605466
v 19,000000 35,070301 46,000000
v 18,358562 34,000000 46,000000
v 18,358562 33,000000 47,000000
v 18,000000 33,000000 46,587494
v 18,000000 33,462838 47,000000
v 19,000000 36,070301 45,000000
v 19,000000 35,000000 41,458689
v 18,358562 35,000000 45,000000
v 18,358562 34,000000 46,000000
v 18,000000 34,462838 46,000000
v 18,000000 34,000000 46,333528
v 18,923191 36,000000 45,000000
v 18,000000 36,660252 45,000000
v 18,000000 36,000000 45,430465
v 19,000000 35,000000 45,970961
v 18,923191 35,000000 46,000000
v 19,000000 35,063246 46,000000
v 18,923191 37,000000 44,000000
v 18,000000 37,000000 48,740618
v 18,000000 37,660252 44,000000
v 18,923191 36,000000 45,000000
v 19,000000 36,000000 45,031370
v 19,000000 36,063246 45,000000
v 19,000000 38,000000 6,916721
v 19,000000 39,599816 5,000000
v 18,023409 38,000000 5,000000
v 18,023409 37,000000 6,000000
v 18,000000 37,000000 5,974402
v 18,000000 37,074577 6,000000
v 19,000000 40,599816 4,000000
v 19,000000 39,000000 0,223425
v 18,023409 39,000000 4,000000
v 18,023409 38,000000 5,000000
v 18,000000 38,074577 5,000000
v 18,000000 38,000000 5,043910
v 19,000000 44,000000 11,189307
v 19,000000 44,214247 11,000000
v 18,255403 44,000000 11,000000
v 18,255403 43,000000 12,000000
v 18,000000 43,000000 11,917646
v 18,000000 43,045714 12,000000
v 19,000000 45,214247 10,000000
v 19,000000 45,000000 9,845956
v 18,255403 45,000000 10,000000
v 18,255403 44,000000 11,000000
v 18,000000 44,045714 11,000000
v 18,000000 44,000000 11,047346
v 19,000000 45,000000 44,901971
v 19,000000 46,156193 37,000000
v 18,074782 45,000000 37,000000
v 18,074782 44,000000 38,000000
v 18,000000 44,000000 37,679732
v 18,000000 44,064688 38,000000
v 19,000000 46,000000 34,426174
v 19,000000 46,837030 34,000000
v 18,163381 46,000000 34,000000
v 19,000000 44,083249 35,000000
v 18,201469 46,000000 35,000000
v 19,000000 46,000000 38,019911
v 18,000000 44,412182 35,000000
v 18,163381 45,000000 35,000000
v 18,000000 45,000000 34,912163
v 18,201469 45,000000 36,000000
v 18,000000 45,000000 35,649240
v 18,000000 45,171932 36,000000
v 19,000000 47,156193 36,000000
v 19,000000 46,000000 35,282552
v 18,074782 46,000000 36,000000
v 18,074782 45,000000 37,000000
v 18,000000 45,064688 37,000000
v 18,000000 45,000000 37,040883
v 19,000000 47,837030 33,000000
v 19,000000 47,000000 31,779507
v 18,163381 47,000000 33,000000
v 18,163381 46,000000 34,000000
v 18,000000 45,412182 34,000000
v 18,000000 46,000000 34,160920
v 18,201469 47,000000 34,000000
v 19,000000 45,083249 34,000000
v 19,000000 47,000000 32,585643
v 18,201469 46,000000 35,000000
v 18,000000 46,171932 35,000000
v 18,000000 46,000000 35,165721
v 20,000000 3,000000 17,604215
v 20,000000 3,849690 14,000000
v 19,274496 3,000000 14,000000
v 19,274496 2,000000 15,000000
v 19,000000 2,000000 14,781937
v 19,000000 2,316947 15,000000
v 19,893007 4,000000 12,000000
v 19,000000 10,361739 12,000000
v 19,000000 4,000000 13,764290
v 20,000000 3,000000 12,884480
v 19,893007 3,000000 13,000000
v 20,000000 3,091278 13,000000
v 20,000000 4,849690 13,000000
v 20,000000 4,000000 12,354870
v 19,274496 4,000000 13,000000
v 19,274496 3,000000 14,000000
v 19,000000 3,316947 14,000000
v 19,000000 3,000000 14,236434
v 19,893007 5,000000 11,000000
v 19,000000 5,000000 8,505862
v 19,000000 11,361739 11,000000
v 19,893007 4,000000 12,000000
v 20,000000 4,000000 12,151046
v 20,000000 4,091278 12,000000
v 19,658080 7,000000 8,000000
v 19,000000 8,818603 8,000000
v 19,000000 7,000000 9,908594
v 20,000000 6,000000 8,580502
v 19,658080 6,000000 9,000000
v 20,000000 6,381720 9,000000
v 19,658080 8,000000 7,000000
v 19,000000 8,000000 5,412898
v 19,000000 9,818603 7,000000
v 19,658080 7,000000 8,000000
v 20,000000 7,000000 8,371668
v 20,000000 7,381720 8,000000
v 20,000000 12,000000 45,574959
v 20,000000 12,748343 45,000000
v 19,324703 12,000000 45,000000
v 19,324703 11,000000 46,000000
v 19,000000 11,000000 45,814526
v 19,000000 11,254444 46,000000
v 20,000000 13,748343 44,000000
v 20,000000 13,000000 42,542941
v 19,324703 13,000000 44,000000
v 19,324703 12,000000 45,000000
v 19,000000 12,254444 45,000000
v 19,000000 12,000000 45,386162
v 20,000000 14,000000 3,287386
v 20,000000 14,643384 3,000000
v 19,532787 14,000000 3,000000
v 19,532787 13,000000 4,000000
v 19,000000 13,000000 3,729769
v 19,000000 13,236111 4,000000
v 20,000000 15,643384 2,000000
v 20,000000 15,000000 -0,669698
v 19,532787 15,000000 2,000000
v 19,532787 14,000000 3,000000
v 19,000000 14,236111 3,000000
v 19,000000 14,000000 3,409128
v 19,812235 16,000000 47,000000
v 19,000000 17,103138 47,000000
v 19,000000 16,000000 49,118590
v 20,000000 15,000000 47,559228
v 19,812235 15,000000 48,000000
v 20,000000 15,180960 48,000000
v 19,812235 17,000000 46,000000
v 19,000000 17,000000 45,131704
v 19,000000 18,103138 46,000000
v 19,812235 16,000000 47,000000
v 20,000000 16,000000 47,313478
v 20,000000 16,180960 47,000000
v 19,000000 29,805854 1,000000
v 19,000000 30,000000 0,772799
v 20,000000 29,899144 1,000000
v 20,000000 29,899144 1,000000
v 19,000000 30,000000 0,772799
v 20,000000 30,000000 0,902158
v 19,000000 29,000000 1,772799
v 19,000000 29,418026 2,000000
v 20,000000 29,000000 1,902158
v 20,000000 29,000000 1,902158
v 19,000000 29,418026 2,000000
v 20,000000 29,093989 2,000000
v 19,000000 31,000000 0,289942
v 19,000000 30,805854 0,000000
v 20,000000 31,000000 0,096697
v 20,000000 31,000000 0,096697
v 19,000000 30,805854 0,000000
v 20,000000 30,899144 0,000000
v 19,000000 30,418026 1,000000
v 19,000000 30,000000 1,289942
v 20,000000 30,093989 1,000000
v 20,000000 30,093989 1,000000
v 19,000000 30,000000 1,289942
v 20,000000 30,000000 1,096697
v 19,753748 35,000000 46,000000
v 19,000000 23,632898 46,000000
v 19,000000 35,000000 41,458689
v 20,000000 34,000000 46,718719
v 19,753748 34,000000 47,000000
v 20,000000 34,401200 47,000000
v 20,000000 36,000000 46,447196
v 20,000000 36,447717 45,000000
v 19,043469 36,000000 45,000000
v 19,753748 36,000000 45,000000
v 19,000000 35,000000 45,970961
v 19,000000 24,632898 45,000000
v 19,753748 36,000000 45,000000
v 19,043469 35,000000 46,000000
v 19,000000 35,000000 45,970961
v 19,753748 36,000000 45,000000
v 19,791955 36,000000 46,000000
v 19,043469 35,000000 46,000000
v 19,791955 35,000000 47,000000
v 20,000000 35,091247 47,000000
v 19,753748 35,000000 46,000000
v 19,753748 35,000000 46,000000
v 20,000000 35,091247 47,000000
v 20,000000 35,401200 46,000000
v 20,000000 37,447717 44,000000
v 20,000000 37,000000 40,177061
v 19,043469 37,000000 44,000000
v 19,000000 36,000000 45,031370
v 19,043469 36,000000 45,000000
v 19,000000 37,000000 44,396294
v 19,000000 37,000000 44,396294
v 19,043469 36,000000 45,000000
v 19,791955 37,000000 45,000000
v 19,791955 36,000000 46,000000
v 20,000000 36,000000 46,103473
v 20,000000 36,091247 46,000000
v 19,866562 40,000000 6,000000
v 19,000000 43,171029 6,000000
v 19,000000 40,000000 9,285449
v 20,000000 39,000000 6,774962
v 19,866562 39,000000 7,000000
v 20,000000 39,160580 7,000000
v 19,866562 41,000000 5,000000
v 19,000000 41,000000 2,952814
v 19,000000 44,171029 5,000000
v 19,866562 40,000000 6,000000
v 20,000000 40,000000 6,158124
v 20,000000 40,160580 6,000000
v 19,929972 48,000000 18,000000
v 19,000000 50,961861 18,000000
v 19,000000 48,000000 23,327247
v 20,000000 47,000000 18,828124
v 19,929972 47,000000 19,000000
v 20,000000 47,154998 19,000000
v 19,309205 48,000000 20,000000
v 19,000000 149,670875 20,000000
v 19,000000 48,000000 20,259439
v 20,000000 47,000000 20,758308
v 19,309205 47,000000 21,000000
v 20,000000 47,234787 21,000000
v 19,929972 49,000000 17,000000
v 19,000000 49,000000 15,212482
v 19,000000 51,961861 17,000000
v 19,929972 48,000000 18,000000
v 20,000000 48,000000 18,073318
v 20,000000 48,154998 18,000000
v 19,309205 49,000000 19,000000
v 19,000000 49,000000 18,868625
v 19,000000 150,670875 19,000000
v 19,309205 48,000000 20,000000
v 20,000000 48,000000 20,357793
v 20,000000 48,234787 20,000000
v 20,832863 1,000000 20,000000
v 20,000000 2,910120 20,000000
v 20,000000 1,000000 25,036293
v 20,992603 1,000000 21,000000
v 20,000000 4,568667 21,000000
v 20,000000 1,000000 40,248427
v 20,832863 0,000000 21,000000
v 21,000000 1,029874 21,000000
v 21,000000 0,000000 20,576103
v 21,000000 0,000000 21,928269
v 20,992603 0,000000 22,000000
v 21,000000 0,005830 22,000000
v 20,832863 2,000000 19,000000
v 20,000000 2,000000 17,841962
v 20,000000 3,910120 19,000000
v 20,000000 5,568667 20,000000
v 20,992603 2,000000 20,000000
v 20,000000 2,000000 19,264217
v 21,000000 2,029874 20,000000
v 20,832863 1,000000 20,000000
v 21,000000 1,000000 20,136195
v 20,992603 1,000000 21,000000
v 21,000000 1,000000 21,003933
v 21,000000 1,005830 21,000000
v 20,874729 3,000000 14,000000
v 20,000000 3,849690 14,000000
v 20,000000 3,000000 17,604215
v 21,000000 2,000000 14,718133
v 20,874729 2,000000 15,000000
v 21,000000 2,111604 15,000000
v 21,000000 4,000000 12,815892
v 21,000000 6,776402 12,000000
v 20,173916 4,000000 12,000000
v 20,173916 3,000000 13,000000
v 20,000000 3,000000 12,884480
v 20,000000 3,091278 13,000000
v 20,874729 4,000000 13,000000
v 20,000000 4,000000 12,354870
v 20,000000 4,849690 13,000000
v 20,874729 3,000000 14,000000
v 21,000000 3,000000 14,064467
v 21,000000 3,111604 14,000000
v 21,000000 7,776402 11,000000
v 21,000000 5,000000 9,869189
v 20,173916 5,000000 11,000000
v 20,173916 4,000000 12,000000
v 20,000000 4,091278 12,000000
v 20,000000 4,000000 12,151046
v 20,030119 5,000000 39,000000
v 20,000000 5,008538 39,000000
v 20,000000 5,000000 39,006946
v 21,000000 4,000000 39,743144
v 20,030119 4,000000 40,000000
v 21,000000 4,245833 40,000000
v 20,030119 6,000000 38,000000
v 20,000000 6,000000 37,950171
v 20,000000 6,008538 38,000000
v 20,030119 5,000000 39,000000
v 21,000000 5,000000 39,210079
v 21,000000 5,245833 39,000000
v 20,000000 6,593562 8,000000
v 20,000000 7,000000 7,580502
v 21,000000 6,707033 8,000000
v 21,000000 6,707033 8,000000
v 20,000000 7,000000 7,580502
v 21,000000 7,000000 7,522786
v 20,000000 6,000000 8,580502
v 20,000000 6,381720 9,000000
v 21,000000 6,000000 8,522786
v 21,000000 6,000000 8,522786
v 20,000000 6,381720 9,000000
v 21,000000 6,287333 9,000000
v 20,000000 8,000000 7,371668
v 20,000000 7,593562 7,000000
v 21,000000 8,000000 7,222929
v 21,000000 8,000000 7,222929
v 20,000000 7,593562 7,000000
v 21,000000 7,707033 7,000000
v 20,000000 7,381720 8,000000
v 20,000000 7,000000 8,371668
v 21,000000 7,287333 8,000000
v 21,000000 7,287333 8,000000
v 20,000000 7,000000 8,371668
v 21,000000 7,000000 8,222929
v 20,871186 16,000000 2,000000
v 20,000000 17,180466 2,000000
v 20,000000 16,000000 5,634114
v 21,000000 15,000000 2,945668
v 20,871186 15,000000 3,000000
v 21,000000 15,053548 3,000000
v 21,000000 16,000000 42,447477
v 21,000000 16,886711 47,000000
v 20,208307 16,000000 47,000000
v 20,208307 15,000000 48,000000
v 20,000000 15,000000 47,559228
v 20,000000 15,180960 48,000000
v 20,871186 17,000000 1,000000
v 20,000000 17,000000 -1,318597
v 20,000000 18,180466 1,000000
v 20,871186 16,000000 2,000000
v 21,000000 16,000000 2,113495
v 21,000000 16,053548 2,000000
v 21,000000 17,886711 46,000000
v 21,000000 17,000000 44,710766
v 20,208307 17,000000 46,000000
v 20,208307 16,000000 47,000000
v 20,000000 16,180960 47,000000
v 20,000000 16,000000 47,313478
v 20,822892 19,000000 48,000000
v 20,000000 20,428995 48,000000
v 20,000000 19,000000 49,346962
v 21,000000 18,000000 48,838494
v 20,822892 18,000000 49,000000
v 21,000000 18,290283 49,000000
v 20,822892 20,000000 47,000000
v 20,000000 20,000000 51,154792
v 20,000000 21,428995 47,000000
v 20,822892 19,000000 48,000000
v 21,000000 19,000000 48,358400
v 21,000000 19,290283 48,000000
v 21,000000 25,000000 0,861977
v 20,929217 25,000000 1,000000
v 21,000000 25,157607 1,000000
v 20,932529 26,000000 49,000000
v 20,000000 30,958873 49,000000
v 20,000000 26,000000 52,256155
v 20,929217 26,000000 0,000000
v 21,000000 26,000000 0,076663
v 21,000000 26,157607 0,000000
v 20,932529 27,000000 48,000000
v 20,000000 27,000000 45,747055
v 20,000000 31,958873 48,000000
v 21,000000 30,000000 1,149082
v 21,000000 30,154036 1,000000
v 20,428826 30,000000 1,000000
v 20,428826 29,000000 2,000000
v 20,000000 29,000000 1,902158
v 20,000000 29,093989 2,000000
v 21,000000 31,154036 0,000000
v 21,000000 31,000000 -0,147205
v 20,428826 31,000000 0,000000
v 20,428826 30,000000 1,000000
v 20,000000 30,093989 1,000000
v 20,000000 30,000000 1,096697
v 20,306575 31,000000 48,000000
v 20,000000 31,076235 48,000000
v 20,000000 31,000000 48,044850
v 21,000000 30,000000 48,870406
v 20,306575 30,000000 49,000000
v 21,000000 30,066920 49,000000
v 20,306575 32,000000 47,000000
v 20,000000 32,000000 46,944441
v 20,000000 32,076235 47,000000
v 20,306575 31,000000 48,000000
v 21,000000 31,000000 48,082360
v 21,000000 31,066920 48,000000
v 21,000000 35,000000 47,158092
v 21,000000 35,723545 46,000000
v 20,390971 35,000000 46,000000
v 20,390971 34,000000 47,000000
v 20,000000 34,000000 46,718719
v 20,000000 34,401200 47,000000
v 21,000000 37,260678 46,000000
v 20,245425 36,000000 46,000000
v 21,000000 36,723545 45,000000
v 21,000000 36,723545 45,000000
v 20,245425 36,000000 46,000000
v 20,390971 36,000000 45,000000
v 20,000000 35,091247 47,000000
v 20,245425 35,000000 47,000000
v 20,000000 35,401200 46,000000
v 20,000000 35,401200 46,000000
v 20,245425 35,000000 47,000000
v 20,390971 35,000000 46,000000
v 20,892728 37,000000 45,000000
v 20,000000 38,091217 45,000000
v 20,000000 37,000000 40,177061
v 21,000000 38,260678 45,000000
v 21,000000 37,000000 48,502016
v 20,245425 37,000000 45,000000
v 21,000000 36,280731 46,000000
v 21,000000 36,000000 45,865425
v 20,892728 36,000000 46,000000
v 20,245425 36,000000 46,000000
v 20,000000 36,091247 46,000000
v 20,000000 36,000000 46,103473
v 20,892728 38,000000 44,000000
v 20,000000 38,000000 40,540613
v 20,000000 39,091217 44,000000
v 20,892728 37,000000 45,000000
v 21,000000 37,000000 45,099616
v 21,000000 37,280731 45,000000
v 20,621720 39,000000 44,000000
v 20,000000 39,564299 44,000000
v 20,000000 39,000000 41,505492
v 21,000000 38,000000 44,739238
v 20,621720 38,000000 45,000000
v 21,000000 38,250672 45,000000
v 21,000000 40,000000 6,521829
v 21,000000 40,505681 6,000000
v 20,376806 40,000000 6,000000
v 20,376806 39,000000 7,000000
v 20,000000 39,000000 6,774962
v 20,000000 39,160580 7,000000
v 20,621720 40,000000 43,000000
v 20,000000 40,000000 42,673942
v 20,000000 40,564299 43,000000
v 20,621720 39,000000 44,000000
v 21,000000 39,000000 44,222494
v 21,000000 39,250672 44,000000
v 21,000000 41,505681 5,000000
v 21,000000 41,000000 4,655422
v 20,376806 41,000000 5,000000
v 20,376806 40,000000 6,000000
v 20,000000 40,160580 6,000000
v 20,000000 40,000000 6,158124
v 20,774011 47,000000 15,000000
v 20,000000 49,201183 15,000000
v 20,000000 47,000000 18,020943
v 21,000000 46,000000 15,629695
v 20,774011 46,000000 16,000000
v 21,000000 46,269518 16,000000
v 20,774011 48,000000 14,000000
v 20,000000 48,000000 12,410936
v 20,000000 50,201183 14,000000
v 20,774011 47,000000 15,000000
v 21,000000 47,000000 15,233932
v 21,000000 47,269518 15,000000
v 21,000000 48,000000 18,896990
v 21,000000 48,528733 18,000000
v 20,212509 48,000000 18,000000
v 20,212509 47,000000 19,000000
v 20,000000 47,000000 18,828124
v 20,000000 47,154998 19,000000
v 21,000000 48,000000 20,726804
v 21,000000 49,907322 20,000000
v 20,350228 48,000000 20,000000
v 20,350228 47,000000 21,000000
v 20,000000 47,000000 20,758308
v 20,000000 47,234787 21,000000
v 21,000000 49,528733 17,000000
v 21,000000 49,000000 16,660392
v 20,212509 49,000000 17,000000
v 20,212509 48,000000 18,000000
v 20,000000 48,154998 18,000000
v 20,000000 48,000000 18,073318
v 21,000000 50,907322 19,000000
v 21,000000 49,000000 16,928830
v 20,350228 49,000000 19,000000
v 20,350228 48,000000 20,000000
v 20,000000 48,234787 20,000000
v 20,000000 48,000000 20,357793
v 21,812622 1,000000 17,000000
v 21,000000 4,125747 17,000000
v 21,000000 1,000000 18,096745
v 22,000000 0,000000 17,849029
v 21,812622 0,000000 18,000000
v 22,000000 0,336965 18,000000
v 22,000000 1,000000 22,936587
v 22,000000 2,145293 20,000000
v 21,224714 1,000000 20,000000
v 22,000000 -1,857982 21,000000
v 21,005436 1,000000 21,000000
v 22,000000 1,000000 52,048314
v 21,000000 1,029874 21,000000
v 21,224714 0,000000 21,000000
v 21,000000 0,000000 20,576103
v 21,005436 0,000000 22,000000
v 21,000000 0,000000 21,928269
v 21,000000 0,005830 22,000000
v 21,812622 2,000000 16,000000
v 21,000000 2,000000 13,483928
v 21,000000 5,125747 16,000000
v 21,812622 1,000000 17,000000
v 22,000000 1,000000 17,312591
v 22,000000 1,336965 17,000000
v 22,000000 3,145293 19,000000
v 22,000000 2,000000 18,291224
v 21,224714 2,000000 19,000000
v 21,224714 1,000000 20,000000
v 21,000000 2,029874 20,000000
v 21,000000 1,000000 20,136195
v 21,005436 2,000000 20,000000
v 22,000000 -0,857982 20,000000
v 22,000000 2,000000 18,883855
v 21,005436 1,000000 21,000000
v 21,000000 1,005830 21,000000
v 21,000000 1,000000 21,003933
v 21,818387 2,000000 33,000000
v 21,000000 0,091646 33,000000
v 21,000000 2,000000 35,332270
v 22,000000 1,000000 33,616325
v 21,818387 1,000000 34,000000
v 22,000000 1,318198 34,000000
v 22,000000 3,000000 21,914981
v 22,000000 4,756492 14,000000
v 21,077816 3,000000 14,000000
v 21,077816 2,000000 15,000000
v 21,000000 2,000000 14,718133
v 21,000000 2,111604 15,000000
v 21,818387 3,000000 32,000000
v 21,000000 3,000000 31,015665
v 21,000000 1,091646 32,000000
v 21,818387 2,000000 33,000000
v 22,000000 2,000000 33,135616
v 22,000000 2,318198 33,000000
v 22,000000 5,756492 13,000000
v 22,000000 4,000000 11,726536
v 21,077816 4,000000 13,000000
v 21,077816 3,000000 14,000000
v 21,000000 3,111604 14,000000
v 21,000000 3,000000 14,064467
v 22,000000 5,000000 41,366411
v 22,000000 8,690803 39,000000
v 21,186125 5,000000 39,000000
v 21,186125 4,000000 40,000000
v 21,000000 4,000000 39,743144
v 21,000000 4,245833 40,000000
v 22,000000 9,690803 38,000000
v 22,000000 6,000000 42,089609
v 21,186125 6,000000 38,000000
v 21,000000 6,760292 40,000000
v 21,000000 6,000000 41,124860
v 21,619499 6,000000 40,000000
v 21,000000 5,245833 39,000000
v 21,000000 5,000000 39,210079
v 21,186125 5,000000 39,000000
v 21,645615 6,000000 41,000000
v 21,000000 7,005834 41,000000
v 21,000000 6,000000 41,168067
v 21,619499 5,000000 41,000000
v 22,000000 6,812069 41,000000
v 22,000000 5,000000 40,573234
v 22,000000 5,000000 41,908512
v 21,645615 5,000000 42,000000
v 22,000000 5,083475 42,000000
v 22,000000 7,000000 10,512316
v 22,000000 8,296942 8,000000
v 21,298045 7,000000 8,000000
v 21,298045 6,000000 9,000000
v 21,000000 6,000000 8,522786
v 21,000000 6,287333 9,000000
v 21,619499 7,000000 39,000000
v 21,000000 7,000000 36,497954
v 21,000000 7,760292 39,000000
v 21,000000 8,005834 40,000000
v 21,645615 7,000000 40,000000
v 21,000000 7,000000 38,938725
v 22,000000 7,812069 40,000000
v 21,619499 6,000000 40,000000
v 22,000000 6,000000 40,245609
v 21,645615 6,000000 41,000000
v 22,000000 6,000000 41,222177
v 22,000000 6,083475 41,000000
v 22,000000 9,296942 7,000000
v 22,000000 8,000000 6,104701
v 21,298045 8,000000 7,000000
v 21,298045 7,000000 8,000000
v 21,000000 7,287333 8,000000
v 21,000000 7,000000 8,222929
v 22,000000 16,000000 3,763085
v 22,000000 29,473212 2,000000
v 21,052446 16,000000 2,000000
v 21,052446 15,000000 3,000000
v 21,000000 15,000000 2,945668
v 21,000000 15,053548 3,000000
v 21,822227 16,000000 47,000000
v 21,000000 16,886711 47,000000
v 21,000000 16,000000 42,447477
v 22,000000 15,000000 47,801100
v 21,822227 15,000000 48,000000
v 22,000000 15,162632 48,000000
v 22,000000 30,473212 1,000000
v 22,000000 17,000000 2,913428
v 21,052446 17,000000 1,000000
v 21,052446 16,000000 2,000000
v 21,000000 16,053548 2,000000
v 21,000000 16,000000 2,113495
v 21,822227 17,000000 46,000000
v 21,000000 17,000000 44,710766
v 21,000000 17,886711 46,000000
v 21,822227 16,000000 47,000000
v 22,000000 16,000000 47,081671
v 22,000000 16,162632 47,000000
v 22,000000 19,000000 48,690961
v 22,000000 19,730570 48,000000
v 21,261542 19,000000 48,000000
v 21,261542 18,000000 49,000000
v 21,000000 18,000000 48,838494
v 21,000000 18,290283 49,000000
v 22,000000 20,730570 47,000000
v 22,000000 20,000000 48,231020
v 21,261542 20,000000 47,000000
v 21,261542 19,000000 48,000000
v 21,000000 19,290283 48,000000
v 21,000000 19,000000 48,358400
v 22,000000 21,000000 0,537414
v 21,708893 21,000000 1,000000
v 22,000000 21,433643 1,000000
v 21,818296 22,000000 1,000000
v 22,000000 22,211463 1,000000
v 21,708893 22,000000 0,000000
v 21,708893 22,000000 0,000000
v 22,000000 22,211463 1,000000
v 22,000000 22,433643 0,000000
v 21,672626 23,000000 49,000000
v 21,000000 23,912645 49,000000
v 21,000000 23,000000 49,707261
v 21,818296 23,000000 0,000000
v 22,000000 23,000000 0,152136
v 22,000000 23,211463 0,000000
v 21,672626 24,000000 48,000000
v 21,000000 24,000000 47,501387
v 21,000000 24,912645 48,000000
v 21,817973 25,000000 49,000000
v 21,000000 27,176893 49,000000
v 21,000000 25,000000 50,406287
v 21,179581 25,000000 1,000000
v 21,000000 25,000000 0,861977
v 21,000000 25,157607 1,000000
v 21,817973 26,000000 48,000000
v 21,000000 26,000000 48,888245
v 21,000000 28,176893 48,000000
v 21,217585 26,000000 49,000000
v 22,000000 26,000000 48,329702
v 22,000000 26,769361 49,000000
v 21,179581 26,000000 0,000000
v 21,000000 26,157607 0,000000
v 21,000000 26,000000 0,076663
v 22,000000 27,769361 48,000000
v 22,000000 27,000000 47,617896
v 21,217585 27,000000 48,000000
v 22,000000 31,000000 46,490538
v 22,000000 31,240866 48,000000
v 21,253262 31,000000 48,000000
v 21,253262 30,000000 49,000000
v 21,000000 30,000000 48,870406
v 21,000000 30,066920 49,000000
v 22,000000 32,240866 47,000000
v 22,000000 32,000000 46,839925
v 21,253262 32,000000 47,000000
v 21,253262 31,000000 48,000000
v 21,000000 31,066920 48,000000
v 21,000000 31,000000 48,082360
v 22,000000 37,000000 47,668834
v 22,000000 39,407907 45,000000
v 21,088232 37,000000 45,000000
v 21,088232 36,000000 46,000000
v 21,000000 36,000000 45,865425
v 21,000000 36,280731 46,000000
v 21,687194 38,000000 4,000000
v 21,000000 39,363255 4,000000
v 21,000000 38,000000 6,372495
v 22,000000 37,000000 4,541704
v 21,687194 37,000000 5,000000
v 22,000000 37,371139 5,000000
v 22,000000 40,407907 44,000000
v 22,000000 38,000000 45,040563
v 21,088232 38,000000 44,000000
v 21,088232 37,000000 45,000000
v 21,000000 37,280731 45,000000
v 21,000000 37,000000 45,099616
v 21,687194 39,000000 3,000000
v 21,000000 39,000000 1,843776
v 21,000000 40,363255 3,000000
v 21,687194 38,000000 4,000000
v 22,000000 38,000000 4,277176
v 22,000000 38,371139 4,000000
v 22,000000 39,000000 38,794629
v 22,000000 39,377122 44,000000
v 21,459259 39,000000 44,000000
v 21,459259 38,000000 45,000000
v 21,000000 38,000000 44,739238
v 21,000000 38,250672 45,000000
v 22,000000 40,377122 43,000000
v 22,000000 40,000000 42,637179
v 21,459259 40,000000 43,000000
v 21,459259 39,000000 44,000000
v 21,000000 39,250672 44,000000
v 21,000000 39,000000 44,222494
v 21,548765 46,000000 36,000000
v 21,000000 46,055142 36,000000
v 21,000000 46,000000 36,082686
v 22,000000 45,000000 36,953621
v 21,548765 45,000000 37,000000
v 22,000000 45,083706 37,000000
v 22,000000 47,000000 15,947426
v 22,000000 47,706934 15,000000
v 21,402890 47,000000 15,000000
v 21,402890 46,000000 16,000000
v 21,000000 46,000000 15,629695
v 21,000000 46,269518 16,000000
v 21,548765 47,000000 35,000000
v 21,000000 47,000000 34,968355
v 21,000000 47,055142 35,000000
v 21,548765 46,000000 36,000000
v 22,000000 46,000000 36,027928
v 22,000000 46,083706 36,000000
v 22,000000 48,706934 14,000000
v 22,000000 48,000000 13,475305
v 21,402890 48,000000 14,000000
v 21,402890 47,000000 15,000000
v 21,000000 47,269518 15,000000
v 21,000000 47,000000 15,233932
v 23,000000 1,000000 17,535628
v 23,000000 1,740200 17,000000
v 22,338846 1,000000 17,000000
v 22,000000 1,000000 18,402345
v 22,522034 1,000000 18,000000
v 22,000000 0,000000 17,849029
v 22,000000 0,000000 17,849029
v 22,522034 1,000000 18,000000
v 22,338846 0,000000 18,000000
v 23,000000 0,000000 18,686332
v 22,522034 0,000000 19,000000
v 23,000000 0,347730 19,000000
v 23,000000 2,740200 16,000000
v 23,000000 2,000000 15,405402
v 22,338846 2,000000 16,000000
v 22,000000 1,000000 17,312591
v 22,338846 1,000000 17,000000
v 22,000000 2,000000 16,130347
v 22,000000 2,000000 16,130347
v 22,338846 1,000000 17,000000
v 22,522034 2,000000 17,000000
v 22,522034 1,000000 18,000000
v 23,000000 1,000000 18,309220
v 23,000000 1,347730 18,000000
v 23,000000 2,000000 35,264093
v 23,000000 2,707602 33,000000
v 22,264490 2,000000 33,000000
v 22,264490 1,000000 34,000000
v 22,000000 1,000000 33,616325
v 22,000000 1,318198 34,000000
v 23,000000 3,707602 32,000000
v 23,000000 3,000000 31,536064
v 22,264490 3,000000 32,000000
v 22,264490 2,000000 33,000000
v 22,000000 2,318198 33,000000
v 22,000000 2,000000 33,135616
v 23,000000 6,000000 40,760123
v 23,000000 6,127336 40,000000
v 22,692819 6,000000 40,000000
v 23,000000 4,827616 41,000000
v 22,129388 6,000000 41,000000
v 23,000000 6,000000 43,452557
v 22,000000 6,812069 41,000000
v 22,692819 5,000000 41,000000
v 22,000000 5,000000 40,573234
v 22,129388 5,000000 42,000000
v 22,000000 5,000000 41,908512
v 22,000000 5,083475 42,000000
v 23,000000 7,127336 39,000000
v 23,000000 7,000000 38,909169
v 22,692819 7,000000 39,000000
v 22,692819 6,000000 40,000000
v 22,000000 7,812069 40,000000
v 22,000000 6,000000 40,245609
v 22,129388 7,000000 40,000000
v 23,000000 5,827616 40,000000
v 23,000000 7,000000 41,004382
v 22,129388 6,000000 41,000000
v 22,000000 6,083475 41,000000
v 22,000000 6,000000 41,222177
v 22,000000 15,913233 47,000000
v 22,000000 16,000000 46,801100
v 23,000000 15,983680 47,000000
v 23,000000 15,983680 47,000000
v 22,000000 16,000000 46,801100
v 23,000000 16,000000 46,950025
v 22,000000 15,000000 47,801100
v 22,000000 15,162632 48,000000
v 23,000000 15,000000 47,950025
v 23,000000 15,000000 47,950025
v 22,000000 15,162632 48,000000
v 23,000000 15,049461 48,000000
v 22,000000 17,000000 46,081671
v 22,000000 16,913233 46,000000
v 23,000000 17,000000 46,016289
v 23,000000 17,000000 46,016289
v 22,000000 16,913233 46,000000
v 23,000000 16,983680 46,000000
v 22,000000 16,162632 47,000000
v 22,000000 16,000000 47,081671
v 23,000000 16,049461 47,000000
v 23,000000 16,049461 47,000000
v 22,000000 16,000000 47,081671
v 23,000000 16,000000 47,016289
v 22,527546 18,000000 1,000000
v 22,000000 18,543390 1,000000
v 22,000000 18,000000 -0,206220
v 23,000000 17,000000 1,523437
v 22,527546 17,000000 2,000000
v 23,000000 17,351500 2,000000
v 22,527546 19,000000 0,000000
v 22,000000 19,000000 -0,443924
v 22,000000 19,543390 0,000000
v 22,527546 18,000000 1,000000
v 23,000000 18,000000 1,301913
v 23,000000 18,351500 1,000000
v 22,818233 21,000000 49,000000
v 22,000000 23,160724 49,000000
v 22,000000 21,000000 47,702936
v 22,231848 21,000000 1,000000
v 22,000000 21,000000 0,537414
v 22,000000 21,433643 1,000000
v 22,000000 24,160724 48,000000
v 22,818233 22,000000 48,000000
v 22,000000 23,736406 49,000000
v 22,000000 23,736406 49,000000
v 22,818233 22,000000 48,000000
v 22,602714 22,000000 49,000000
v 22,000000 22,211463 1,000000
v 22,122070 22,000000 1,000000
v 22,000000 22,433643 0,000000
v 22,000000 22,433643 0,000000
v 22,122070 22,000000 1,000000
v 22,231848 22,000000 0,000000
v 23,000000 22,566770 49,000000
v 22,602714 23,000000 48,000000
v 23,000000 23,000000 36,743196
v 23,000000 22,566770 49,000000
v 22,000000 24,736406 48,000000
v 22,602714 23,000000 48,000000
v 23,000000 22,566770 49,000000
v 22,000000 22,715951 49,000000
v 22,000000 24,736406 48,000000
v 23,000000 23,000000 0,866197
v 22,833789 23,000000 1,000000
v 23,000000 23,170052 1,000000
v 22,000000 23,000000 0,152136
v 22,122070 23,000000 0,000000
v 22,000000 23,211463 0,000000
v 22,000000 24,000000 48,190073
v 22,000000 23,715951 48,000000
v 23,000000 24,000000 48,393588
v 23,000000 24,000000 48,393588
v 22,000000 23,715951 48,000000
v 23,000000 23,566770 48,000000
v 22,833789 24,000000 0,000000
v 23,000000 24,000000 0,738643
v 23,000000 24,170052 0,000000
v 23,000000 25,000000 49,422367
v 23,000000 25,331287 49,000000
v 22,422278 25,000000 49,000000
v 23,000000 26,331287 48,000000
v 23,000000 26,000000 47,607849
v 22,422278 26,000000 48,000000
v 22,296985 30,000000 48,000000
v 22,000000 30,074997 48,000000
v 22,000000 30,000000 48,054948
v 23,000000 29,000000 48,833837
v 22,296985 29,000000 49,000000
v 23,000000 29,375891 49,000000
v 22,296985 31,000000 47,000000
v 22,000000 31,000000 46,490538
v 22,000000 31,074997 47,000000
v 22,296985 30,000000 48,000000
v 23,000000 30,000000 48,183131
v 23,000000 30,375891 48,000000
v 22,936992 34,000000 2,000000
v 22,000000 37,668299 2,000000
v 22,000000 34,000000 6,705795
v 23,000000 33,000000 2,860380
v 22,936992 33,000000 3,000000
v 23,000000 33,074402 3,000000
v 22,936992 35,000000 1,000000
v 22,000000 35,000000 -0,893402
v 22,000000 38,668299 1,000000
v 22,936992 34,000000 2,000000
v 23,000000 34,000000 2,068666
v 23,000000 34,074402 2,000000
v 23,000000 38,000000 5,670862
v 23,000000 38,972998 4,000000
v 22,368512 38,000000 4,000000
v 22,368512 37,000000 5,000000
v 22,000000 37,000000 4,541704
v 22,000000 37,371139 5,000000
v 23,000000 39,972998 3,000000
v 23,000000 39,000000 2,170959
v 22,368512 39,000000 3,000000
v 22,368512 38,000000 4,000000
v 22,000000 38,371139 4,000000
v 22,000000 38,000000 4,277176
v 22,662790 43,000000 8,000000
v 22,000000 43,168612 8,000000
v 22,000000 43,000000 8,356701
v 23,000000 42,000000 8,859605
v 22,662790 42,000000 9,000000
v 23,000000 42,370306 9,000000
v 22,662790 44,000000 7,000000
v 22,000000 44,000000 6,748824
v 22,000000 44,168612 7,000000
v 22,662790 43,000000 8,000000
v 23,000000 43,000000 8,106633
v 23,000000 43,370306 8,000000
v 23,000000 46,000000 36,985516
v 23,000000 44,186698 36,000000
v 22,061572 46,000000 36,000000
v 22,061572 45,000000 37,000000
v 22,000000 45,000000 36,953621
v 22,000000 45,083706 37,000000
v 23,000000 45,186698 35,000000
v 23,000000 47,000000 32,500373
v 22,061572 47,000000 35,000000
v 22,061572 46,000000 36,000000
v 22,000000 46,083706 36,000000
v 22,000000 46,000000 36,027928
v 22,078906 49,000000 21,000000
v 22,000000 49,045516 21,000000
v 22,000000 49,000000 21,072498
v 23,000000 48,000000 21,684601
v 22,078906 48,000000 22,000000
v 23,000000 48,238916 22,000000
v 22,878445 49,000000 24,000000
v 22,000000 50,066864 24,000000
v 22,000000 49,000000 25,877135
v 23,000000 48,000000 24,858295
v 22,878445 48,000000 25,000000
v 23,000000 48,419138 25,000000
v 24,000000 1,000000 19,316274
v 24,000000 3,370126 18,000000
v 23,314683 1,000000 18,000000
v 23,314683 0,000000 19,000000
v 23,000000 0,000000 18,686332
v 23,000000 0,347730 19,000000
v 23,982577 1,000000 27,000000
v 23,000000 1,000000 21,475326
v 23,000000 -0,017013 27,000000
v 23,982577 0,000000 28,000000
v 24,000000 0,000000 28,045090
v 24,000000 0,043009 28,000000
v 23,914304 1,000000 30,000000
v 23,000000 1,520587 30,000000
v 23,000000 1,000000 31,598639
v 24,000000 0,000000 30,899283
v 23,914304 0,000000 31,000000
v 24,000000 0,062041 31,000000
v 24,000000 4,370126 17,000000
v 24,000000 2,000000 15,709490
v 23,314683 2,000000 17,000000
v 23,314683 1,000000 18,000000
v 23,000000 1,347730 18,000000
v 23,000000 1,000000 18,309220
v 23,914304 2,000000 29,000000
v 23,000000 2,000000 28,556766
v 23,000000 2,520587 29,000000
v 23,914304 1,000000 30,000000
v 24,000000 1,000000 30,032670
v 24,000000 1,062041 30,000000
v 23,616799 4,000000 38,000000
v 23,000000 5,250687 38,000000
v 23,000000 4,000000 38,920850
v 24,000000 3,000000 38,672616
v 23,616799 3,000000 39,000000
v 24,000000 3,573563 39,000000
v 23,616799 5,000000 37,000000
v 23,000000 5,000000 36,247267
v 23,000000 6,250687 37,000000
v 23,616799 4,000000 38,000000
v 24,000000 4,000000 38,363273
v 24,000000 4,573563 38,000000
v 23,668187 13,000000 3,000000
v 23,000000 13,706523 3,000000
v 23,000000 13,000000 4,272244
v 24,000000 12,000000 3,617382
v 23,668187 12,000000 4,000000
v 24,000000 12,233527 4,000000
v 23,668187 14,000000 2,000000
v 23,000000 14,000000 1,477665
v 23,000000 14,706523 2,000000
v 23,668187 13,000000 3,000000
v 24,000000 13,000000 3,178485
v 24,000000 13,233527 3,000000
v 24,000000 16,000000 49,736632
v 24,000000 16,737287 47,000000
v 23,029884 16,000000 47,000000
v 23,029884 15,000000 48,000000
v 23,000000 15,000000 47,950025
v 23,000000 15,049461 48,000000
v 24,000000 17,737287 46,000000
v 24,000000 17,000000 43,145982
v 23,029884 17,000000 46,000000
v 23,029884 16,000000 47,000000
v 23,000000 16,049461 47,000000
v 23,000000 16,000000 47,016289
v 24,000000 18,000000 -3,182573
v 24,000000 19,190273 1,000000
v 23,384174 18,000000 1,000000
v 23,384174 17,000000 2,000000
v 23,000000 17,000000 1,523437
v 23,000000 17,351500 2,000000
v 24,000000 20,190273 0,000000
v 24,000000 19,000000 -0,877212
v 23,384174 19,000000 0,000000
v 23,384174 18,000000 1,000000
v 23,000000 18,351500 1,000000
v 23,000000 18,000000 1,301913
v 24,000000 20,000000 0,898466
v 23,809573 20,000000 1,000000
v 24,000000 20,206209 1,000000
v 24,000000 21,000000 51,804081
v 24,000000 26,862118 49,000000
v 23,100691 21,000000 49,000000
v 23,809573 21,000000 0,000000
v 24,000000 21,000000 0,234086
v 24,000000 21,206209 0,000000
v 24,000000 23,660946 49,000000
v 23,383061 22,000000 49,000000
v 24,000000 27,862118 48,000000
v 24,000000 27,862118 48,000000
v 23,383061 22,000000 49,000000
v 23,100691 22,000000 48,000000
v 24,000000 23,978246 49,000000
v 23,466030 23,000000 49,000000
v 24,000000 24,660946 48,000000
v 24,000000 24,660946 48,000000
v 23,466030 23,000000 49,000000
v 23,383061 23,000000 48,000000
v 23,151963 23,000000 1,000000
v 23,000000 23,000000 0,866197
v 23,000000 23,170052 1,000000
v 24,000000 24,978246 48,000000
v 24,000000 24,000000 47,148102
v 23,466030 24,000000 48,000000
v 23,151963 24,000000 0,000000
v 23,000000 24,170052 0,000000
v 23,000000 24,000000 0,738643
v 24,000000 25,000000 0,900727
v 23,359174 25,000000 1,000000
v 24,000000 25,130099 1,000000
v 23,751425 26,000000 49,000000
v 23,000000 27,527074 49,000000
v 23,000000 26,000000 47,607849
v 23,359174 26,000000 0,000000
v 24,000000 26,000000 0,332653
v 24,000000 26,130099 0,000000
v 23,751425 27,000000 48,000000
v 23,000000 27,000000 44,938602
v 23,000000 28,527074 48,000000
v 23,000000 29,874951 48,000000
v 23,000000 30,000000 47,833837
v 24,000000 29,990149 48,000000
v 24,000000 29,990149 48,000000
v 23,000000 30,000000 47,833837
v 24,000000 30,000000 47,976690
v 23,000000 29,000000 48,833837
v 23,000000 29,375891 49,000000
v 24,000000 29,000000 48,976690
v 24,000000 29,000000 48,976690
v 23,000000 29,375891 49,000000
v 24,000000 29,066013 49,000000
v 23,000000 31,000000 47,183131
v 23,000000 30,874951 47,000000
v 24,000000 31,000000 47,076985
v 24,000000 31,000000 47,076985
v 23,000000 30,874951 47,000000
v 24,000000 30,990149 47,000000
v 23,000000 30,375891 48,000000
v 23,000000 30,000000 48,183131
v 24,000000 30,066013 48,000000
v 24,000000 30,066013 48,000000
v 23,000000 30,000000 48,183131
v 24,000000 30,000000 48,076985
v 23,975653 32,000000 48,000000
v 23,000000 34,423496 48,000000
v 23,000000 32,000000 44,678668
v 24,000000 31,000000 48,854242
v 23,975653 31,000000 49,000000
v 24,000000 31,028668 49,000000
v 23,975653 33,000000 47,000000
v 23,000000 33,000000 44,902156
v 23,000000 35,423496 47,000000
v 23,975653 32,000000 48,000000
v 24,000000 32,000000 48,019903
v 24,000000 32,028668 48,000000
v 24,000000 34,000000 2,755739
v 24,000000 34,604157 2,000000
v 23,201470 34,000000 2,000000
v 23,201470 33,000000 3,000000
v 23,000000 33,000000 2,860380
v 23,000000 33,074402 3,000000
v 23,588023 34,000000 47,000000
v 23,000000 34,331448 47,000000
v 23,000000 34,000000 47,285791
v 24,000000 33,000000 47,843966
v 23,588023 33,000000 48,000000
v 24,000000 33,184461 48,000000
v 24,000000 35,604157 1,000000
v 24,000000 35,000000 0,248087
v 23,201470 35,000000 1,000000
v 23,201470 34,000000 2,000000
v 23,000000 34,074402 2,000000
v 23,000000 34,000000 2,068666
v 23,588023 35,000000 46,000000
v 23,000000 35,000000 45,574673
v 23,000000 35,331448 46,000000
v 23,588023 34,000000 47,000000
v 24,000000 34,000000 47,219781
v 24,000000 34,184461 47,000000
v 24,000000 43,000000 10,088557
v 24,000000 44,000781 8,000000
v 23,138447 43,000000 8,000000
v 23,138447 42,000000 9,000000
v 23,000000 42,000000 8,859605
v 23,000000 42,370306 9,000000
v 24,000000 45,000781 7,000000
v 24,000000 44,000000 5,956912
v 23,138447 44,000000 7,000000
v 23,138447 43,000000 8,000000
v 23,000000 43,370306 8,000000
v 23,000000 43,000000 8,106633
v 23,725614 46,000000 36,000000
v 23,000000 44,186698 36,000000
v 23,000000 46,000000 36,985516
v 24,000000 45,000000 36,858500
v 23,725614 45,000000 37,000000
v 24,000000 45,146088 37,000000
v 23,725614 47,000000 35,000000
v 23,000000 47,000000 32,500373
v 23,000000 45,186698 35,000000
v 23,725614 46,000000 36,000000
v 24,000000 46,000000 36,301295
v 24,000000 46,146088 36,000000
v 24,000000 49,000000 21,363369
v 24,000000 51,547929 21,000000
v 23,520385 49,000000 21,000000
v 23,520385 48,000000 22,000000
v 23,000000 48,000000 21,684601
v 23,000000 48,238916 22,000000
v 24,000000 49,000000 24,033121
v 24,000000 49,080470 24,000000
v 23,823280 49,000000 24,000000
v 23,823280 48,000000 25,000000
v 23,000000 48,000000 24,858295
v 23,000000 48,419138 25,000000
v 23,648494 49,000000 27,000000
v 23,000000 49,251108 27,000000
v 23,000000 49,000000 27,343937
v 24,000000 48,000000 27,851029
v 23,648494 48,000000 28,000000
v 24,000000 48,121362 28,000000
v 24,000000 1,000000 27,045090
v 24,000000 0,975842 27,000000
v 25,000000 1,000000 27,071548
v 25,000000 1,000000 27,071548
v 24,000000 0,975842 27,000000
v 25,000000 0,939601 27,000000
v 24,000000 0,043009 28,000000
v 24,000000 0,000000 28,045090
v 25,000000 0,046829 28,000000
v 25,000000 0,046829 28,000000
v 24,000000 0,000000 28,045090
v 25,000000 0,000000 28,071548
v 25,000000 1,000000 36,630053
v 25,000000 -10,338937 30,000000
v 24,033780 1,000000 30,000000
v 24,033780 0,000000 31,000000
v 24,000000 0,000000 30,899283
v 24,000000 0,062041 31,000000
v 25,000000 -9,338937 29,000000
v 25,000000 2,000000 27,368638
v 24,033780 2,000000 29,000000
v 24,033780 1,000000 30,000000
v 24,000000 1,062041 30,000000
v 24,000000 1,000000 30,032670
v 24,574211 4,000000 11,000000
v 24,000000 6,384578 11,000000
v 24,000000 4,000000 11,932091
v 25,000000 3,000000 11,641755
v 24,574211 3,000000 12,000000
v 25,000000 3,370264 12,000000
v 25,000000 4,000000 40,082811
v 25,000000 6,877984 38,000000
v 24,255279 4,000000 38,000000
v 24,255279 3,000000 39,000000
v 24,000000 3,000000 38,672616
v 24,000000 3,573563 39,000000
v 24,574211 5,000000 10,000000
v 24,000000 5,000000 7,952777
v 24,000000 7,384578 10,000000
v 24,574211 4,000000 11,000000
v 25,000000 4,000000 11,462221
v 25,000000 4,370264 11,000000
v 25,000000 7,877984 37,000000
v 25,000000 5,000000 -18,226706
v 24,255279 5,000000 37,000000
v 24,255279 4,000000 38,000000
v 24,000000 4,573563 38,000000
v 24,000000 4,000000 38,363273
v 24,831321 8,000000 6,000000
v 24,000000 8,969667 6,000000
v 24,000000 8,000000 6,679858
v 25,000000 7,000000 6,854925
v 24,831321 7,000000 7,000000
v 25,000000 7,601508 7,000000
v 24,831321 9,000000 5,000000
v 24,000000 9,000000 1,406812
v 24,000000 9,969667 5,000000
v 24,831321 8,000000 6,000000
v 25,000000 8,000000 6,374870
v 25,000000 8,601508 6,000000
v 25,000000 13,000000 -49,769239
v 25,000000 15,061104 3,000000
v 24,184077 13,000000 3,000000
v 24,184077 12,000000 4,000000
v 24,000000 12,000000 3,617382
v 24,000000 12,233527 4,000000
v 25,000000 16,061104 2,000000
v 25,000000 14,000000 -0,677021
v 24,184077 14,000000 2,000000
v 24,184077 13,000000 3,000000
v 24,000000 13,233527 3,000000
v 24,000000 13,000000 3,178485
v 24,554581 15,000000 2,000000
v 24,000000 15,384096 2,000000
v 24,000000 15,000000 2,333410
v 25,000000 14,000000 2,798851
v 24,554581 14,000000 3,000000
v 25,000000 14,181858 3,000000
v 24,554581 16,000000 1,000000
v 24,000000 16,000000 0,288381
v 24,000000 16,384096 1,000000
v 24,554581 15,000000 2,000000
v 25,000000 15,000000 2,201043
v 25,000000 15,181858 2,000000
v 24,600270 17,000000 48,000000
v 24,000000 17,880005 48,000000
v 24,000000 17,000000 48,856904
v 25,000000 16,000000 48,737068
v 24,600270 16,000000 49,000000
v 25,000000 16,218430 49,000000
v 24,600270 18,000000 47,000000
v 24,000000 18,000000 46,382665
v 24,000000 18,880005 47,000000
v 24,600270 17,000000 48,000000
v 25,000000 17,000000 48,265677
v 25,000000 17,218430 48,000000
v 24,108625 20,000000 1,000000
v 24,000000 20,000000 0,898466
v 24,000000 20,206209 1,000000
v 24,108625 21,000000 0,000000
v 24,000000 21,206209 0,000000
v 24,000000 21,000000 0,234086
v 24,096605 25,000000 1,000000
v 24,000000 25,000000 0,900727
v 24,000000 25,130099 1,000000
v 25,000000 26,000000 47,150944
v 25,000000 27,654804 49,000000
v 24,238003 26,000000 49,000000
v 24,096605 26,000000 0,000000
v 24,000000 26,130099 0,000000
v 24,000000 26,000000 0,332653
v 25,000000 28,654804 48,000000
v 25,000000 27,000000 51,662429
v 24,238003 27,000000 48,000000
v 25,000000 27,000000 0,666330
v 24,698240 27,000000 1,000000
v 25,000000 27,464236 1,000000
v 24,805422 28,000000 49,000000
v 24,000000 28,828257 49,000000
v 24,000000 28,000000 42,851183
v 24,698240 28,000000 0,000000
v 25,000000 28,000000 0,274609
v 25,000000 28,464236 0,000000
v 24,805422 29,000000 48,000000
v 24,000000 29,000000 46,891499
v 24,000000 29,828257 48,000000
v 25,000000 30,000000 46,255369
v 25,000000 30,819481 48,000000
v 24,016816 30,000000 48,000000
v 24,016816 29,000000 49,000000
v 24,000000 29,000000 48,976690
v 24,000000 29,066013 49,000000
v 25,000000 31,819481 47,000000
v 25,000000 31,000000 51,467119
v 24,016816 31,000000 47,000000
v 24,016816 30,000000 48,000000
v 24,000000 30,066013 48,000000
v 24,000000 30,000000 48,076985
v 24,000000 31,967421 48,000000
v 24,000000 32,000000 47,854242
v 25,000000 31,540910 48,000000
v 25,000000 31,540910 48,000000
v 24,000000 32,000000 47,854242
v 25,000000 32,000000 47,580650
v 24,000000 31,000000 48,854242
v 24,000000 31,028668 49,000000
v 25,000000 31,000000 48,580650
v 25,000000 31,000000 48,580650
v 24,000000 31,028668 49,000000
v 25,000000 31,317696 49,000000
v 24,000000 33,000000 47,019903
v 24,000000 32,967421 47,000000
v 25,000000 33,000000 47,334934
v 25,000000 33,000000 47,334934
v 24,000000 32,967421 47,000000
v 25,000000 32,540910 47,000000
v 24,000000 32,028668 48,000000
v 24,000000 32,000000 48,019903
v 25,000000 32,317696 48,000000
v 25,000000 32,317696 48,000000
v 24,000000 32,000000 48,019903
v 25,000000 32,000000 48,334934
v 24,000000 33,822676 47,000000
v 24,000000 34,000000 46,843966
v 25,000000 33,902286 47,000000
v 25,000000 33,902286 47,000000
v 24,000000 34,000000 46,843966
v 25,000000 34,000000 46,928285
v 24,000000 33,000000 47,843966
v 24,000000 33,184461 48,000000
v 25,000000 33,000000 47,928285
v 25,000000 33,000000 47,928285
v 24,000000 33,184461 48,000000
v 25,000000 33,091431 48,000000
v 24,804793 35,000000 2,000000
v 24,000000 35,948955 2,000000
v 24,000000 35,000000 0,248087
v 25,000000 34,000000 2,692602
v 24,804793 34,000000 3,000000
v 25,000000 34,301493 3,000000
v 24,000000 35,000000 46,219781
v 24,000000 34,822676 46,000000
v 25,000000 35,000000 46,155966
v 25,000000 35,000000 46,155966
v 24,000000 34,822676 46,000000
v 25,000000 34,902286 46,000000
v 24,000000 34,184461 47,000000
v 24,000000 34,000000 47,219781
v 25,000000 34,091431 47,000000
v 25,000000 34,091431 47,000000
v 24,000000 34,000000 47,219781
v 25,000000 34,000000 47,155966
v 24,804793 36,000000 1,000000
v 24,000000 36,000000 0,057854
v 24,000000 36,948955 1,000000
v 24,804793 35,000000 2,000000
v 25,000000 35,000000 2,142213
v 25,000000 35,301493 2,000000
v 24,935761 36,000000 46,000000
v 24,000000 39,447522 46,000000
v 24,000000 36,000000 71,632330
v 25,000000 35,000000 46,872886
v 24,935761 35,000000 47,000000
v 25,000000 35,136034 47,000000
v 24,935761 37,000000 45,000000
v 24,000000 37,000000 47,544122
v 24,000000 40,447522 45,000000
v 24,935761 36,000000 46,000000
v 25,000000 36,000000 46,071762
v 25,000000 36,136034 46,000000
v 24,689168 42,000000 7,000000
v 24,000000 42,872230 7,000000
v 24,000000 42,000000 8,552434
v 25,000000 41,000000 7,645051
v 24,689168 41,000000 8,000000
v 25,000000 41,429884 8,000000
v 24,689168 43,000000 6,000000
v 24,000000 43,000000 5,023698
v 24,000000 43,872230 6,000000
v 24,689168 42,000000 7,000000
v 25,000000 42,000000 7,251997
v 25,000000 42,429884 7,000000
v 24,887455 44,000000 9,000000
v 24,000000 44,120924 9,000000
v 24,000000 44,000000 9,250569
v 25,000000 43,000000 9,753190
v 24,887455 43,000000 10,000000
v 25,000000 43,033139 10,000000
v 24,887455 45,000000 8,000000
v 24,000000 45,000000 7,839147
v 24,000000 45,120924 8,000000
v 24,887455 44,000000 9,000000
v 25,000000 44,000000 9,014688
v 25,000000 44,033139 9,000000
v 25,000000 46,000000 37,207900
v 25,000000 50,126286 36,000000
v 24,159254 46,000000 36,000000
v 24,159254 45,000000 37,000000
v 24,000000 45,000000 36,858500
v 24,000000 45,146088 37,000000
v 24,997471 47,000000 15,000000
v 24,000000 110,005600 15,000000
v 24,000000 47,000000 17,976811
v 25,000000 46,000000 15,996240
v 24,997471 46,000000 16,000000
v 25,000000 46,004564 16,000000
v 25,000000 51,126286 35,000000
v 25,000000 47,000000 31,202559
v 24,159254 47,000000 35,000000
v 24,159254 46,000000 36,000000
v 24,000000 46,146088 36,000000
v 24,000000 46,000000 36,301295
v 24,997471 48,000000 14,000000
v 24,000000 48,000000 8,836176
v 24,000000 111,005600 14,000000
v 24,997471 47,000000 15,000000
v 25,000000 47,000000 15,004446
v 25,000000 47,004564 15,000000
v 24,966964 48,000000 17,000000
v 24,000000 49,591878 17,000000
v 24,000000 48,000000 17,886109
v 25,000000 47,000000 17,987088
v 24,966964 47,000000 18,000000
v 25,000000 47,015160 18,000000
v 24,966964 49,000000 16,000000
v 24,000000 49,000000 15,755664
v 24,000000 50,591878 16,000000
v 24,966964 48,000000 17,000000
v 25,000000 48,000000 17,008783
v 25,000000 48,015160 17,000000
v 25,000000 49,000000 30,853305
v 25,000000 63,890128 27,000000
v 24,079662 49,000000 27,000000
v 24,079662 48,000000 28,000000
v 24,000000 48,000000 27,851029
v 24,000000 48,121362 28,000000
v 26,000000 5,843534 27,000000
v 26,000000 1,000000 22,041263
v 25,031243 1,000000 27,000000
v 25,031243 0,000000 28,000000
v 25,000000 0,046829 28,000000
v 25,000000 0,000000 28,071548
v 25,519611 2,000000 34,000000
v 25,000000 3,023317 34,000000
v 25,000000 2,000000 35,122252
v 25,981593 2,000000 35,000000
v 25,000000 -0,523923 35,000000
v 25,000000 2,000000 36,837715
v 25,519611 1,000000 35,000000
v 26,000000 2,034761 35,000000
v 26,000000 1,000000 34,533544
v 26,000000 1,000000 35,983045
v 25,981593 1,000000 36,000000
v 26,000000 1,019030 36,000000
v 25,519611 3,000000 33,000000
v 25,000000 3,000000 31,961222
v 25,000000 4,023317 33,000000
v 25,000000 0,476077 34,000000
v 25,981593 3,000000 34,000000
v 25,000000 3,000000 29,686153
v 26,000000 3,034761 34,000000
v 25,519611 2,000000 34,000000
v 26,000000 2,000000 34,458361
v 25,981593 2,000000 35,000000
v 26,000000 2,000000 35,039543
v 26,000000 2,019030 35,000000
v 26,000000 4,000000 12,206232
v 26,000000 5,646545 11,000000
v 25,379746 4,000000 11,000000
v 25,379746 3,000000 12,000000
v 25,000000 3,000000 11,641755
v 25,000000 3,370264 12,000000
v 25,990042 5,000000 9,000000
v 25,000000 6,394198 9,000000
v 25,000000 5,000000 10,274417
v 26,000000 4,000000 9,991997
v 25,990042 4,000000 10,000000
v 26,000000 4,021960 10,000000
v 26,000000 6,646545 10,000000
v 26,000000 5,000000 8,225571
v 25,379746 5,000000 10,000000
v 25,379746 4,000000 11,000000
v 25,000000 4,370264 11,000000
v 25,000000 4,000000 11,462221
v 25,990042 6,000000 8,000000
v 25,000000 6,000000 0,854413
v 25,000000 7,394198 8,000000
v 25,990042 5,000000 9,000000
v 26,000000 5,000000 9,033434
v 26,000000 5,021960 9,000000
v 26,000000 8,000000 8,428658
v 26,000000 8,801749 6,000000
v 25,159647 8,000000 6,000000
v 25,159647 7,000000 7,000000
v 25,000000 7,000000 6,854925
v 25,000000 7,601508 7,000000
v 26,000000 9,801749 5,000000
v 26,000000 9,000000 3,428615
v 25,159647 9,000000 5,000000
v 25,159647 8,000000 6,000000
v 25,000000 8,601508 6,000000
v 25,000000 8,000000 6,374870
v 25,980290 12,000000 45,000000
v 25,000000 13,424457 45,000000
v 25,000000 12,000000 49,779223
v 26,000000 11,000000 45,953999
v 25,980290 11,000000 46,000000
v 26,000000 11,056910 46,000000
v 25,980290 13,000000 44,000000
v 25,000000 13,000000 42,497482
v 25,000000 14,424457 44,000000
v 25,980290 12,000000 45,000000
v 26,000000 12,000000 45,018005
v 26,000000 12,056910 45,000000
v 26,000000 15,000000 4,558844
v 26,000000 18,012455 2,000000
v 25,144159 15,000000 2,000000
v 25,144159 14,000000 3,000000
v 25,000000 14,000000 2,798851
v 25,000000 14,181858 3,000000
v 26,000000 19,012455 1,000000
v 26,000000 16,000000 11,765871
v 25,144159 16,000000 1,000000
v 25,144159 15,000000 2,000000
v 25,000000 15,181858 2,000000
v 25,000000 15,000000 2,201043
v 26,000000 17,000000 50,130121
v 26,000000 20,181583 48,000000
v 25,207934 17,000000 48,000000
v 25,207934 16,000000 49,000000
v 25,000000 16,000000 48,737068
v 25,000000 16,218430 49,000000
v 26,000000 21,181583 47,000000
v 26,000000 18,000000 44,838904
v 25,207934 18,000000 47,000000
v 25,207934 17,000000 48,000000
v 25,000000 17,218430 48,000000
v 25,000000 17,000000 48,265677
v 25,569080 25,000000 49,000000
v 25,000000 25,558167 49,000000
v 25,000000 25,000000 49,707499
v 25,569080 26,000000 48,000000
v 25,000000 26,000000 47,150944
v 25,000000 26,558167 48,000000
v 25,000000 27,000000 0,666330
v 25,000000 27,464236 1,000000
v 26,000000 27,000000 0,921706
v 26,000000 27,000000 0,921706
v 25,000000 27,464236 1,000000
v 26,000000 27,228028 1,000000
v 26,000000 28,000000 50,807388
v 26,000000 38,822026 49,000000
v 25,081080 28,000000 49,000000
v 25,000000 28,464236 0,000000
v 25,000000 28,000000 0,274609
v 26,000000 28,228028 0,000000
v 26,000000 28,228028 0,000000
v 25,000000 28,000000 0,274609
v 26,000000 28,000000 0,141425
v 26,000000 39,822026 48,000000
v 26,000000 29,000000 49,294894
v 25,081080 29,000000 48,000000
v 25,750663 31,000000 1,000000
v 25,000000 33,382535 1,000000
v 25,000000 31,000000 3,203835
v 26,000000 30,000000 1,674953
v 25,750663 30,000000 2,000000
v 26,000000 30,291480 2,000000
v 25,750663 32,000000 0,000000
v 25,000000 32,000000 -2,008353
v 25,000000 34,382535 0,000000
v 25,750663 31,000000 1,000000
v 26,000000 31,000000 1,304711
v 26,000000 31,291480 1,000000
v 26,000000 32,000000 49,658373
v 26,000000 33,894475 48,000000
v 25,358105 32,000000 48,000000
v 25,358105 31,000000 49,000000
v 25,000000 31,000000 48,580650
v 25,000000 31,317696 49,000000
v 26,000000 34,894475 47,000000
v 26,000000 33,000000 45,806396
v 25,358105 33,000000 47,000000
v 25,358105 32,000000 48,000000
v 25,000000 32,317696 48,000000
v 25,000000 32,000000 48,334934
v 26,000000 34,000000 49,470323
v 26,000000 36,819166 47,000000
v 25,066152 34,000000 47,000000
v 25,066152 33,000000 48,000000
v 25,000000 33,000000 47,928285
v 25,000000 33,091431 48,000000
v 26,000000 35,000000 4,955530
v 26,000000 36,101029 2,000000
v 25,178519 35,000000 2,000000
v 25,178519 34,000000 3,000000
v 25,000000 34,000000 2,692602
v 25,000000 34,301493 3,000000
v 26,000000 37,819166 46,000000
v 26,000000 35,000000 61,934840
v 25,066152 35,000000 46,000000
v 25,066152 34,000000 47,000000
v 25,000000 34,091431 47,000000
v 25,000000 34,000000 47,155966
v 26,000000 37,101029 1,000000
v 26,000000 36,000000 -0,093023
v 25,178519 36,000000 1,000000
v 25,178519 35,000000 2,000000
v 25,000000 35,301493 2,000000
v 25,000000 35,000000 2,142213
v 25,000000 35,930042 46,000000
v 25,000000 36,000000 45,872886
v 26,000000 35,920551 46,000000
v 26,000000 35,920551 46,000000
v 25,000000 36,000000 45,872886
v 26,000000 36,000000 45,935187
v 25,000000 35,000000 46,872886
v 25,000000 35,136034 47,000000
v 26,000000 35,000000 46,935187
v 26,000000 35,000000 46,935187
v 25,000000 35,136034 47,000000
v 26,000000 35,067498 47,000000
v 25,000000 37,000000 45,071762
v 25,000000 36,930042 45,000000
v 26,000000 37,000000 45,178289
v 26,000000 37,000000 45,178289
v 25,000000 36,930042 45,000000
v 26,000000 36,920551 45,000000
v 25,000000 36,136034 46,000000
v 25,000000 36,000000 46,071762
v 26,000000 36,067498 46,000000
v 26,000000 36,067498 46,000000
v 25,000000 36,000000 46,071762
v 26,000000 36,000000 46,178289
v 26,000000 42,000000 8,974253
v 26,000000 43,097480 7,000000
v 25,275390 42,000000 7,000000
v 25,275390 41,000000 8,000000
v 25,000000 41,000000 7,645051
v 25,000000 41,429884 8,000000
v 25,911681 42,000000 41,000000
v 25,000000 43,130768 41,000000
v 25,000000 42,000000 42,350691
v 26,000000 41,000000 41,921908
v 25,911681 41,000000 42,000000
v 26,000000 41,264433 42,000000
v 26,000000 44,097480 6,000000
v 26,000000 43,000000 4,768765
v 25,275390 43,000000 6,000000
v 25,275390 42,000000 7,000000
v 25,000000 42,429884 7,000000
v 25,000000 42,000000 7,251997
v 25,911681 43,000000 40,000000
v 25,000000 43,000000 37,136561
v 25,000000 44,130768 40,000000
v 25,911681 42,000000 41,000000
v 26,000000 42,000000 41,141925
v 26,000000 42,264433 41,000000
v 26,000000 44,000000 7,003948
v 26,000000 45,333393 9,000000
v 25,031259 44,000000 9,000000
v 25,031259 43,000000 10,000000
v 25,000000 43,000000 9,753190
v 25,000000 43,033139 10,000000
v 26,000000 46,333393 8,000000
v 26,000000 45,000000 7,231155
v 25,031259 45,000000 8,000000
v 25,031259 44,000000 9,000000
v 25,000000 44,033139 9,000000
v 25,000000 44,000000 9,014688
v 25,000000 46,973627 15,000000
v 25,000000 47,000000 14,996240
v 26,000000 46,762702 15,000000
v 26,000000 46,762702 15,000000
v 25,000000 47,000000 14,996240
v 26,000000 47,000000 14,930613
v 25,000000 46,000000 15,996240
v 25,000000 46,004564 16,000000
v 26,000000 46,000000 15,930613
v 26,000000 46,000000 15,930613
v 25,000000 46,004564 16,000000
v 26,000000 46,199178 16,000000
v 25,000000 48,000000 14,004446
v 25,000000 47,973627 14,000000
v 26,000000 48,000000 14,104063
v 26,000000 48,000000 14,104063
v 25,000000 47,973627 14,000000
v 26,000000 47,762702 14,000000
v 25,000000 47,004564 15,000000
v 25,000000 47,000000 15,004446
v 26,000000 47,199178 15,000000
v 26,000000 47,199178 15,000000
v 25,000000 47,000000 15,004446
v 26,000000 47,000000 15,104063
v 26,000000 48,000000 17,315683
v 26,000000 48,309862 17,000000
v 25,044975 48,000000 17,000000
v 25,044975 47,000000 18,000000
v 25,000000 47,000000 17,987088
v 25,000000 47,015160 18,000000
v 26,000000 49,309862 16,000000
v 26,000000 49,000000 15,790735
v 25,044975 49,000000 16,000000
v 25,044975 48,000000 17,000000
v 25,000000 48,015160 17,000000
v 25,000000 48,000000 17,008783
v 26,595231 1,000000 18,000000
v 26,000000 1,559336 18,000000
v 26,000000 1,000000 18,776486
v 26,741430 1,000000 19,000000
v 26,000000 -32,953335 19,000000
v 26,000000 1,000000 20,190293
v 26,595231 0,000000 19,000000
v 27,000000 2,120475 19,000000
v 27,000000 0,000000 18,683684
v 27,000000 0,000000 19,743583
v 26,741430 0,000000 20,000000
v 27,000000 0,137493 20,000000
v 26,595231 2,000000 17,000000
v 26,000000 2,000000 16,351949
v 26,000000 2,559336 17,000000
v 26,000000 -31,953335 18,000000
v 26,741430 2,000000 18,000000
v 26,000000 2,000000 17,452310
v 27,000000 3,120475 18,000000
v 26,595231 1,000000 18,000000
v 27,000000 1,000000 18,275343
v 26,741430 1,000000 19,000000
v 27,000000 1,000000 19,135353
v 27,000000 1,137493 19,000000
v 27,000000 2,000000 35,455086
v 27,000000 3,324321 34,000000
v 26,433183 2,000000 34,000000
v 27,000000 5,930028 35,000000
v 26,031201 2,000000 35,000000
v 27,000000 2,000000 35,727405
v 26,000000 2,034761 35,000000
v 26,433183 1,000000 35,000000
v 26,000000 1,000000 34,533544
v 26,031201 1,000000 36,000000
v 26,000000 1,000000 35,983045
v 26,000000 1,019030 36,000000
v 27,000000 4,324321 33,000000
v 27,000000 3,000000 30,581444
v 26,433183 3,000000 33,000000
v 26,433183 2,000000 34,000000
v 26,000000 3,034761 34,000000
v 26,000000 2,000000 34,458361
v 26,031201 3,000000 34,000000
v 27,000000 6,930028 34,000000
v 27,000000 3,000000 31,856568
v 26,000000 4,166893 36,000000
v 26,000000 3,000000 36,340014
v 26,562470 3,000000 36,000000
v 26,000000 2,019030 35,000000
v 26,000000 2,000000 35,039543
v 26,031201 2,000000 35,000000
v 27,000000 2,000000 36,802244
v 26,562470 2,000000 37,000000
v 27,000000 2,235794 37,000000
v 26,562470 4,000000 35,000000
v 26,000000 4,000000 34,630165
v 26,000000 5,166893 35,000000
v 26,562470 3,000000 36,000000
v 27,000000 3,000000 36,212385
v 27,000000 3,235794 36,000000
v 27,000000 5,000000 9,748505
v 27,000000 6,277579 9,000000
v 26,014688 5,000000 9,000000
v 26,014688 4,000000 10,000000
v 26,000000 4,000000 9,991997
v 26,000000 4,021960 10,000000
v 27,000000 7,277579 8,000000
v 27,000000 6,000000 9,586631
v 26,014688 6,000000 8,000000
v 26,014688 5,000000 9,000000
v 26,000000 5,021960 9,000000
v 26,000000 5,000000 9,033434
v 27,000000 12,000000 47,057053
v 27,000000 12,654860 45,000000
v 26,034558 12,000000 45,000000
v 26,034558 11,000000 46,000000
v 26,000000 11,000000 45,953999
v 26,000000 11,056910 46,000000
v 26,910967 13,000000 3,000000
v 26,000000 14,532730 3,000000
v 26,000000 13,000000 8,380847
v 27,000000 12,000000 3,767590
v 26,910967 12,000000 4,000000
v 27,000000 12,158960 4,000000
v 27,000000 13,654860 44,000000
v 27,000000 13,000000 43,311772
v 26,034558 13,000000 44,000000
v 26,034558 12,000000 45,000000
v 26,000000 12,056910 45,000000
v 26,000000 12,000000 45,018005
v 26,910967 14,000000 2,000000
v 26,000000 14,000000 0,651623
v 26,000000 15,532730 2,000000
v 26,910967 13,000000 3,000000
v 27,000000 13,000000 3,077504
v 27,000000 13,158960 3,000000
v 26,868349 16,000000 2,000000
v 26,000000 20,880224 2,000000
v 26,000000 16,000000 11,765871
v 27,000000 15,000000 2,812371
v 26,868349 15,000000 3,000000
v 27,000000 15,124702 3,000000
v 26,868349 17,000000 1,000000
v 26,000000 17,000000 -0,957340
v 26,000000 21,880224 1,000000
v 26,868349 16,000000 2,000000
v 27,000000 16,000000 2,153479
v 27,000000 16,124702 2,000000
v 27,000000 25,000000 49,438697
v 27,000000 25,565270 49,000000
v 26,442004 25,000000 49,000000
v 27,000000 26,565270 48,000000
v 27,000000 26,000000 49,092394
v 26,442004 26,000000 48,000000
v 26,130537 27,000000 1,000000
v 26,000000 27,000000 0,921706
v 26,000000 27,228028 1,000000
v 26,900202 28,000000 49,000000
v 26,000000 38,822026 49,000000
v 26,000000 28,000000 50,807388
v 26,130537 28,000000 0,000000
v 26,000000 28,228028 0,000000
v 26,000000 28,000000 0,141425
v 26,900202 29,000000 48,000000
v 26,000000 29,000000 49,294894
v 26,000000 39,822026 48,000000
v 27,000000 31,000000 1,596675
v 27,000000 31,640510 1,000000
v 26,468064 31,000000 1,000000
v 26,468064 30,000000 2,000000
v 26,000000 30,000000 1,674953
v 26,000000 30,291480 2,000000
v 27,000000 32,640510 0,000000
v 27,000000 32,000000 -0,548497
v 26,468064 32,000000 0,000000
v 26,468064 31,000000 1,000000
v 26,000000 31,291480 1,000000
v 26,000000 31,000000 1,304711
v 27,000000 36,000000 48,111169
v 27,000000 37,129453 46,000000
v 26,094878 36,000000 46,000000
v 26,094878 35,000000 47,000000
v 26,000000 35,000000 46,935187
v 26,000000 35,067498 47,000000
v 27,000000 38,129453 45,000000
v 27,000000 37,000000 42,139408
v 26,094878 37,000000 45,000000
v 26,094878 36,000000 46,000000
v 26,000000 36,067498 46,000000
v 26,000000 36,000000 46,178289
v 26,694294 38,000000 45,000000
v 26,000000 38,648693 45,000000
v 26,000000 38,000000 46,165656
v 27,000000 37,000000 45,685123
v 26,694294 37,000000 46,000000
v 27,000000 37,188190 46,000000
v 26,694294 39,000000 44,000000
v 26,000000 39,000000 43,541403
v 26,000000 39,648693 44,000000
v 26,694294 38,000000 45,000000
v 27,000000 38,000000 45,145963
v 27,000000 38,188190 45,000000
v 26,792725 40,000000 43,000000
v 26,000000 40,931935 43,000000
v 26,000000 40,000000 44,540420
v 27,000000 39,000000 43,780186
v 26,792725 39,000000 44,000000
v 27,000000 39,463952 44,000000
v 26,792725 41,000000 42,000000
v 26,000000 41,000000 40,647754
v 26,000000 41,931935 42,000000
v 26,792725 40,000000 43,000000
v 27,000000 40,000000 43,198950
v 27,000000 40,463952 43,000000
v 27,000000 42,000000 41,943934
v 27,000000 44,978167 41,000000
v 26,111808 42,000000 41,000000
v 26,111808 41,000000 42,000000
v 26,000000 41,000000 41,921908
v 26,000000 41,264433 42,000000
v 26,685610 43,000000 40,000000
v 26,000000 44,076390 40,000000
v 26,000000 43,000000 41,622587
v 27,000000 45,978167 40,000000
v 27,000000 43,000000 43,316036
v 26,111808 43,000000 40,000000
v 27,000000 42,412423 41,000000
v 27,000000 42,000000 40,731527
v 26,685610 42,000000 41,000000
v 26,111808 42,000000 41,000000
v 26,000000 42,264433 41,000000
v 26,000000 42,000000 41,141925
v 26,685610 44,000000 39,000000
v 26,000000 44,000000 37,033062
v 26,000000 45,076390 39,000000
v 26,685610 43,000000 40,000000
v 27,000000 43,000000 40,413909
v 27,000000 43,412423 40,000000
v 27,000000 47,000000 16,047971
v 27,000000 48,095079 15,000000
v 26,126861 47,000000 15,000000
v 26,126861 46,000000 16,000000
v 26,000000 46,000000 15,930613
v 26,000000 46,199178 16,000000
v 27,000000 49,095079 14,000000
v 27,000000 48,000000 13,054821
v 26,126861 48,000000 14,000000
v 26,126861 47,000000 15,000000
v 26,000000 47,199178 15,000000
v 26,000000 47,000000 15,104063
v 26,309423 49,000000 25,000000
v 26,000000 49,116140 25,000000
v 26,000000 49,000000 25,053071
v 27,000000 48,000000 25,858142
v 26,309423 48,000000 26,000000
v 27,000000 48,126220 26,000000
v 28,000000 1,000000 20,215319
v 28,000000 -1,285430 18,000000
v 27,239553 1,000000 18,000000
v 28,000000 -14,940881 19,000000
v 27,134959 1,000000 19,000000
v 28,000000 1,000000 22,704234
v 27,000000 2,120475 19,000000
v 27,239553 0,000000 19,000000
v 27,000000 0,000000 18,683684
v 27,134959 0,000000 20,000000
v 27,000000 0,000000 19,743583
v 27,000000 0,137493 20,000000
v 28,000000 -0,285430 17,000000
v 28,000000 2,000000 14,246566
v 27,239553 2,000000 17,000000
v 27,239553 1,000000 18,000000
v 27,000000 3,120475 18,000000
v 27,000000 1,000000 18,275343
v 27,134959 2,000000 18,000000
v 28,000000 -13,940881 18,000000
v 28,000000 2,000000 16,401380
v 27,134959 1,000000 19,000000
v 27,000000 1,137493 19,000000
v 27,000000 1,000000 19,135353
v 27,000000 2,817373 36,000000
v 27,000000 3,000000 35,802244
v 28,000000 2,751210 36,000000
v 28,000000 2,751210 36,000000
v 27,000000 3,000000 35,802244
v 28,000000 3,000000 35,827681
v 27,000000 2,000000 36,802244
v 27,000000 2,235794 37,000000
v 28,000000 2,000000 36,827681
v 28,000000 2,000000 36,827681
v 27,000000 2,235794 37,000000
v 28,000000 2,170634 37,000000
v 27,000000 4,000000 35,212385
v 27,000000 3,817373 35,000000
v 28,000000 4,000000 35,244352
v 28,000000 4,000000 35,244352
v 27,000000 3,817373 35,000000
v 28,000000 3,751210 35,000000
v 27,000000 3,235794 36,000000
v 27,000000 3,000000 36,212385
v 28,000000 3,170634 36,000000
v 28,000000 3,170634 36,000000
v 27,000000 3,000000 36,212385
v 28,000000 3,000000 36,244352
v 28,000000 13,000000 5,413817
v 28,000000 13,730108 3,000000
v 27,144521 13,000000 3,000000
v 27,144521 12,000000 4,000000
v 27,000000 12,000000 3,767590
v 27,000000 12,158960 4,000000
v 28,000000 14,730108 2,000000
v 28,000000 14,000000 0,521738
v 27,144521 14,000000 2,000000
v 27,144521 13,000000 3,000000
v 27,000000 13,158960 3,000000
v 27,000000 13,000000 3,077504
v 28,000000 16,000000 2,827207
v 28,000000 17,516452 2,000000
v 27,255566 16,000000 2,000000
v 27,255566 15,000000 3,000000
v 27,000000 15,000000 2,812371
v 27,000000 15,124702 3,000000
v 28,000000 18,516452 1,000000
v 28,000000 17,000000 0,351836
v 27,255566 17,000000 1,000000
v 27,255566 16,000000 2,000000
v 27,000000 16,124702 2,000000
v 27,000000 16,000000 2,153479
v 28,000000 28,000000 51,353454
v 28,000000 32,747882 49,000000
v 27,137562 28,000000 49,000000
v 28,000000 33,747882 48,000000
v 28,000000 29,000000 45,926924
v 27,137562 29,000000 48,000000
v 27,534700 31,000000 48,000000
v 27,000000 31,310329 48,000000
v 27,000000 31,000000 46,601237
v 28,000000 30,000000 48,339485
v 27,534700 30,000000 49,000000
v 28,000000 30,182119 49,000000
v 27,534700 32,000000 47,000000
v 27,000000 32,000000 46,674182
v 27,000000 32,310329 47,000000
v 27,534700 31,000000 48,000000
v 28,000000 31,000000 48,467199
v 28,000000 31,182119 48,000000
v 27,936347 36,000000 46,000000
v 27,000000 37,129453 46,000000
v 27,000000 36,000000 48,111169
v 28,000000 35,000000 46,760296
v 27,936347 35,000000 47,000000
v 28,000000 35,048442 47,000000
v 27,936347 37,000000 45,000000
v 27,000000 37,000000 42,139408
v 27,000000 38,129453 45,000000
v 27,936347 36,000000 46,000000
v 28,000000 36,000000 46,026899
v 28,000000 36,048442 46,000000
v 27,904251 38,000000 4,000000
v 27,000000 39,624332 4,000000
v 27,000000 38,000000 8,592807
v 28,000000 37,000000 4,784204
v 27,904251 37,000000 5,000000
v 28,000000 37,181581 5,000000
v 28,000000 38,000000 49,361089
v 28,000000 40,308396 45,000000
v 27,147231 38,000000 45,000000
v 27,147231 37,000000 46,000000
v 27,000000 37,000000 45,685123
v 27,000000 37,188190 46,000000
v 27,904251 39,000000 3,000000
v 27,000000 39,000000 1,482521
v 27,000000 40,624332 3,000000
v 27,904251 38,000000 4,000000
v 28,000000 38,000000 4,090884
v 28,000000 38,181581 4,000000
v 28,000000 41,308396 44,000000
v 28,000000 39,000000 42,427463
v 27,147231 39,000000 44,000000
v 27,147231 38,000000 45,000000
v 27,000000 38,188190 45,000000
v 27,000000 38,000000 45,145963
v 28,000000 40,000000 44,503729
v 28,000000 40,910642 43,000000
v 27,210126 40,000000 43,000000
v 27,210126 39,000000 44,000000
v 27,000000 39,000000 43,780186
v 27,000000 39,463952 44,000000
v 28,000000 41,910642 42,000000
v 28,000000 41,000000 40,679647
v 27,210126 41,000000 42,000000
v 27,210126 40,000000 43,000000
v 27,000000 40,463952 43,000000
v 27,000000 40,000000 43,198950
v 28,000000 43,000000 40,998021
v 28,000000 44,000347 40,000000
v 27,326224 43,000000 40,000000
v 27,326224 42,000000 41,000000
v 27,000000 42,000000 40,731527
v 27,000000 42,412423 41,000000
v 28,000000 45,000347 39,000000
v 28,000000 44,000000 37,178174
v 27,326224 44,000000 39,000000
v 27,326224 43,000000 40,000000
v 27,000000 43,412423 40,000000
v 27,000000 43,000000 40,413909
v 27,583605 47,000000 15,000000
v 27,000000 48,095079 15,000000
v 27,000000 47,000000 16,047971
v 28,000000 46,000000 15,593547
v 27,583605 46,000000 16,000000
v 28,000000 46,316271 16,000000
v 27,583605 48,000000 14,000000
v 27,000000 48,000000 13,054821
v 27,000000 49,095079 14,000000
v 27,583605 47,000000 15,000000
v 28,000000 47,000000 15,266737
v 28,000000 47,316271 15,000000
v 28,000000 49,000000 25,116574
v 28,000000 49,068747 25,000000
v 27,596396 49,000000 25,000000
v 27,596396 48,000000 26,000000
v 27,000000 48,000000 25,858142
v 27,000000 48,126220 26,000000
v 28,964268 1,000000 24,000000
v 28,000000 1,000000 19,229062
v 28,000000 1,836150 24,000000
v 28,964268 0,000000 25,000000
v 29,000000 0,000000 25,098133
v 29,000000 0,040607 25,000000
v 29,000000 3,000000 36,398917
v 29,000000 3,619230 36,000000
v 28,370275 3,000000 36,000000
v 28,370275 2,000000 37,000000
v 28,000000 2,000000 36,827681
v 28,000000 2,170634 37,000000
v 29,000000 4,619230 35,000000
v 29,000000 4,000000 34,393988
v 28,370275 4,000000 35,000000
v 28,370275 3,000000 36,000000
v 28,000000 3,170634 36,000000
v 28,000000 3,000000 36,244352
v 28,664021 6,000000 9,000000
v 28,000000 6,575636 9,000000
v 28,000000 6,000000 9,160891
v 29,000000 5,000000 9,921441
v 28,664021 5,000000 10,000000
v 29,000000 5,111500 10,000000
v 28,664021 7,000000 8,000000
v 28,000000 7,000000 7,787190
v 28,000000 7,575636 8,000000
v 28,664021 6,000000 9,000000
v 29,000000 6,000000 9,082174
v 29,000000 6,111500 9,000000
v 28,550477 12,000000 4,000000
v 28,000000 14,642747 4,000000
v 28,000000 12,000000 5,209048
v 29,000000 11,000000 4,537831
v 28,550477 11,000000 5,000000
v 29,000000 11,389918 5,000000
v 28,879413 13,000000 3,000000
v 28,000000 13,730108 3,000000
v 28,000000 13,000000 5,413817
v 29,000000 12,000000 3,890429
v 28,879413 12,000000 4,000000
v 29,000000 12,343870 4,000000
v 28,000000 13,000000 1,353332
v 28,000000 15,642747 3,000000
v 28,550477 13,000000 3,000000
v 28,550477 12,000000 4,000000
v 29,000000 12,000000 4,762038
v 29,000000 12,389918 4,000000
v 28,879413 14,000000 2,000000
v 28,000000 14,000000 0,521738
v 28,000000 14,730108 2,000000
v 28,879413 13,000000 3,000000
v 29,000000 13,000000 3,566025
v 29,000000 13,343870 3,000000
v 28,794101 19,000000 1,000000
v 28,000000 20,463597 1,000000
v 28,000000 19,000000 4,446782
v 29,000000 18,000000 1,615254
v 28,794101 18,000000 2,000000
v 29,000000 18,294860 2,000000
v 28,794101 20,000000 0,000000
v 28,000000 20,000000 -1,270382
v 28,000000 21,463597 0,000000
v 28,794101 19,000000 1,000000
v 29,000000 19,000000 1,182904
v 29,000000 19,294860 1,000000
v 29,000000 31,000000 46,638643
v 29,000000 33,289392 48,000000
v 28,226446 31,000000 48,000000
v 28,226446 30,000000 49,000000
v 28,000000 30,000000 48,339485
v 28,000000 30,182119 49,000000
v 28,850046 32,000000 2,000000
v 28,000000 37,900912 2,000000
v 28,000000 32,000000 3,656857
v 29,000000 31,000000 2,838721
v 28,850046 31,000000 3,000000
v 29,000000 31,117548 3,000000
v 29,000000 34,289392 47,000000
v 29,000000 32,000000 50,059359
v 28,226446 32,000000 47,000000
v 28,226446 31,000000 48,000000
v 28,000000 31,182119 48,000000
v 28,000000 31,000000 48,467199
v 28,000000 38,900912 1,000000
v 28,850046 33,000000 1,000000
v 28,000000 35,337300 2,000000
v 28,000000 35,337300 2,000000
v 28,850046 33,000000 1,000000
v 28,974292 33,000000 2,000000
v 28,974292 32,000000 3,000000
v 29,000000 32,022198 3,000000
v 28,850046 32,000000 2,000000
v 28,850046 32,000000 2,000000
v 29,000000 32,022198 3,000000
v 29,000000 32,117548 2,000000
v 28,974292 34,000000 1,000000
v 28,000000 34,000000 0,110164
v 28,000000 36,337300 1,000000
v 28,974292 33,000000 2,000000
v 29,000000 33,000000 2,018714
v 29,000000 33,022198 2,000000
v 29,000000 36,000000 50,895157
v 29,000000 36,794774 46,000000
v 28,065005 36,000000 46,000000
v 28,065005 35,000000 47,000000
v 28,000000 35,000000 46,760296
v 28,000000 35,048442 47,000000
v 28,570475 37,000000 4,000000
v 28,000000 37,461974 4,000000
v 28,000000 37,000000 4,378425
v 29,000000 36,000000 4,773873
v 28,570475 36,000000 5,000000
v 29,000000 36,315875 5,000000
v 29,000000 37,794774 45,000000
v 29,000000 37,000000 44,460184
v 28,065005 37,000000 45,000000
v 28,065005 36,000000 46,000000
v 28,000000 36,048442 46,000000
v 28,000000 36,000000 46,026899
v 28,570475 38,000000 3,000000
v 28,000000 38,000000 3,784204
v 28,000000 38,461974 3,000000
v 28,239356 38,000000 4,000000
v 29,000000 38,000000 3,462654
v 29,000000 38,475534 4,000000
v 28,239356 37,000000 5,000000
v 28,000000 37,000000 4,784204
v 28,000000 37,181581 5,000000
v 28,570475 37,000000 4,000000
v 29,000000 37,000000 4,462654
v 29,000000 37,315875 4,000000
v 29,000000 39,475534 3,000000
v 29,000000 39,000000 2,658275
v 28,239356 39,000000 3,000000
v 28,239356 38,000000 4,000000
v 28,000000 38,181581 4,000000
v 28,000000 38,000000 4,090884
v 29,000000 47,000000 7,710033
v 29,000000 44,180056 15,000000
v 28,318075 47,000000 15,000000
v 28,318075 46,000000 16,000000
v 28,000000 46,000000 15,593547
v 28,000000 46,316271 16,000000
v 28,807499 47,000000 33,000000
v 28,000000 50,180151 33,000000
v 28,000000 47,000000 35,086012
v 29,000000 46,000000 33,762326
v 28,807499 46,000000 34,000000
v 29,000000 46,209315 34,000000
v 29,000000 45,180056 14,000000
v 29,000000 48,000000 13,148107
v 28,318075 48,000000 14,000000
v 28,318075 47,000000 15,000000
v 28,000000 47,316271 15,000000
v 28,000000 47,000000 15,266737
v 28,366918 48,000000 20,000000
v 28,000000 48,157854 20,000000
v 28,000000 48,000000 20,112317
v 29,000000 47,000000 20,796319
v 28,366918 47,000000 21,000000
v 29,000000 47,524448 21,000000
v 28,807499 48,000000 32,000000
v 28,000000 48,000000 29,585294
v 28,000000 51,180151 32,000000
v 28,807499 47,000000 33,000000
v 29,000000 47,000000 33,264225
v 29,000000 47,209315 33,000000
v 28,366918 49,000000 19,000000
v 28,000000 49,000000 18,359827
v 28,000000 49,157854 19,000000
v 28,366918 48,000000 20,000000
v 29,000000 48,000000 20,275621
v 29,000000 48,524448 20,000000
v 30,000000 2,554812 24,000000
v 30,000000 1,000000 14,565582
v 29,023020 1,000000 24,000000
v 29,023020 0,000000 25,000000
v 29,000000 0,040607 25,000000
v 29,000000 0,000000 25,098133
v 29,711734 1,000000 29,000000
v 29,000000 -1,956038 29,000000
v 29,000000 1,000000 37,150503
v 29,891509 1,000000 30,000000
v 29,000000 3,554449 30,000000
v 29,000000 1,000000 30,766956
v 29,711734 0,000000 30,000000
v 30,000000 1,275399 30,000000
v 30,000000 0,000000 29,685452
v 30,000000 0,000000 30,935626
v 29,891509 0,000000 31,000000
v 30,000000 0,161756 31,000000
v 29,711734 2,000000 28,000000
v 29,000000 2,000000 25,979484
v 29,000000 -0,956038 28,000000
v 29,000000 4,554449 29,000000
v 29,891509 2,000000 29,000000
v 29,000000 2,000000 26,355192
v 30,000000 2,275399 29,000000
v 29,711734 1,000000 29,000000
v 30,000000 1,000000 29,374448
v 29,891509 1,000000 30,000000
v 30,000000 1,000000 30,180000
v 30,000000 1,161756 30,000000
v 29,747888 2,000000 32,000000
v 29,000000 0,317123 32,000000
v 29,000000 2,000000 27,984622
v 29,963054 2,000000 33,000000
v 29,000000 -0,959430 33,000000
v 29,000000 2,000000 34,652199
v 29,747888 1,000000 33,000000
v 30,000000 2,207564 33,000000
v 30,000000 1,000000 32,681572
v 30,000000 1,000000 33,962310
v 29,963054 1,000000 34,000000
v 30,000000 1,025124 34,000000
v 29,747888 3,000000 31,000000
v 29,000000 3,000000 30,280812
v 29,000000 1,317123 31,000000
v 29,000000 0,040570 32,000000
v 29,963054 3,000000 32,000000
v 29,000000 3,000000 30,161495
v 30,000000 3,207564 32,000000
v 29,747888 2,000000 32,000000
v 30,000000 2,000000 32,190454
v 29,963054 2,000000 33,000000
v 30,000000 2,000000 33,041102
v 30,000000 2,025124 33,000000
v 29,000000 5,935185 9,000000
v 29,000000 6,000000 8,921441
v 30,000000 5,743239 9,000000
v 30,000000 5,743239 9,000000
v 29,000000 6,000000 8,921441
v 30,000000 6,000000 8,820848
v 29,000000 5,000000 9,921441
v 29,000000 5,111500 10,000000
v 30,000000 5,000000 9,820848
v 30,000000 5,000000 9,820848
v 29,000000 5,111500 10,000000
v 30,000000 5,376526 10,000000
v 29,000000 7,000000 8,082174
v 29,000000 6,935185 8,000000
v 30,000000 7,000000 8,906829
v 30,000000 7,000000 8,906829
v 29,000000 6,935185 8,000000
v 30,000000 6,743239 8,000000
v 29,000000 6,111500 9,000000
v 29,000000 6,000000 9,082174
v 30,000000 6,376526 9,000000
v 30,000000 6,376526 9,000000
v 29,000000 6,000000 9,082174
v 30,000000 6,000000 9,906829
v 30,000000 12,000000 5,837047
v 30,000000 14,210349 4,000000
v 29,376194 12,000000 4,000000
v 29,376194 11,000000 5,000000
v 29,000000 11,000000 4,537831
v 29,000000 11,389918 5,000000
v 29,943210 12,000000 45,000000
v 29,000000 12,362409 45,000000
v 29,000000 12,000000 45,297952
v 30,000000 11,000000 45,978115
v 29,943210 11,000000 46,000000
v 30,000000 11,024984 46,000000
v 30,000000 13,000000 4,555908
v 30,000000 13,777540 3,000000
v 29,100417 13,000000 3,000000
v 29,100417 12,000000 4,000000
v 29,000000 12,000000 3,890429
v 29,000000 12,343870 4,000000
v 29,376194 13,000000 3,000000
v 30,000000 15,210349 3,000000
v 30,000000 13,000000 -37,756887
v 29,376194 12,000000 4,000000
v 29,000000 12,389918 4,000000
v 29,000000 12,000000 4,762038
v 29,943210 13,000000 44,000000
v 29,000000 13,000000 43,132290
v 29,000000 13,362409 44,000000
v 29,943210 12,000000 45,000000
v 30,000000 12,000000 45,040117
v 30,000000 12,024984 45,000000
v 30,000000 14,777540 2,000000
v 30,000000 14,000000 -10,251163
v 29,100417 14,000000 2,000000
v 29,100417 13,000000 3,000000
v 29,000000 13,343870 3,000000
v 29,000000 13,000000 3,566025
v 30,000000 19,000000 2,827497
v 30,000000 19,803914 1,000000
v 29,287595 19,000000 1,000000
v 29,287595 18,000000 2,000000
v 29,000000 18,000000 1,615254
v 29,000000 18,294860 2,000000
v 30,000000 20,803914 0,000000
v 30,000000 20,000000 3,133734
v 29,287595 20,000000 0,000000
v 29,287595 19,000000 1,000000
v 29,000000 19,294860 1,000000
v 29,000000 19,000000 1,182904
v 29,733204 28,000000 48,000000
v 29,000000 28,282959 48,000000
v 29,000000 28,000000 48,428544
v 30,000000 27,000000 48,878484
v 29,733204 27,000000 49,000000
v 30,000000 27,156961 49,000000
v 29,733204 29,000000 47,000000
v 29,000000 29,000000 45,963320
v 29,000000 29,282959 47,000000
v 29,733204 28,000000 48,000000
v 30,000000 28,000000 48,095663
v 30,000000 28,156961 48,000000
v 30,000000 32,000000 3,267392
v 30,000000 35,589663 2,000000
v 29,181654 32,000000 2,000000
v 29,181654 31,000000 3,000000
v 29,000000 31,000000 2,838721
v 29,000000 31,117548 3,000000
v 30,000000 36,589663 1,000000
v 29,000000 33,000000 2,161790
v 29,181654 33,000000 1,000000
v 30,000000 36,589663 1,000000
v 29,000000 32,964496 2,000000
v 29,000000 33,000000 2,161790
v 30,000000 36,589663 1,000000
v 30,000000 32,738388 2,000000
v 29,000000 32,964496 2,000000
v 29,000000 32,117548 2,000000
v 30,000000 32,000000 2,684518
v 29,181654 32,000000 2,000000
v 29,000000 32,117548 2,000000
v 30,000000 32,355151 3,000000
v 30,000000 32,000000 2,684518
v 29,000000 32,117548 2,000000
v 29,000000 32,022198 3,000000
v 30,000000 32,355151 3,000000
v 29,000000 34,000000 1,018714
v 29,000000 33,964496 1,000000
v 30,000000 34,000000 1,284210
v 30,000000 34,000000 1,284210
v 29,000000 33,964496 1,000000
v 30,000000 33,738388 1,000000
v 29,000000 33,022198 2,000000
v 29,000000 33,000000 2,018714
v 30,000000 33,355151 2,000000
v 30,000000 33,355151 2,000000
v 29,000000 33,000000 2,018714
v 30,000000 33,000000 2,284210
v 30,000000 37,000000 5,070389
v 30,000000 38,376083 4,000000
v 29,274059 37,000000 4,000000
v 29,274059 36,000000 5,000000
v 29,000000 36,000000 4,773873
v 29,000000 36,315875 5,000000
v 29,655628 37,000000 45,000000
v 29,000000 39,147838 45,000000
v 29,000000 37,000000 46,927461
v 30,000000 36,000000 45,618890
v 29,655628 36,000000 46,000000
v 30,000000 36,299351 46,000000
v 30,000000 39,376083 3,000000
v 30,000000 38,000000 15,405240
v 29,274059 38,000000 3,000000
v 29,000000 35,987317 5,000000
v 29,000000 38,000000 -11,195358
v 29,715245 38,000000 5,000000
v 29,000000 37,315875 4,000000
v 29,000000 37,000000 4,462654
v 29,274059 37,000000 4,000000
v 30,000000 37,000000 5,793845
v 29,715245 37,000000 6,000000
v 30,000000 37,270998 6,000000
v 29,655628 38,000000 44,000000
v 29,000000 38,000000 42,508042
v 29,000000 40,147838 44,000000
v 29,655628 37,000000 45,000000
v 30,000000 37,000000 45,438570
v 30,000000 37,299351 45,000000
v 29,715245 39,000000 4,000000
v 29,000000 39,000000 1,376035
v 29,000000 36,987317 4,000000
v 29,715245 38,000000 5,000000
v 30,000000 38,000000 5,473782
v 30,000000 38,270998 5,000000
v 29,962741 40,000000 43,000000
v 29,000000 40,792918 43,000000
v 29,000000 40,000000 43,346538
v 30,000000 39,000000 43,988704
v 29,962741 39,000000 44,000000
v 30,000000 39,009014 44,000000
v 29,962741 41,000000 42,000000
v 29,000000 41,000000 41,565574
v 29,000000 41,792918 42,000000
v 29,962741 40,000000 43,000000
v 30,000000 40,000000 43,013890
v 30,000000 40,009014 43,000000
v 29,975195 43,000000 40,000000
v 29,000000 43,611240 40,000000
v 29,000000 43,000000 42,561142
v 30,000000 42,000000 40,957802
v 29,975195 42,000000 41,000000
v 30,000000 42,017626 41,000000
v 29,625859 44,000000 11,000000
v 29,000000 45,207006 11,000000
v 29,000000 44,000000 11,701724
v 30,000000 43,000000 11,739377
v 29,625859 43,000000 12,000000
v 30,000000 43,300445 12,000000
v 29,975195 44,000000 39,000000
v 29,000000 44,000000 38,525802
v 29,000000 44,611240 39,000000
v 29,975195 43,000000 40,000000
v 30,000000 43,000000 40,009490
v 30,000000 43,017626 40,000000
v 29,625859 45,000000 10,000000
v 29,000000 45,000000 8,980674
v 29,000000 46,207006 10,000000
v 29,625859 44,000000 11,000000
v 30,000000 44,000000 11,343345
v 30,000000 44,300445 11,000000
v 29,969010 45,000000 13,000000
v 29,000000 45,906341 13,000000
v 29,000000 45,000000 13,431113
v 30,000000 44,000000 13,983653
v 29,969010 44,000000 14,000000
v 30,000000 44,014959 14,000000
v 29,559583 45,000000 37,000000
v 29,000000 45,476330 37,000000
v 29,000000 45,000000 37,407922
v 30,000000 44,000000 37,770028
v 29,559583 44,000000 38,000000
v 30,000000 44,199663 38,000000
v 29,969010 46,000000 12,000000
v 29,000000 46,000000 13,142100
v 29,000000 46,906341 12,000000
v 29,969010 45,000000 13,000000
v 30,000000 45,000000 13,027758
v 30,000000 45,014959 13,000000
v 29,559583 46,000000 36,000000
v 29,000000 46,000000 35,612169
v 29,000000 46,476330 36,000000
v 29,559583 45,000000 37,000000
v 30,000000 45,000000 37,220489
v 30,000000 45,199663 37,000000
v 29,995574 47,000000 31,000000
v 29,000000 48,003701 31,000000
v 29,000000 47,000000 31,801739
v 30,000000 46,000000 31,997486
v 29,995574 46,000000 32,000000
v 30,000000 46,005779 32,000000
v 30,000000 47,000000 33,517070
v 30,000000 48,895283 33,000000
v 29,404509 47,000000 33,000000
v 29,404509 46,000000 34,000000
v 29,000000 46,000000 33,762326
v 29,000000 46,209315 34,000000
v 30,000000 48,000000 20,379325
v 30,000000 48,232723 20,000000
v 29,539928 48,000000 20,000000
v 29,539928 47,000000 21,000000
v 29,000000 47,000000 20,796319
v 29,000000 47,524448 21,000000
v 29,634682 48,000000 29,000000
v 29,000000 49,883767 29,000000
v 29,000000 48,000000 30,648503
v 30,000000 47,000000 29,574201
v 29,634682 47,000000 30,000000
v 30,000000 47,460898 30,000000
v 29,995574 48,000000 30,000000
v 29,000000 48,000000 21,355259
v 29,000000 49,003701 30,000000
v 29,995574 47,000000 31,000000
v 30,000000 47,000000 31,019787
v 30,000000 47,005779 31,000000
v 30,000000 49,895283 32,000000
v 30,000000 48,000000 31,410138
v 29,404509 48,000000 32,000000
v 29,404509 47,000000 33,000000
v 29,000000 47,209315 33,000000
v 29,000000 47,000000 33,264225
v 30,000000 49,232723 19,000000
v 30,000000 49,000000 18,711698
v 29,539928 49,000000 19,000000
v 29,539928 48,000000 20,000000
v 29,000000 48,524448 20,000000
v 29,000000 48,000000 20,275621
v 29,634682 49,000000 28,000000
v 29,000000 49,000000 26,789857
v 29,000000 50,883767 28,000000
v 29,634682 48,000000 29,000000
v 30,000000 48,000000 29,345400
v 30,000000 48,460898 29,000000
v 31,000000 1,000000 29,231896
v 31,000000 -0,019275 29,000000
v 30,621397 1,000000 29,000000
v 31,000000 -0,524400 30,000000
v 30,108669 1,000000 30,000000
v 31,000000 1,000000 30,860427
v 30,000000 1,275399 30,000000
v 30,621397 0,000000 30,000000
v 30,000000 0,000000 29,685452
v 30,108669 0,000000 31,000000
v 30,000000 0,000000 30,935626
v 30,000000 0,161756 31,000000
v 31,000000 0,980725 28,000000
v 31,000000 2,000000 27,478340
v 30,621397 2,000000 28,000000
v 30,621397 1,000000 29,000000
v 30,000000 2,275399 29,000000
v 30,000000 1,000000 29,374448
v 30,108669 2,000000 29,000000
v 31,000000 0,475600 29,000000
v 31,000000 2,000000 31,255008
v 30,000000 -6,857501 31,000000
v 30,000000 2,000000 140,636669
v 30,801275 2,000000 31,000000
v 30,000000 1,161756 30,000000
v 30,000000 1,000000 30,180000
v 30,108669 1,000000 30,000000
v 30,214751 2,000000 32,000000
v 31,000000 2,000000 34,312944
v 30,801275 1,000000 32,000000
v 30,801275 1,000000 32,000000
v 31,000000 2,000000 34,312944
v 31,000000 1,000000 31,791813
v 31,000000 -13,291159 33,000000
v 30,042085 2,000000 33,000000
v 31,000000 2,000000 34,365627
v 30,000000 2,207564 33,000000
v 30,214751 1,000000 33,000000
v 30,000000 1,000000 32,681572
v 30,042085 1,000000 34,000000
v 30,000000 1,000000 33,962310
v 30,000000 1,025124 34,000000
v 30,801275 3,000000 30,000000
v 30,000000 3,000000 29,543124
v 30,000000 -5,857501 30,000000
v 31,000000 3,000000 29,787462
v 30,214751 3,000000 31,000000
v 31,000000 2,000000 31,082339
v 31,000000 2,000000 31,082339
v 30,214751 3,000000 31,000000
v 30,801275 2,000000 31,000000
v 30,214751 2,000000 32,000000
v 30,000000 3,207564 32,000000
v 30,000000 2,000000 32,190454
v 30,042085 3,000000 32,000000
v 31,000000 -12,291159 32,000000
v 31,000000 3,000000 23,482051
v 30,000000 -0,987116 34,000000
v 30,000000 3,000000 38,064071
v 30,790900 3,000000 34,000000
v 30,000000 2,025124 33,000000
v 30,000000 2,000000 33,041102
v 30,042085 2,000000 33,000000
v 31,000000 2,000000 34,725856
v 30,790900 2,000000 35,000000
v 31,000000 2,312951 35,000000
v 30,790900 4,000000 33,000000
v 30,000000 4,000000 30,758294
v 30,000000 0,012884 33,000000
v 30,790900 3,000000 34,000000
v 31,000000 3,000000 34,271985
v 31,000000 3,312951 34,000000
v 31,000000 6,000000 9,556880
v 31,000000 6,656604 9,000000
v 30,301571 6,000000 9,000000
v 30,301571 5,000000 10,000000
v 30,000000 5,000000 9,820848
v 30,000000 5,376526 10,000000
v 31,000000 7,656604 8,000000
v 31,000000 7,000000 12,057988
v 30,301571 7,000000 8,000000
v 30,301571 6,000000 9,000000
v 30,000000 6,376526 9,000000
v 30,000000 6,000000 9,906829
v 30,665088 9,000000 42,000000
v 30,000000 9,344282 42,000000
v 30,000000 9,000000 42,609458
v 31,000000 8,000000 42,792605
v 30,665088 8,000000 43,000000
v 31,000000 8,398357 43,000000
v 30,665088 10,000000 41,000000
v 30,000000 10,000000 40,517643
v 30,000000 10,344282 41,000000
v 30,665088 9,000000 42,000000
v 31,000000 9,000000 42,176867
v 31,000000 9,398357 42,000000
v 30,940469 11,000000 44,000000
v 30,000000 11,809860 44,000000
v 30,000000 11,000000 39,429576
v 31,000000 10,000000 44,952065
v 30,940469 10,000000 45,000000
v 31,000000 10,039337 45,000000
v 30,940469 12,000000 43,000000
v 30,000000 12,000000 41,406823
v 30,000000 12,809860 43,000000
v 31,000000 12,000000 35,155045
v 31,000000 10,158339 45,000000
v 30,028230 12,000000 45,000000
v 31,000000 11,000000 44,074500
v 31,000000 11,039337 44,000000
v 30,940469 11,000000 44,000000
v 30,028230 11,000000 46,000000
v 30,000000 11,000000 45,978115
v 30,000000 11,024984 46,000000
v 31,000000 11,158339 44,000000
v 31,000000 13,000000 43,241041
v 30,028230 13,000000 44,000000
v 30,028230 12,000000 45,000000
v 30,000000 12,024984 45,000000
v 30,000000 12,000000 45,040117
v 30,713698 20,000000 1,000000
v 30,000000 20,436928 1,000000
v 30,000000 20,000000 3,133734
v 31,000000 19,000000 1,810499
v 30,713698 19,000000 2,000000
v 31,000000 19,358944 2,000000
v 30,713698 21,000000 0,000000
v 30,000000 21,000000 -0,539695
v 30,000000 21,436928 0,000000
v 30,713698 20,000000 1,000000
v 31,000000 20,000000 1,203244
v 31,000000 20,358944 1,000000
v 30,769033 23,000000 48,000000
v 30,000000 23,937535 48,000000
v 30,000000 23,000000 49,319081
v 31,000000 22,000000 48,544965
v 30,769033 22,000000 49,000000
v 31,000000 22,240610 49,000000
v 30,769033 24,000000 47,000000
v 30,000000 24,000000 44,325144
v 30,000000 24,937535 47,000000
v 30,769033 23,000000 48,000000
v 31,000000 23,000000 48,400452
v 31,000000 23,240610 48,000000
v 31,000000 28,000000 48,447970
v 31,000000 29,555536 48,000000
v 30,208165 28,000000 48,000000
v 30,208165 27,000000 49,000000
v 30,000000 27,000000 48,878484
v 30,000000 27,156961 49,000000
v 30,633756 29,000000 1,000000
v 30,000000 29,378039 1,000000
v 30,000000 29,000000 1,520496
v 31,000000 28,000000 1,779670
v 30,633756 28,000000 2,000000
v 31,000000 28,336309 2,000000
v 31,000000 30,555536 47,000000
v 31,000000 29,000000 46,291132
v 30,208165 29,000000 47,000000
v 30,208165 28,000000 48,000000
v 30,000000 28,156961 48,000000
v 30,000000 28,000000 48,095663
v 30,633756 30,000000 0,000000
v 30,000000 30,000000 1,141560
v 30,000000 30,378039 0,000000
v 30,633756 29,000000 1,000000
v 31,000000 29,000000 1,356387
v 31,000000 29,336309 1,000000
v 31,000000 33,000000 7,580560
v 31,000000 34,732824 2,000000
v 30,237580 33,000000 2,000000
v 30,237580 32,000000 3,000000
v 30,000000 32,000000 2,684518
v 30,000000 32,355151 3,000000
v 31,000000 35,732824 1,000000
v 31,000000 34,000000 -0,949323
v 30,237580 34,000000 1,000000
v 30,237580 33,000000 2,000000
v 30,000000 33,355151 2,000000
v 30,000000 33,000000 2,284210
v 31,000000 37,000000 47,667148
v 31,000000 52,668525 45,000000
v 30,433587 37,000000 45,000000
v 30,433587 36,000000 46,000000
v 30,000000 36,000000 45,618890
v 30,000000 36,299351 46,000000
v 31,000000 38,000000 3,870495
v 31,000000 41,356123 5,000000
v 30,276011 38,000000 5,000000
v 30,276011 37,000000 6,000000
v 30,000000 37,000000 5,793845
v 30,000000 37,270998 6,000000
v 30,197694 38,000000 44,000000
v 30,000000 38,119207 44,000000
v 30,000000 38,000000 44,707550
v 31,000000 53,668525 44,000000
v 31,000000 38,000000 40,302336
v 30,433587 38,000000 44,000000
v 31,000000 37,432651 45,000000
v 31,000000 37,000000 44,523370
v 30,197694 37,000000 45,000000
v 30,433587 37,000000 45,000000
v 30,000000 37,299351 45,000000
v 30,000000 37,000000 45,438570
v 31,000000 42,356123 4,000000
v 31,000000 39,000000 1,634986
v 30,276011 39,000000 4,000000
v 30,276011 38,000000 5,000000
v 30,000000 38,270998 5,000000
v 30,000000 38,000000 5,473782
v 30,197694 39,000000 43,000000
v 30,000000 39,000000 42,886831
v 30,000000 39,119207 43,000000
v 30,197694 38,000000 44,000000
v 31,000000 38,000000 44,398567
v 31,000000 38,432651 44,000000
v 31,000000 40,000000 41,737896
v 31,000000 37,392335 43,000000
v 30,014681 40,000000 43,000000
v 30,014681 39,000000 44,000000
v 30,000000 39,000000 43,988704
v 30,000000 39,009014 44,000000
v 31,000000 38,392335 42,000000
v 31,000000 41,000000 41,134502
v 30,014681 41,000000 42,000000
v 30,014681 40,000000 43,000000
v 30,000000 40,009014 43,000000
v 30,000000 40,000000 43,013890
v 31,000000 43,000000 43,320148
v 31,000000 41,780657 40,000000
v 30,012215 43,000000 40,000000
v 30,012215 42,000000 41,000000
v 30,000000 42,000000 40,957802
v 30,000000 42,017626 41,000000
v 30,000000 43,609805 11,000000
v 30,000000 44,000000 10,739377
v 31,000000 43,627530 11,000000
v 31,000000 43,627530 11,000000
v 30,000000 44,000000 10,739377
v 31,000000 44,000000 10,552475
v 30,000000 43,000000 11,739377
v 30,000000 43,300445 12,000000
v 31,000000 43,000000 11,552475
v 31,000000 43,000000 11,552475
v 30,000000 43,300445 12,000000
v 31,000000 43,802781 12,000000
v 31,000000 42,780657 39,000000
v 31,000000 44,000000 37,195663
v 30,012215 44,000000 39,000000
v 30,012215 43,000000 40,000000
v 30,000000 43,017626 40,000000
v 30,000000 43,000000 40,009490
v 30,000000 45,000000 10,343345
v 30,000000 44,609805 10,000000
v 31,000000 45,000000 10,300852
v 31,000000 45,000000 10,300852
v 30,000000 44,609805 10,000000
v 31,000000 44,627530 10,000000
v 30,000000 44,300445 11,000000
v 30,000000 44,000000 11,343345
v 31,000000 44,802781 11,000000
v 31,000000 44,802781 11,000000
v 30,000000 44,000000 11,343345
v 31,000000 44,000000 11,300852
v 31,000000 45,000000 13,359904
v 31,000000 46,083244 13,000000
v 30,051937 45,000000 13,000000
v 30,051937 44,000000 14,000000
v 30,000000 44,000000 13,983653
v 30,000000 44,014959 14,000000
v 31,000000 45,000000 99,173543
v 31,000000 48,504853 37,000000
v 30,165333 45,000000 37,000000
v 30,165333 44,000000 38,000000
v 30,000000 44,000000 37,770028
v 30,000000 44,199663 38,000000
v 31,000000 47,083244 12,000000
v 31,000000 46,000000 11,353101
v 30,051937 46,000000 12,000000
v 30,051937 45,000000 13,000000
v 30,000000 45,014959 13,000000
v 30,000000 45,000000 13,027758
v 31,000000 49,504853 36,000000
v 31,000000 46,000000 33,624089
v 30,165333 46,000000 36,000000
v 30,165333 45,000000 37,000000
v 30,000000 45,199663 37,000000
v 30,000000 45,000000 37,220489
v 31,000000 47,000000 32,116224
v 31,000000 48,754056 31,000000
v 30,003468 47,000000 31,000000
v 30,003468 46,000000 32,000000
v 30,000000 46,000000 31,997486
v 30,000000 46,005779 32,000000
v 30,779082 48,000000 20,000000
v 30,000000 48,232723 20,000000
v 30,000000 48,000000 20,379325
v 31,000000 47,000000 20,911331
v 30,779082 47,000000 21,000000
v 31,000000 47,072556 21,000000
v 31,000000 48,000000 30,378215
v 31,000000 50,006711 29,000000
v 30,395797 48,000000 29,000000
v 30,395797 47,000000 30,000000
v 30,000000 47,000000 29,574201
v 30,000000 47,460898 30,000000
v 31,000000 49,754056 30,000000
v 31,000000 48,000000 17,428156
v 30,003468 48,000000 30,000000
v 30,003468 47,000000 31,000000
v 30,000000 47,005779 31,000000
v 30,000000 47,000000 31,019787
v 30,779082 49,000000 19,000000
v 30,000000 49,000000 18,711698
v 30,000000 49,232723 19,000000
v 30,779082 48,000000 20,000000
v 31,000000 48,000000 20,050899
v 31,000000 48,072556 20,000000
v 31,000000 51,006711 28,000000
v 31,000000 49,000000 26,984040
v 30,395797 49,000000 28,000000
v 30,395797 48,000000 29,000000
v 30,000000 48,460898 29,000000
v 30,000000 48,000000 29,345400
v 31,986048 1,000000 22,000000
v 31,000000 4,863063 22,000000
v 31,000000 1,000000 23,279954
v 32,000000 0,000000 22,988748
v 31,986048 0,000000 23,000000
v 32,000000 0,012665 23,000000
v 31,914626 2,000000 17,000000
v 31,000000 2,398105 17,000000
v 31,000000 2,000000 17,409474
v 32,000000 1,000000 17,969314
v 31,914626 1,000000 18,000000
v 32,000000 1,067089 18,000000
v 31,986048 2,000000 21,000000
v 31,000000 2,000000 12,654433
v 31,000000 5,863063 21,000000
v 31,986048 1,000000 22,000000
v 32,000000 1,000000 22,053391
v 32,000000 1,012665 22,000000
v 32,000000 2,000000 34,088251
v 32,000000 5,266643 31,000000
v 31,115620 2,000000 31,000000
v 31,115620 1,000000 32,000000
v 31,000000 1,000000 31,791813
v 31,000000 1,122734 32,000000
v 31,914626 3,000000 16,000000
v 31,000000 3,000000 15,096515
v 31,000000 3,398105 16,000000
v 31,914626 2,000000 17,000000
v 32,000000 2,000000 17,061903
v 32,000000 2,067089 17,000000
v 32,000000 6,266643 30,000000
v 32,000000 3,000000 29,019689
v 31,115620 3,000000 30,000000
v 31,115620 2,000000 31,000000
v 31,000000 2,122734 31,000000
v 31,000000 2,000000 31,082339
v 32,000000 3,000000 34,496489
v 32,000000 3,430398 34,000000
v 31,453041 3,000000 34,000000
v 31,453041 2,000000 35,000000
v 31,000000 2,000000 34,725856
v 31,000000 2,312951 35,000000
v 32,000000 4,430398 33,000000
v 32,000000 4,000000 32,508404
v 31,453041 4,000000 33,000000
v 31,000000 5,238799 35,000000
v 31,000000 4,000000 37,073482
v 31,813249 4,000000 35,000000
v 31,000000 3,312951 34,000000
v 31,000000 3,000000 34,271985
v 31,453041 3,000000 34,000000
v 32,000000 3,000000 35,815723
v 31,813249 3,000000 36,000000
v 32,000000 3,171810 36,000000
v 31,919268 5,000000 11,000000
v 31,000000 6,378532 11,000000
v 31,000000 5,000000 11,906050
v 32,000000 4,000000 11,947412
v 31,919268 4,000000 12,000000
v 32,000000 4,088321 12,000000
v 31,813249 5,000000 34,000000
v 31,000000 5,000000 33,565433
v 31,000000 6,238799 34,000000
v 31,813249 4,000000 35,000000
v 32,000000 4,000000 35,095569
v 32,000000 4,171810 35,000000
v 31,919268 6,000000 10,000000
v 31,000000 6,000000 0,078390
v 31,000000 7,378532 10,000000
v 31,919268 5,000000 11,000000
v 32,000000 5,000000 11,393359
v 32,000000 5,088321 11,000000
v 31,420065 7,000000 9,000000
v 31,000000 7,468548 9,000000
v 31,000000 7,000000 12,057988
v 32,000000 6,000000 9,481777
v 31,420065 6,000000 10,000000
v 32,000000 6,456247 10,000000
v 31,595825 7,000000 40,000000
v 31,000000 8,295574 40,000000
v 31,000000 7,000000 41,146026
v 32,000000 6,000000 40,625699
v 31,595825 6,000000 41,000000
v 32,000000 6,563949 41,000000
v 31,420065 8,000000 8,000000
v 31,000000 8,000000 7,517219
v 31,000000 8,468548 8,000000
v 31,420065 7,000000 9,000000
v 32,000000 7,000000 9,451359
v 32,000000 7,456247 9,000000
v 31,595825 8,000000 39,000000
v 31,000000 8,000000 -476,793996
v 31,000000 9,295574 39,000000
v 31,595825 7,000000 40,000000
v 32,000000 7,000000 40,481296
v 32,000000 7,563949 40,000000
v 32,000000 9,000000 45,979960
v 32,000000 11,360343 42,000000
v 31,162563 9,000000 42,000000
v 31,162563 8,000000 43,000000
v 31,000000 8,000000 42,792605
v 31,000000 8,398357 43,000000
v 32,000000 12,360343 41,000000
v 32,000000 10,000000 39,285089
v 31,162563 10,000000 41,000000
v 31,162563 9,000000 42,000000
v 31,000000 9,398357 42,000000
v 31,000000 9,000000 42,176867
v 32,000000 11,000000 49,670950
v 32,000000 15,354529 44,000000
v 31,018571 11,000000 44,000000
v 31,018571 10,000000 45,000000
v 31,000000 10,000000 44,952065
v 31,000000 10,039337 45,000000
v 32,000000 16,354529 43,000000
v 32,000000 12,000000 32,922004
v 31,018571 12,000000 43,000000
v 31,018571 11,000000 44,000000
v 31,000000 11,039337 44,000000
v 31,000000 11,000000 44,074500
v 31,875164 17,000000 2,000000
v 31,000000 17,909355 2,000000
v 31,000000 17,000000 3,431563
v 32,000000 16,000000 2,879833
v 31,875164 16,000000 3,000000
v 32,000000 16,443214 3,000000
v 31,875164 18,000000 1,000000
v 31,000000 18,000000 -0,570356
v 31,000000 18,909355 1,000000
v 31,875164 17,000000 2,000000
v 32,000000 17,000000 2,129331
v 32,000000 17,443214 2,000000
v 32,000000 20,000000 1,715338
v 32,000000 20,570881 1,000000
v 31,231199 20,000000 1,000000
v 31,231199 19,000000 2,000000
v 31,000000 19,000000 1,810499
v 31,000000 19,358944 2,000000
v 32,000000 21,570881 0,000000
v 32,000000 21,000000 14,733599
v 31,231199 21,000000 0,000000
v 31,231199 20,000000 1,000000
v 31,000000 20,358944 1,000000
v 31,000000 20,000000 1,203244
v 31,781988 23,000000 1,000000
v 31,000000 24,266803 1,000000
v 31,000000 23,000000 2,781503
v 32,000000 22,000000 1,751076
v 31,781988 22,000000 2,000000
v 32,000000 22,425637 2,000000
v 32,000000 23,000000 50,950789
v 32,000000 23,953151 48,000000
v 31,252262 23,000000 48,000000
v 31,252262 22,000000 49,000000
v 31,000000 22,000000 48,544965
v 31,000000 22,240610 49,000000
v 31,781988 24,000000 0,000000
v 31,000000 24,000000 -1,888673
v 31,000000 25,266803 0,000000
v 31,781988 23,000000 1,000000
v 32,000000 23,000000 1,259801
v 32,000000 23,425637 1,000000
v 32,000000 24,953151 47,000000
v 32,000000 24,000000 45,899501
v 31,252262 24,000000 47,000000
v 31,252262 23,000000 48,000000
v 31,000000 23,240610 48,000000
v 31,000000 23,000000 48,400452
v 32,000000 29,000000 3,286492
v 32,000000 30,551669 1,000000
v 31,166899 29,000000 1,000000
v 31,166899 28,000000 2,000000
v 31,000000 28,000000 1,779670
v 31,000000 28,336309 2,000000
v 32,000000 31,551669 0,000000
v 32,000000 30,000000 -2,301563
v 31,166899 30,000000 0,000000
v 31,166899 29,000000 1,000000
v 31,000000 29,336309 1,000000
v 31,000000 29,000000 1,356387
v 31,971975 35,000000 45,000000
v 31,000000 35,520048 45,000000
v 31,000000 35,000000 45,610634
v 32,000000 34,000000 45,985652
v 31,971975 34,000000 46,000000
v 32,000000 34,020833 46,000000
v 31,971975 36,000000 44,000000
v 31,000000 36,000000 39,858891
v 31,000000 36,520048 44,000000
v 31,971975 35,000000 45,000000
v 32,000000 35,000000 45,037711
v 32,000000 35,020833 45,000000
v 32,000000 38,000000 45,698640
v 32,000000 33,963579 44,000000
v 31,401697 38,000000 44,000000
v 31,401697 37,000000 45,000000
v 31,000000 37,000000 44,523370
v 31,000000 37,432651 45,000000
v 32,000000 34,963579 43,000000
v 32,000000 39,000000 58,712588
v 31,401697 39,000000 43,000000
v 31,401697 38,000000 44,000000
v 31,000000 38,432651 44,000000
v 31,000000 38,000000 44,398567
v 31,363718 43,000000 39,000000
v 31,000000 43,615330 39,000000
v 31,000000 43,000000 39,250473
v 32,000000 42,000000 39,703879
v 31,363718 42,000000 40,000000
v 32,000000 42,267924 40,000000
v 32,000000 44,000000 12,449432
v 32,000000 45,163372 11,000000
v 31,360580 44,000000 11,000000
v 31,360580 43,000000 12,000000
v 31,000000 43,000000 11,552475
v 31,000000 43,802781 12,000000
v 31,363718 44,000000 38,000000
v 31,000000 44,000000 37,687894
v 31,000000 44,615330 38,000000
v 31,363718 43,000000 39,000000
v 32,000000 43,000000 39,330852
v 32,000000 43,267924 39,000000
v 32,000000 46,163372 10,000000
v 32,000000 45,000000 8,323332
v 31,360580 45,000000 10,000000
v 31,360580 44,000000 11,000000
v 31,000000 44,802781 11,000000
v 31,000000 44,000000 11,300852
v 32,000000 48,000000 39,092171
v 32,000000 49,628988 20,000000
v 31,048710 48,000000 20,000000
v 31,048710 47,000000 21,000000
v 31,000000 47,000000 20,911331
v 31,000000 47,072556 21,000000
v 31,755782 48,000000 27,000000
v 31,000000 48,257908 27,000000
v 31,000000 48,000000 27,331298
v 32,000000 47,000000 27,910522
v 31,755782 47,000000 28,000000
v 32,000000 47,060572 28,000000
v 32,000000 50,628988 19,000000
v 32,000000 49,000000 17,533973
v 31,048710 49,000000 19,000000
v 31,048710 48,000000 20,000000
v 31,000000 48,072556 20,000000
v 31,000000 48,000000 20,050899
v 31,755782 49,000000 26,000000
v 31,000000 49,000000 25,812471
v 31,000000 49,257908 26,000000
v 31,755782 48,000000 27,000000
v 32,000000 48,000000 27,052934
v 32,000000 48,060572 27,000000
v 33,000000 1,000000 22,705320
v 33,000000 -7,912893 22,000000
v 32,021541 1,000000 22,000000
v 32,021541 0,000000 23,000000
v 32,000000 0,000000 22,988748
v 32,000000 0,012665 23,000000
v 33,000000 2,000000 18,906644
v 33,000000 3,846397 17,000000
v 32,028306 2,000000 17,000000
v 32,028306 1,000000 18,000000
v 32,000000 1,000000 17,969314
v 32,000000 1,067089 18,000000
v 33,000000 -6,912893 21,000000
v 33,000000 2,000000 16,704698
v 32,021541 2,000000 21,000000
v 32,021541 1,000000 22,000000
v 32,000000 1,012665 22,000000
v 32,000000 1,000000 22,053391
v 33,000000 4,846397 16,000000
v 33,000000 3,000000 11,381822
v 32,028306 3,000000 16,000000
v 32,028306 2,000000 17,000000
v 32,000000 2,067089 17,000000
v 32,000000 2,000000 17,061903
v 32,000000 3,915042 35,000000
v 32,000000 4,000000 34,815723
v 33,000000 3,344676 35,000000
v 33,000000 3,344676 35,000000
v 32,000000 4,000000 34,815723
v 33,000000 4,000000 34,706763
v 32,000000 3,000000 35,815723
v 32,000000 3,171810 36,000000
v 33,000000 3,000000 35,706763
v 33,000000 3,000000 35,706763
v 32,000000 3,171810 36,000000
v 33,000000 3,291324 36,000000
v 33,000000 5,000000 11,925403
v 33,000000 6,409106 11,000000
v 32,079573 5,000000 11,000000
v 32,079573 4,000000 12,000000
v 32,000000 4,000000 11,947412
v 32,000000 4,088321 12,000000
v 32,000000 5,000000 34,095569
v 32,000000 4,915042 34,000000
v 33,000000 5,000000 34,270669
v 33,000000 5,000000 34,270669
v 32,000000 4,915042 34,000000
v 33,000000 4,344676 34,000000
v 32,000000 4,171810 35,000000
v 32,000000 4,000000 35,095569
v 33,000000 4,291324 35,000000
v 33,000000 4,291324 35,000000
v 32,000000 4,000000 35,095569
v 33,000000 4,000000 35,270669
v 33,000000 7,409106 10,000000
v 33,000000 6,000000 -0,162006
v 32,079573 6,000000 10,000000
v 32,079573 5,000000 11,000000
v 32,000000 5,088321 11,000000
v 32,000000 5,000000 11,393359
v 33,000000 7,000000 10,383972
v 33,000000 8,699921 9,000000
v 32,375101 7,000000 9,000000
v 32,375101 6,000000 10,000000
v 32,000000 6,000000 9,481777
v 32,000000 6,456247 10,000000
v 33,000000 7,000000 40,972917
v 33,000000 8,128322 40,000000
v 32,433801 7,000000 40,000000
v 32,433801 6,000000 41,000000
v 32,000000 6,000000 40,625699
v 32,000000 6,563949 41,000000
v 33,000000 9,699921 8,000000
v 33,000000 8,000000 6,204481
v 32,375101 8,000000 8,000000
v 32,375101 7,000000 9,000000
v 32,000000 7,456247 9,000000
v 32,000000 7,000000 9,451359
v 33,000000 9,128322 39,000000
v 33,000000 8,000000 37,573910
v 32,433801 8,000000 39,000000
v 32,433801 7,000000 40,000000
v 32,000000 7,563949 40,000000
v 32,000000 7,000000 40,481296
v 33,000000 17,000000 3,442847
v 33,000000 17,916244 2,000000
v 32,124222 17,000000 2,000000
v 32,124222 16,000000 3,000000
v 32,000000 16,000000 2,879833
v 32,000000 16,443214 3,000000
v 33,000000 18,916244 1,000000
v 33,000000 18,000000 3,628720
v 32,124222 18,000000 1,000000
v 32,124222 17,000000 2,000000
v 32,000000 17,443214 2,000000
v 32,000000 17,000000 2,129331
v 32,602086 20,000000 2,000000
v 32,000000 16,617567 2,000000
v 32,000000 20,000000 3,365338
v 33,000000 19,000000 2,555360
v 32,602086 19,000000 3,000000
v 33,000000 19,424428 3,000000
v 32,602086 21,000000 1,000000
v 32,000000 21,000000 2,584253
v 32,000000 17,617567 1,000000
v 32,602086 20,000000 2,000000
v 33,000000 20,000000 2,820558
v 33,000000 20,424428 2,000000
v 32,825301 22,000000 2,000000
v 32,000000 41,065051 2,000000
v 32,000000 22,000000 0,389990
v 33,000000 21,000000 2,412267
v 32,825301 21,000000 3,000000
v 33,000000 21,115563 3,000000
v 33,000000 23,000000 -0,576636
v 33,000000 23,657757 1,000000
v 32,313237 23,000000 1,000000
v 32,000000 22,000000 1,751076
v 32,000000 22,425637 2,000000
v 32,313237 22,000000 2,000000
v 32,000000 23,000000 2,889235
v 32,000000 42,065051 1,000000
v 32,825301 23,000000 1,000000
v 32,825301 22,000000 2,000000
v 33,000000 22,000000 2,186485
v 33,000000 22,115563 2,000000
v 33,000000 24,657757 0,000000
v 33,000000 24,000000 -0,959834
v 32,313237 24,000000 0,000000
v 32,313237 23,000000 1,000000
v 32,000000 23,425637 1,000000
v 32,000000 23,000000 1,259801
v 32,878290 28,000000 2,000000
v 32,000000 31,417149 2,000000
v 32,000000 28,000000 5,410210
v 33,000000 27,000000 2,789734
v 32,878290 27,000000 3,000000
v 33,000000 27,149816 3,000000
v 32,878290 29,000000 1,000000
v 32,000000 29,000000 -7,119926
v 32,000000 32,417149 1,000000
v 32,878290 28,000000 2,000000
v 33,000000 28,000000 2,145126
v 33,000000 28,149816 2,000000
v 33,000000 35,000000 45,291874
v 33,000000 35,676539 45,000000
v 32,059641 35,000000 45,000000
v 32,059641 34,000000 46,000000
v 32,000000 34,000000 45,985652
v 32,000000 34,020833 46,000000
v 33,000000 36,676539 44,000000
v 33,000000 36,000000 43,244968
v 32,059641 36,000000 44,000000
v 32,059641 35,000000 45,000000
v 32,000000 35,020833 45,000000
v 32,000000 35,000000 45,037711
v 32,653083 38,000000 43,000000
v 32,000000 38,945028 43,000000
v 32,000000 38,000000 43,569316
v 33,000000 37,000000 43,741201
v 32,653083 37,000000 44,000000
v 33,000000 37,263426 44,000000
v 32,653083 39,000000 42,000000
v 32,000000 39,000000 43,072983
v 32,000000 39,945028 42,000000
v 32,653083 38,000000 43,000000
v 33,000000 38,000000 43,823346
v 33,000000 38,263426 43,000000
v 32,948583 40,000000 8,000000
v 32,000000 44,569200 8,000000
v 32,000000 40,000000 8,685378
v 33,000000 39,000000 8,973347
v 32,948583 39,000000 9,000000
v 33,000000 39,028404 9,000000
v 32,948583 41,000000 7,000000
v 32,000000 41,000000 4,624624
v 32,000000 45,569200 7,000000
v 32,948583 40,000000 8,000000
v 33,000000 40,000000 8,089873
v 33,000000 40,028404 8,000000
v 32,932118 43,000000 11,000000
v 32,000000 45,688554 11,000000
v 32,000000 43,000000 12,842369
v 33,000000 42,000000 11,895552
v 32,932118 42,000000 12,000000
v 33,000000 42,126986 12,000000
v 33,000000 43,000000 40,949269
v 33,000000 46,052765 39,000000
v 32,241739 43,000000 39,000000
v 32,241739 42,000000 40,000000
v 32,000000 42,000000 39,703879
v 32,000000 42,267924 40,000000
v 32,932118 44,000000 10,000000
v 32,000000 44,000000 12,449432
v 32,000000 46,688554 10,000000
v 32,932118 43,000000 11,000000
v 33,000000 43,000000 11,071725
v 33,000000 43,126986 11,000000
v 33,000000 47,052765 38,000000
v 33,000000 44,000000 36,080795
v 32,241739 44,000000 38,000000
v 32,241739 43,000000 39,000000
v 32,000000 43,267924 39,000000
v 32,000000 43,000000 39,330852
v 32,917082 46,000000 17,000000
v 32,000000 49,446667 17,000000
v 32,000000 46,000000 19,702035
v 33,000000 45,000000 17,882094
v 32,917082 45,000000 18,000000
v 33,000000 45,108431 18,000000
v 32,917082 47,000000 16,000000
v 32,000000 47,000000 13,017865
v 32,000000 50,446667 16,000000
v 32,917082 46,000000 17,000000
v 33,000000 46,000000 17,127081
v 33,000000 46,108431 17,000000
v 33,000000 48,000000 24,284753
v 33,000000 45,443683 27,000000
v 32,043507 48,000000 27,000000
v 32,043507 47,000000 28,000000
v 32,000000 47,000000 27,910522
v 32,000000 47,060572 28,000000
v 33,000000 46,443683 26,000000
v 33,000000 49,000000 23,764191
v 32,043507 49,000000 26,000000
v 32,043507 48,000000 27,000000
v 32,000000 48,060572 27,000000
v 32,000000 48,000000 27,052934
v 33,592824 2,000000 25,000000
v 33,000000 2,839864 25,000000
v 33,000000 2,000000 26,250364
v 34,000000 1,000000 25,577055
v 33,592824 1,000000 26,000000
v 34,000000 1,495577 26,000000
v 33,592824 3,000000 24,000000
v 33,000000 3,000000 23,141866
v 33,000000 3,839864 24,000000
v 33,592824 2,000000 25,000000
v 34,000000 2,000000 25,335353
v 34,000000 2,495577 25,000000
v 33,625717 3,000000 32,000000
v 33,000000 5,336581 32,000000
v 33,000000 3,000000 32,901452
v 34,000000 2,000000 32,705110
v 33,625717 2,000000 33,000000
v 34,000000 2,924865 33,000000
v 33,625717 4,000000 31,000000
v 33,000000 4,000000 29,771025
v 33,000000 6,336581 31,000000
v 33,625717 3,000000 32,000000
v 34,000000 3,000000 32,387837
v 34,000000 3,924865 32,000000
v 33,797223 4,000000 34,000000
v 33,000000 4,260063 34,000000
v 33,000000 4,000000 34,244277
v 33,320051 4,000000 35,000000
v 34,000000 4,000000 36,261327
v 33,797223 3,000000 35,000000
v 33,797223 3,000000 35,000000
v 34,000000 4,000000 36,261327
v 34,000000 3,000000 34,945866
v 33,320051 3,000000 36,000000
v 33,000000 3,000000 35,706763
v 33,000000 3,291324 36,000000
v 33,797223 5,000000 33,000000
v 33,000000 5,000000 32,829247
v 33,000000 5,260063 33,000000
v 34,000000 5,000000 21,424011
v 33,320051 5,000000 34,000000
v 34,000000 4,000000 34,038719
v 34,000000 4,000000 34,038719
v 33,320051 5,000000 34,000000
v 33,797223 4,000000 34,000000
v 33,000000 1,843424 36,000000
v 33,000000 5,000000 33,390498
v 33,879931 5,000000 36,000000
v 33,000000 4,291324 35,000000
v 33,000000 4,000000 35,270669
v 33,320051 4,000000 35,000000
v 34,000000 4,000000 36,863298
v 33,879931 4,000000 37,000000
v 34,000000 4,149131 37,000000
v 33,879931 6,000000 35,000000
v 33,000000 6,000000 31,270814
v 33,000000 2,843424 35,000000
v 33,879931 5,000000 36,000000
v 34,000000 5,000000 36,222629
v 34,000000 5,149131 36,000000
v 33,964722 12,000000 6,000000
v 33,000000 18,161430 6,000000
v 33,000000 12,000000 -3,742861
v 34,000000 11,000000 6,924728
v 33,964722 11,000000 7,000000
v 34,000000 11,056028 7,000000
v 33,777739 13,000000 5,000000
v 33,000000 14,496536 5,000000
v 33,000000 13,000000 5,722412
v 34,000000 12,000000 5,830765
v 33,777739 12,000000 6,000000
v 34,000000 12,153736 6,000000
v 33,000000 13,000000 -9,268813
v 33,000000 19,161430 5,000000
v 33,964722 13,000000 5,000000
v 33,964722 12,000000 6,000000
v 34,000000 12,000000 6,045514
v 34,000000 12,056028 6,000000
v 33,777739 14,000000 4,000000
v 33,000000 14,000000 1,649369
v 33,000000 15,496536 4,000000
v 33,777739 13,000000 5,000000
v 34,000000 13,000000 5,351073
v 34,000000 13,153736 5,000000
v 34,000000 20,000000 3,003797
v 34,000000 20,880024 2,000000
v 33,475677 20,000000 2,000000
v 33,475677 19,000000 3,000000
v 33,000000 19,000000 2,555360
v 33,000000 19,424428 3,000000
v 34,000000 21,880024 1,000000
v 34,000000 21,000000 0,170168
v 33,475677 21,000000 1,000000
v 33,475677 20,000000 2,000000
v 33,000000 20,424428 2,000000
v 33,000000 20,000000 2,820558
v 34,000000 22,000000 4,185648
v 34,000000 27,264626 2,000000
v 33,157505 22,000000 2,000000
v 33,157505 21,000000 3,000000
v 33,000000 21,000000 2,412267
v 33,000000 21,115563 3,000000
v 34,000000 28,264626 1,000000
v 34,000000 23,000000 -0,853658
v 33,157505 23,000000 1,000000
v 33,157505 22,000000 2,000000
v 33,000000 22,115563 2,000000
v 33,000000 22,000000 2,186485
v 33,770875 26,000000 2,000000
v 33,000000 27,860941 2,000000
v 33,000000 26,000000 5,204284
v 34,000000 25,000000 2,603882
v 33,770875 25,000000 3,000000
v 34,000000 25,289701 3,000000
v 33,530063 26,000000 47,000000
v 33,000000 26,881539 47,000000
v 33,000000 26,000000 48,007880
v 34,000000 25,000000 47,567220
v 33,530063 25,000000 48,000000
v 34,000000 25,461740 48,000000
v 33,770875 27,000000 1,000000
v 33,000000 27,000000 3,661001
v 33,000000 28,860941 1,000000
v 33,770875 26,000000 2,000000
v 34,000000 26,000000 2,257331
v 34,000000 26,289701 2,000000
v 33,000000 27,881539 46,000000
v 33,530063 27,000000 46,000000
v 33,000000 31,415092 47,000000
v 33,000000 31,415092 47,000000
v 33,530063 27,000000 46,000000
v 33,918172 27,000000 47,000000
v 33,918172 26,000000 48,000000
v 34,000000 26,092654 48,000000
v 33,530063 26,000000 47,000000
v 33,530063 26,000000 47,000000
v 34,000000 26,092654 48,000000
v 34,000000 26,461740 47,000000
v 34,000000 28,000000 2,487485
v 34,000000 28,457513 2,000000
v 33,371532 28,000000 2,000000
v 33,371532 27,000000 3,000000
v 33,000000 27,000000 2,789734
v 33,000000 27,149816 3,000000
v 33,918172 28,000000 46,000000
v 33,000000 28,000000 38,980377
v 33,000000 32,415092 46,000000
v 33,918172 27,000000 47,000000
v 34,000000 27,000000 47,114362
v 34,000000 27,092654 47,000000
v 34,000000 29,457513 1,000000
v 34,000000 29,000000 0,683194
v 33,371532 29,000000 1,000000
v 33,371532 28,000000 2,000000
v 33,000000 28,149816 2,000000
v 33,000000 28,000000 2,145126
v 33,916810 35,000000 45,000000
v 33,000000 35,676539 45,000000
v 33,000000 35,000000 45,291874
v 34,000000 34,000000 45,972968
v 33,916810 34,000000 46,000000
v 34,000000 34,018459 46,000000
v 33,916810 36,000000 44,000000
v 33,000000 36,000000 43,244968
v 33,000000 36,676539 44,000000
v 33,916810 35,000000 45,000000
v 34,000000 35,000000 45,029173
v 34,000000 35,018459 45,000000
v 34,000000 38,000000 41,668005
v 34,000000 38,713355 43,000000
v 33,431578 38,000000 43,000000
v 33,431578 37,000000 44,000000
v 33,000000 37,000000 43,741201
v 33,000000 37,263426 44,000000
v 34,000000 39,713355 42,000000
v 34,000000 39,000000 41,104212
v 33,431578 39,000000 42,000000
v 33,431578 38,000000 43,000000
v 33,000000 38,263426 43,000000
v 33,000000 38,000000 43,823346
v 34,000000 40,000000 8,990108
v 34,000000 42,441755 8,000000
v 33,032772 40,000000 8,000000
v 33,032772 39,000000 9,000000
v 33,000000 39,000000 8,973347
v 33,000000 39,028404 9,000000
v 34,000000 43,441755 7,000000
v 34,000000 41,000000 9,198886
v 33,032772 41,000000 7,000000
v 33,000000 39,161517 9,000000
v 33,000000 41,000000 10,850008
v 33,721140 41,000000 9,000000
v 33,000000 40,028404 8,000000
v 33,000000 40,000000 8,089873
v 33,032772 40,000000 8,000000
v 34,000000 40,000000 9,635122
v 33,721140 40,000000 10,000000
v 34,000000 40,201073 10,000000
v 33,721140 42,000000 8,000000
v 33,000000 42,000000 7,170878
v 33,000000 40,161517 8,000000
v 33,721140 41,000000 9,000000
v 34,000000 41,000000 9,197526
v 34,000000 41,201073 9,000000
v 34,000000 43,000000 11,725266
v 34,000000 43,214300 11,000000
v 33,327757 43,000000 11,000000
v 33,327757 42,000000 12,000000
v 33,000000 42,000000 11,895552
v 33,000000 42,126986 12,000000
v 34,000000 44,214300 10,000000
v 34,000000 44,000000 9,815250
v 33,327757 44,000000 10,000000
v 33,327757 43,000000 11,000000
v 33,000000 43,126986 11,000000
v 33,000000 43,000000 11,071725
v 33,514723 44,000000 36,000000
v 33,000000 44,973356 36,000000
v 33,000000 44,000000 36,935421
v 34,000000 43,000000 36,567854
v 33,514723 43,000000 37,000000
v 34,000000 43,419464 37,000000
v 33,514723 45,000000 35,000000
v 33,000000 45,000000 33,628239
v 33,000000 45,973356 35,000000
v 33,514723 44,000000 36,000000
v 34,000000 44,000000 36,429929
v 34,000000 44,419464 36,000000
v 34,000000 46,000000 17,210786
v 34,000000 47,584761 17,000000
v 33,400779 46,000000 17,000000
v 33,400779 45,000000 18,000000
v 33,000000 45,000000 17,882094
v 33,000000 45,108431 18,000000
v 34,000000 48,584761 16,000000
v 34,000000 47,000000 15,771014
v 33,400779 47,000000 16,000000
v 33,400779 46,000000 17,000000
v 33,000000 46,108431 17,000000
v 33,000000 46,000000 17,127081
v 33,675912 47,000000 27,000000
v 33,000000 49,988109 27,000000
v 33,000000 47,000000 28,672343
v 34,000000 46,000000 27,625800
v 33,675912 46,000000 28,000000
v 34,000000 46,374014 28,000000
v 33,675912 48,000000 26,000000
v 33,000000 48,000000 24,284753
v 33,000000 50,988109 26,000000
v 33,675912 47,000000 27,000000
v 34,000000 47,000000 27,323570
v 34,000000 47,374014 27,000000
v 35,000000 2,000000 26,476617
v 35,000000 2,969921 25,000000
v 34,363842 2,000000 25,000000
v 34,363842 1,000000 26,000000
v 34,000000 1,000000 25,577055
v 34,000000 1,495577 26,000000
v 35,000000 3,969921 24,000000
v 35,000000 3,000000 20,888906
v 34,363842 3,000000 24,000000
v 34,363842 2,000000 25,000000
v 34,000000 2,495577 25,000000
v 34,000000 2,000000 25,335353
v 35,000000 3,000000 33,431939
v 35,000000 5,800855 32,000000
v 34,282280 3,000000 32,000000
v 34,282280 2,000000 33,000000
v 34,000000 2,000000 32,705110
v 34,000000 2,924865 33,000000
v 35,000000 6,800855 31,000000
v 35,000000 4,000000 25,247495
v 34,282280 4,000000 31,000000
v 34,282280 3,000000 32,000000
v 34,000000 3,924865 32,000000
v 34,000000 3,000000 32,387837
v 35,000000 4,000000 39,022063
v 35,000000 1,730438 34,000000
v 34,029405 4,000000 34,000000
v 34,029405 3,000000 35,000000
v 34,000000 3,000000 34,945866
v 34,000000 3,059240 35,000000
v 35,000000 2,730438 33,000000
v 35,000000 5,000000 30,501616
v 34,029405 5,000000 33,000000
v 34,029405 4,000000 34,000000
v 34,000000 4,059240 34,000000
v 34,000000 4,000000 34,038719
v 35,000000 5,000000 36,160144
v 35,000000 5,221801 36,000000
v 34,490635 5,000000 36,000000
v 34,490635 4,000000 37,000000
v 34,000000 4,000000 36,863298
v 34,000000 4,149131 37,000000
v 34,000000 6,000000 35,222629
v 34,840008 6,000000 36,000000
v 34,000000 7,059621 36,000000
v 35,000000 6,000000 35,609532
v 34,490635 6,000000 35,000000
v 35,000000 6,221801 35,000000
v 35,000000 5,000000 36,609532
v 34,840008 5,000000 37,000000
v 35,000000 5,130244 37,000000
v 34,000000 5,000000 36,222629
v 34,490635 5,000000 36,000000
v 34,000000 5,149131 36,000000
v 34,840008 7,000000 35,000000
v 34,000000 7,000000 34,491908
v 34,000000 8,059621 35,000000
v 34,840008 6,000000 36,000000
v 35,000000 6,000000 36,077444
v 35,000000 6,130244 36,000000
v 34,848905 8,000000 10,000000
v 34,000000 9,842910 10,000000
v 34,000000 8,000000 11,964137
v 35,000000 7,000000 10,781953
v 34,848905 7,000000 11,000000
v 35,000000 7,085301 11,000000
v 34,848905 9,000000 9,000000
v 34,000000 9,000000 8,525464
v 34,000000 10,842910 9,000000
v 34,848905 8,000000 10,000000
v 35,000000 8,000000 10,063256
v 35,000000 8,085301 10,000000
v 34,954921 11,000000 42,000000
v 34,000000 15,105167 42,000000
v 34,000000 11,000000 44,590731
v 35,000000 10,000000 42,938605
v 34,954921 10,000000 43,000000
v 35,000000 10,056509 43,000000
v 35,000000 12,000000 6,332540
v 35,000000 12,217422 6,000000
v 34,211496 12,000000 6,000000
v 34,211496 11,000000 7,000000
v 34,000000 11,000000 6,924728
v 34,000000 11,056028 7,000000
v 34,954921 12,000000 41,000000
v 34,000000 12,000000 37,037069
v 34,000000 16,105167 41,000000
v 34,954921 11,000000 42,000000
v 35,000000 11,000000 42,111495
v 35,000000 11,056509 42,000000
v 35,000000 13,000000 23,217489
v 35,000000 15,621431 5,000000
v 34,161438 13,000000 5,000000
v 34,161438 12,000000 6,000000
v 34,000000 12,000000 5,830765
v 34,000000 12,153736 6,000000
v 34,211496 13,000000 5,000000
v 35,000000 13,217422 5,000000
v 35,000000 13,000000 4,819996
v 34,211496 12,000000 6,000000
v 34,000000 12,056028 6,000000
v 34,000000 12,000000 6,045514
v 35,000000 16,621431 4,000000
v 35,000000 14,000000 -0,175327
v 34,161438 14,000000 4,000000
v 34,161438 13,000000 5,000000
v 34,000000 13,153736 5,000000
v 34,000000 13,000000 5,351073
v 35,000000 26,000000 3,212118
v 35,000000 26,728540 2,000000
v 34,372776 26,000000 2,000000
v 34,372776 25,000000 3,000000
v 34,000000 25,000000 2,603882
v 34,000000 25,289701 3,000000
v 35,000000 26,000000 45,204479
v 35,000000 29,174843 47,000000
v 34,391003 26,000000 47,000000
v 34,391003 25,000000 48,000000
v 34,000000 25,000000 47,567220
v 34,000000 25,461740 48,000000
v 35,000000 27,728540 1,000000
v 35,000000 27,000000 0,422504
v 34,372776 27,000000 1,000000
v 34,372776 26,000000 2,000000
v 34,000000 26,289701 2,000000
v 34,000000 26,000000 2,257331
v 35,000000 30,174843 46,000000
v 34,000000 27,000000 47,258825
v 34,391003 27,000000 46,000000
v 35,000000 30,174843 46,000000
v 34,000000 26,828386 47,000000
v 34,000000 27,000000 47,258825
v 35,000000 30,174843 46,000000
v 35,000000 26,951556 47,000000
v 34,000000 26,828386 47,000000
v 34,000000 26,461740 47,000000
v 35,000000 26,000000 47,983966
v 34,391003 26,000000 47,000000
v 34,000000 26,461740 47,000000
v 35,000000 26,010903 48,000000
v 35,000000 26,000000 47,983966
v 34,000000 26,461740 47,000000
v 34,000000 26,092654 48,000000
v 35,000000 26,010903 48,000000
v 34,000000 28,000000 46,114362
v 34,000000 27,828386 46,000000
v 35,000000 28,000000 46,017390
v 35,000000 28,000000 46,017390
v 34,000000 27,828386 46,000000
v 35,000000 27,951556 46,000000
v 34,000000 27,092654 47,000000
v 34,000000 27,000000 47,114362
v 35,000000 27,010903 47,000000
v 35,000000 27,010903 47,000000
v 34,000000 27,000000 47,114362
v 35,000000 27,000000 47,017390
v 34,688155 30,000000 3,000000
v 34,000000 30,793491 3,000000
v 34,000000 30,000000 3,606958
v 35,000000 29,000000 3,817286
v 34,688155 29,000000 4,000000
v 35,000000 29,255378 4,000000
v 34,000000 31,793491 2,000000
v 34,688155 31,000000 2,000000
v 34,000000 32,419497 3,000000
v 34,000000 32,419497 3,000000
v 34,688155 31,000000 2,000000
v 34,813301 31,000000 3,000000
v 34,813301 30,000000 4,000000
v 35,000000 30,407627 4,000000
v 34,688155 30,000000 3,000000
v 34,688155 30,000000 3,000000
v 35,000000 30,407627 4,000000
v 35,000000 30,255378 3,000000
v 34,813301 32,000000 2,000000
v 34,000000 32,000000 -2,789037
v 34,000000 33,419497 2,000000
v 34,813301 31,000000 3,000000
v 35,000000 31,000000 3,168916
v 35,000000 31,407627 3,000000
v 35,000000 35,000000 43,953354
v 35,000000 69,965961 45,000000
v 34,021799 35,000000 45,000000
v 34,021799 34,000000 46,000000
v 34,000000 34,000000 45,972968
v 34,000000 34,018459 46,000000
v 35,000000 70,965961 44,000000
v 35,000000 36,000000 41,555454
v 34,021799 36,000000 44,000000
v 34,021799 35,000000 45,000000
v 34,000000 35,018459 45,000000
v 34,000000 35,000000 45,029173
v 34,543211 37,000000 6,000000
v 34,000000 34,381909 6,000000
v 34,000000 37,000000 8,196691
v 35,000000 36,000000 6,365462
v 34,543211 36,000000 7,000000
v 35,000000 36,317218 7,000000
v 34,543211 38,000000 5,000000
v 34,000000 38,000000 6,013222
v 34,000000 35,381909 5,000000
v 34,543211 37,000000 6,000000
v 35,000000 37,000000 6,283287
v 35,000000 37,317218 6,000000
v 35,000000 41,000000 7,649994
v 35,000000 43,594588 9,000000
v 34,225948 41,000000 9,000000
v 34,225948 40,000000 10,000000
v 34,000000 40,000000 9,635122
v 34,000000 40,201073 10,000000
v 35,000000 44,594588 8,000000
v 35,000000 42,000000 6,789484
v 34,225948 42,000000 8,000000
v 34,225948 41,000000 9,000000
v 34,000000 41,201073 9,000000
v 34,000000 41,000000 9,197526
v 34,657592 42,000000 11,000000
v 34,000000 42,526438 11,000000
v 34,000000 42,000000 11,408436
v 35,000000 41,000000 11,799593
v 34,657592 41,000000 12,000000
v 35,000000 41,202819 12,000000
v 34,657592 43,000000 10,000000
v 34,000000 43,000000 11,725266
v 34,000000 43,526438 10,000000
v 34,657592 42,000000 11,000000
v 35,000000 42,000000 11,292873
v 35,000000 42,202819 11,000000
v 35,000000 44,000000 32,751057
v 35,000000 45,639194 36,000000
v 34,391311 44,000000 36,000000
v 34,391311 43,000000 37,000000
v 34,000000 43,000000 36,567854
v 34,000000 43,419464 37,000000
v 35,000000 46,639194 35,000000
v 35,000000 45,000000 33,439969
v 34,391311 45,000000 35,000000
v 34,391311 44,000000 36,000000
v 34,000000 44,419464 36,000000
v 34,000000 44,000000 36,429929
v 35,000000 47,000000 21,368197
v 35,000000 40,490846 27,000000
v 34,373427 47,000000 27,000000
v 34,373427 46,000000 28,000000
v 34,000000 46,000000 27,625800
v 34,000000 46,374014 28,000000
v 35,000000 41,490846 26,000000
v 35,000000 48,000000 24,990572
v 34,373427 48,000000 26,000000
v 34,373427 47,000000 27,000000
v 34,000000 47,374014 27,000000
v 34,000000 47,000000 27,323570
v 35,805999 3,000000 25,000000
v 35,000000 4,307428 25,000000
v 35,000000 3,000000 20,888906
v 36,000000 2,000000 25,757494
v 35,805999 2,000000 26,000000
v 36,000000 2,404133 26,000000
v 35,805999 4,000000 24,000000
v 35,000000 4,000000 22,194753
v 35,000000 5,307428 24,000000
v 35,805999 3,000000 25,000000
v 36,000000 3,000000 25,220810
v 36,000000 3,404133 25,000000
v 35,928319 5,000000 16,000000
v 35,000000 7,099667 16,000000
v 35,000000 5,000000 19,597251
v 36,000000 4,000000 16,847068
v 35,928319 4,000000 17,000000
v 36,000000 4,044254 17,000000
v 35,701320 6,000000 13,000000
v 35,000000 7,196315 13,000000
v 35,000000 6,000000 14,502614
v 36,000000 5,000000 13,739542
v 35,701320 5,000000 14,000000
v 36,000000 5,383600 14,000000
v 35,928319 6,000000 15,000000
v 35,000000 6,000000 14,258554
v 35,000000 8,099667 15,000000
v 35,928319 5,000000 16,000000
v 36,000000 5,000000 16,040299
v 36,000000 5,044254 16,000000
v 36,000000 6,000000 43,664331
v 36,000000 7,512598 36,000000
v 35,105422 6,000000 36,000000
v 35,105422 5,000000 37,000000
v 35,000000 5,000000 36,609532
v 35,000000 5,130244 37,000000
v 35,701320 7,000000 12,000000
v 35,000000 7,000000 11,239531
v 35,000000 8,196315 12,000000
v 35,701320 6,000000 13,000000
v 36,000000 6,000000 13,206607
v 36,000000 6,383600 13,000000
v 36,000000 8,512598 35,000000
v 36,000000 7,000000 33,803536
v 35,105422 7,000000 35,000000
v 35,105422 6,000000 36,000000
v 35,000000 6,130244 36,000000
v 35,000000 6,000000 36,077444
v 36,000000 8,000000 17,127468
v 36,000000 10,583501 10,000000
v 35,068274 8,000000 10,000000
v 35,068274 7,000000 11,000000
v 35,000000 7,000000 10,781953
v 35,000000 7,085301 11,000000
v 36,000000 11,583501 9,000000
v 36,000000 9,000000 5,213576
v 35,068274 9,000000 9,000000
v 35,068274 8,000000 10,000000
v 35,000000 8,085301 10,000000
v 35,000000 8,000000 10,063256
v 35,000000 10,912137 42,000000
v 35,000000 11,000000 41,938605
v 36,000000 10,821343 42,000000
v 36,000000 10,821343 42,000000
v 35,000000 11,000000 41,938605
v 36,000000 11,000000 41,972742
v 35,000000 10,000000 42,938605
v 35,000000 10,056509 43,000000
v 36,000000 10,000000 42,972742
v 36,000000 10,000000 42,972742
v 35,000000 10,056509 43,000000
v 36,000000 10,027606 43,000000
v 35,746192 12,000000 7,000000
v 35,000000 10,758134 7,000000
v 35,000000 12,000000 3,760752
v 36,000000 11,000000 7,578599
v 35,746192 11,000000 8,000000
v 36,000000 11,326667 8,000000
v 35,000000 12,000000 41,111495
v 35,000000 11,912137 41,000000
v 36,000000 12,000000 41,165794
v 36,000000 12,000000 41,165794
v 35,000000 11,912137 41,000000
v 36,000000 11,821343 41,000000
v 35,000000 11,056509 42,000000
v 35,000000 11,000000 42,111495
v 36,000000 11,027606 42,000000
v 36,000000 11,027606 42,000000
v 35,000000 11,000000 42,111495
v 36,000000 11,000000 42,165794
v 35,746192 13,000000 6,000000
v 35,000000 13,000000 4,675877
v 35,000000 11,758134 6,000000
v 35,746192 12,000000 7,000000
v 36,000000 12,000000 7,231870
v 36,000000 12,326667 7,000000
v 35,931335 13,000000 43,000000
v 35,000000 15,375565 43,000000
v 35,000000 13,000000 41,409006
v 36,000000 12,000000 43,853398
v 35,931335 12,000000 44,000000
v 36,000000 12,048551 44,000000
v 35,931335 14,000000 42,000000
v 35,000000 14,000000 54,615259
v 35,000000 16,375565 42,000000
v 35,931335 13,000000 43,000000
v 36,000000 13,000000 43,244574
v 36,000000 13,048551 43,000000
v 35,624801 20,000000 3,000000
v 35,000000 20,274148 3,000000
v 35,000000 20,000000 -82,358119
v 36,000000 19,000000 3,434984
v 35,624801 19,000000 4,000000
v 36,000000 19,193331 4,000000
v 35,624801 21,000000 2,000000
v 35,000000 21,000000 1,628628
v 35,000000 21,274148 2,000000
v 35,624801 20,000000 3,000000
v 36,000000 20,000000 3,171073
v 36,000000 20,193331 3,000000
v 35,734059 21,000000 46,000000
v 35,000000 21,227524 46,000000
v 35,000000 21,000000 46,206067
v 36,000000 20,000000 46,935808
v 35,734059 20,000000 47,000000
v 36,000000 20,089175 47,000000
v 35,000000 22,227524 45,000000
v 35,734059 22,000000 45,000000
v 35,000000 22,516725 46,000000
v 35,000000 22,516725 46,000000
v 35,734059 22,000000 45,000000
v 35,549683 22,000000 46,000000
v 35,549683 21,000000 47,000000
v 36,000000 21,359516 47,000000
v 35,734059 21,000000 46,000000
v 35,734059 21,000000 46,000000
v 36,000000 21,359516 47,000000
v 36,000000 21,089175 46,000000
v 35,000000 23,516725 45,000000
v 35,549683 23,000000 45,000000
v 35,000000 24,954940 46,000000
v 35,000000 24,954940 46,000000
v 35,549683 23,000000 45,000000
v 35,833361 23,000000 46,000000
v 35,833361 22,000000 47,000000
v 36,000000 22,204066 47,000000
v 35,549683 22,000000 46,000000
v 35,549683 22,000000 46,000000
v 36,000000 22,204066 47,000000
v 36,000000 22,359516 46,000000
v 35,833361 24,000000 45,000000
v 35,000000 24,000000 46,441819
v 35,000000 25,954940 45,000000
v 35,833361 23,000000 46,000000
v 36,000000 23,000000 46,386954
v 36,000000 23,204066 46,000000
v 36,000000 27,000000 49,238074
v 36,000000 37,060505 47,000000
v 35,011312 27,000000 47,000000
v 35,011312 26,000000 48,000000
v 35,000000 26,000000 47,983966
v 35,000000 26,010903 48,000000
v 36,000000 38,060505 46,000000
v 36,000000 28,000000 43,036573
v 35,011312 28,000000 46,000000
v 35,011312 27,000000 47,000000
v 35,000000 27,010903 47,000000
v 35,000000 27,000000 47,017390
v 36,000000 30,000000 3,111513
v 36,000000 30,053822 3,000000
v 35,767214 30,000000 3,000000
v 35,767214 29,000000 4,000000
v 35,000000 29,000000 3,817286
v 35,000000 29,255378 4,000000
v 36,000000 31,853526 3,000000
v 35,209502 31,000000 3,000000
v 36,000000 31,053822 2,000000
v 36,000000 31,053822 2,000000
v 35,209502 31,000000 3,000000
v 35,767214 31,000000 2,000000
v 35,000000 30,407627 4,000000
v 35,209502 30,000000 4,000000
v 35,000000 30,255378 3,000000
v 35,000000 30,255378 3,000000
v 35,209502 30,000000 4,000000
v 35,767214 30,000000 3,000000
v 36,000000 32,853526 2,000000
v 36,000000 32,000000 0,942835
v 35,209502 32,000000 2,000000
v 35,209502 31,000000 3,000000
v 35,000000 31,407627 3,000000
v 35,000000 31,000000 3,168916
v 36,000000 37,000000 4,117397
v 36,000000 39,414787 6,000000
v 35,188850 37,000000 6,000000
v 35,188850 36,000000 7,000000
v 35,000000 36,000000 6,365462
v 35,000000 36,317218 7,000000
v 36,000000 40,414787 5,000000
v 36,000000 38,000000 2,284849
v 35,188850 38,000000 5,000000
v 35,188850 37,000000 6,000000
v 35,000000 37,317218 6,000000
v 35,000000 37,000000 6,283287
v 35,678148 39,000000 41,000000
v 35,000000 40,029478 41,000000
v 35,000000 39,000000 42,387360
v 36,000000 38,000000 41,634332
v 35,678148 38,000000 42,000000
v 36,000000 38,211006 42,000000
v 35,713518 40,000000 9,000000
v 35,000000 40,332025 9,000000
v 35,000000 40,000000 9,438381
v 36,000000 39,000000 9,861429
v 35,713518 39,000000 10,000000
v 36,000000 39,091929 10,000000
v 35,678148 40,000000 40,000000
v 35,000000 40,000000 39,396164
v 35,000000 41,029478 40,000000
v 35,678148 39,000000 41,000000
v 36,000000 39,000000 41,190164
v 36,000000 39,211006 41,000000
v 35,713518 41,000000 8,000000
v 35,000000 41,000000 7,649994
v 35,000000 41,332025 8,000000
v 35,713518 40,000000 9,000000
v 36,000000 40,000000 9,079775
v 36,000000 40,091929 9,000000
v 36,000000 42,000000 9,941691
v 36,000000 42,049077 11,000000
v 35,816349 42,000000 11,000000
v 35,000000 42,000000 13,452738
v 35,694186 42,000000 12,000000
v 35,000000 41,000000 11,799593
v 35,000000 41,000000 11,799593
v 35,694186 42,000000 12,000000
v 35,816349 41,000000 12,000000
v 36,000000 41,000000 12,707136
v 35,694186 41,000000 13,000000
v 36,000000 41,552648 13,000000
v 36,000000 43,049077 10,000000
v 36,000000 43,000000 9,964475
v 35,816349 43,000000 10,000000
v 35,000000 42,000000 11,292873
v 35,816349 42,000000 11,000000
v 35,000000 43,000000 13,754118
v 35,000000 43,000000 13,754118
v 35,816349 42,000000 11,000000
v 35,694186 43,000000 11,000000
v 35,694186 42,000000 12,000000
v 36,000000 42,000000 12,488586
v 36,000000 42,552648 12,000000
v 35,581273 43,000000 36,000000
v 35,000000 43,871598 36,000000
v 35,000000 43,000000 37,276451
v 36,000000 42,000000 36,551192
v 35,581273 42,000000 37,000000
v 36,000000 42,390609 37,000000
v 35,581273 44,000000 35,000000
v 35,000000 44,000000 32,751057
v 35,000000 44,871598 35,000000
v 35,581273 43,000000 36,000000
v 36,000000 43,000000 36,313605
v 36,000000 43,390609 36,000000
v 35,601917 46,000000 23,000000
v 35,000000 47,098519 23,000000
v 35,000000 46,000000 23,714107
v 36,000000 45,000000 23,718456
v 35,601917 45,000000 24,000000
v 36,000000 45,288974 24,000000
v 35,601917 47,000000 22,000000
v 35,000000 47,000000 20,829414
v 35,000000 48,098519 22,000000
v 35,601917 46,000000 23,000000
v 36,000000 46,000000 23,404884
v 36,000000 46,288974 23,000000
v 37,000000 3,000000 25,949054
v 37,000000 3,622201 25,000000
v 36,296110 3,000000 25,000000
v 36,296110 2,000000 26,000000
v 36,000000 2,000000 25,757494
v 36,000000 2,404133 26,000000
v 36,974121 4,000000 18,000000
v 36,000000 4,741985 18,000000
v 36,000000 4,000000 8,324558
v 37,000000 3,000000 18,989603
v 36,974121 3,000000 19,000000
v 37,000000 3,017017 19,000000
v 37,000000 4,622201 24,000000
v 37,000000 4,000000 23,157805
v 36,296110 4,000000 24,000000
v 36,296110 3,000000 25,000000
v 36,000000 3,404133 25,000000
v 36,000000 3,000000 25,220810
v 37,000000 5,000000 22,380356
v 37,000000 8,675979 16,000000
v 36,049943 5,000000 16,000000
v 36,049943 4,000000 17,000000
v 36,000000 4,000000 16,847068
v 36,000000 4,044254 17,000000
v 36,974121 5,000000 17,000000
v 36,000000 5,000000 15,641088
v 36,000000 5,741985 17,000000
v 36,974121 4,000000 18,000000
v 37,000000 4,000000 18,227527
v 37,000000 4,017017 18,000000
v 37,000000 6,000000 15,309466
v 37,000000 7,424517 13,000000
v 36,191210 6,000000 13,000000
v 36,191210 5,000000 14,000000
v 36,000000 5,000000 13,739542
v 36,000000 5,383600 14,000000
v 37,000000 9,675979 15,000000
v 37,000000 6,000000 11,674970
v 36,049943 6,000000 15,000000
v 36,049943 5,000000 16,000000
v 36,000000 5,044254 16,000000
v 36,000000 5,000000 16,040299
v 37,000000 8,424517 12,000000
v 37,000000 7,000000 9,900717
v 36,191210 7,000000 12,000000
v 36,191210 6,000000 13,000000
v 36,000000 6,383600 13,000000
v 36,000000 6,000000 13,206607
v 36,899390 8,000000 37,000000
v 36,000000 8,886196 37,000000
v 36,000000 8,000000 40,458740
v 36,943881 8,000000 38,000000
v 36,000000 4,644782 38,000000
v 36,000000 8,000000 43,763039
v 36,899390 7,000000 38,000000
v 37,000000 11,118119 38,000000
v 37,000000 7,000000 37,794733
v 37,000000 7,000000 38,921357
v 36,943881 7,000000 39,000000
v 37,000000 7,065348 39,000000
v 36,899390 9,000000 36,000000
v 36,000000 9,000000 35,158597
v 36,000000 9,886196 36,000000
v 36,000000 5,644782 37,000000
v 36,943881 9,000000 37,000000
v 36,000000 9,000000 25,457798
v 37,000000 12,118119 37,000000
v 36,899390 8,000000 37,000000
v 37,000000 8,000000 37,080555
v 36,943881 8,000000 38,000000
v 37,000000 8,000000 38,285702
v 37,000000 8,065348 38,000000
v 36,627152 10,000000 9,000000
v 36,000000 23,856010 9,000000
v 36,000000 10,000000 10,115472
v 37,000000 9,000000 9,644773
v 36,627152 9,000000 10,000000
v 37,000000 9,438370 10,000000
v 36,627152 11,000000 8,000000
v 36,000000 11,000000 7,138743
v 36,000000 24,856010 8,000000
v 36,627152 10,000000 9,000000
v 37,000000 10,000000 9,293799
v 37,000000 10,438370 9,000000
v 37,000000 11,000000 42,899201
v 37,000000 16,232733 42,000000
v 36,034214 11,000000 42,000000
v 36,034214 10,000000 43,000000
v 36,000000 10,000000 42,972742
v 36,000000 10,027606 43,000000
v 37,000000 12,000000 8,528106
v 37,000000 12,817667 7,000000
v 36,350208 12,000000 7,000000
v 36,350208 11,000000 8,000000
v 36,000000 11,000000 7,578599
v 36,000000 11,326667 8,000000
v 37,000000 17,232733 41,000000
v 37,000000 12,000000 42,024565
v 36,034214 12,000000 41,000000
v 36,034214 11,000000 42,000000
v 36,000000 11,027606 42,000000
v 36,000000 11,000000 42,165794
v 37,000000 13,817667 6,000000
v 37,000000 13,000000 5,308155
v 36,350208 13,000000 6,000000
v 36,350208 12,000000 7,000000
v 36,000000 12,326667 7,000000
v 36,000000 12,000000 7,231870
v 37,000000 13,000000 43,979232
v 37,000000 14,843586 43,000000
v 36,063619 13,000000 43,000000
v 36,063619 12,000000 44,000000
v 36,000000 12,000000 43,853398
v 36,000000 12,048551 44,000000
v 37,000000 15,843586 42,000000
v 37,000000 14,000000 35,206469
v 36,063619 14,000000 42,000000
v 36,063619 13,000000 43,000000
v 36,000000 13,048551 43,000000
v 36,000000 13,000000 43,244574
v 37,000000 20,000000 9,844263
v 37,000000 22,132259 3,000000
v 36,108780 20,000000 3,000000
v 36,108780 19,000000 4,000000
v 36,000000 19,000000 3,434984
v 36,000000 19,193331 4,000000
v 36,961818 20,000000 45,000000
v 36,000000 21,551522 45,000000
v 36,000000 20,000000 46,097685
v 37,000000 19,000000 45,972159
v 36,961818 19,000000 46,000000
v 37,000000 19,052422 46,000000
v 37,000000 23,132259 2,000000
v 37,000000 21,000000 7,534955
v 36,108780 21,000000 2,000000
v 36,108780 20,000000 3,000000
v 36,000000 20,193331 3,000000
v 36,000000 20,000000 3,171073
v 36,961818 21,000000 44,000000
v 36,000000 21,000000 98,068106
v 36,000000 22,551522 44,000000
v 37,000000 21,000000 36,984064
v 37,000000 19,800499 46,000000
v 36,084195 21,000000 46,000000
v 37,000000 20,000000 45,228233
v 37,000000 20,052422 45,000000
v 36,961818 20,000000 45,000000
v 36,084195 20,000000 47,000000
v 36,000000 20,000000 46,935808
v 36,000000 20,089175 47,000000
v 37,000000 24,162778 46,000000
v 36,246041 22,000000 46,000000
v 37,000000 20,800499 45,000000
v 37,000000 20,800499 45,000000
v 36,246041 22,000000 46,000000
v 36,084195 22,000000 45,000000
v 36,000000 21,359516 47,000000
v 36,246041 21,000000 47,000000
v 36,000000 21,089175 46,000000
v 36,000000 21,089175 46,000000
v 36,246041 21,000000 47,000000
v 36,084195 21,000000 46,000000
v 37,000000 23,863992 46,000000
v 36,266103 23,000000 46,000000
v 37,000000 25,162778 45,000000
v 37,000000 25,162778 45,000000
v 36,266103 23,000000 46,000000
v 36,246041 23,000000 45,000000
v 36,000000 22,204066 47,000000
v 36,266103 22,000000 47,000000
v 36,000000 22,359516 46,000000
v 36,000000 22,359516 46,000000
v 36,266103 22,000000 47,000000
v 36,246041 22,000000 46,000000
v 37,000000 24,863992 45,000000
v 37,000000 24,000000 49,210875
v 36,266103 24,000000 45,000000
v 36,266103 23,000000 46,000000
v 36,000000 23,204066 46,000000
v 36,000000 23,000000 46,386954
v 36,924617 25,000000 3,000000
v 36,000000 25,144767 3,000000
v 36,000000 25,000000 3,164189
v 37,000000 24,000000 3,987809
v 36,924617 24,000000 4,000000
v 37,000000 24,018770 4,000000
v 36,924617 26,000000 2,000000
v 36,000000 26,000000 1,794070
v 36,000000 26,144767 2,000000
v 36,924617 25,000000 3,000000
v 37,000000 25,000000 3,015116
v 37,000000 25,018770 3,000000
v 36,914177 39,000000 9,000000
v 36,000000 40,012735 9,000000
v 36,000000 39,000000 9,606434
v 37,000000 38,000000 9,943399
v 36,914177 38,000000 10,000000
v 37,000000 38,223396 10,000000
v 37,000000 39,000000 44,445295
v 37,000000 41,513541 41,000000
v 36,199765 39,000000 41,000000
v 36,199765 38,000000 42,000000
v 36,000000 38,000000 41,634332
v 36,000000 38,211006 42,000000
v 36,914177 40,000000 8,000000
v 36,000000 40,000000 8,861429
v 36,000000 41,012735 8,000000
v 36,159306 40,000000 9,000000
v 37,000000 40,000000 8,099578
v 37,000000 40,483800 9,000000
v 36,159306 39,000000 10,000000
v 36,000000 39,000000 9,861429
v 36,000000 39,091929 10,000000
v 36,914177 39,000000 9,000000
v 37,000000 39,000000 9,099578
v 37,000000 39,223396 9,000000
v 37,000000 42,513541 40,000000
v 37,000000 40,000000 38,580034
v 36,199765 40,000000 40,000000
v 36,199765 39,000000 41,000000
v 36,000000 39,211006 41,000000
v 36,000000 39,000000 41,190164
v 37,000000 41,483800 8,000000
v 37,000000 41,000000 7,636026
v 36,159306 41,000000 8,000000
v 36,159306 40,000000 9,000000
v 36,000000 40,091929 9,000000
v 36,000000 40,000000 9,079775
v 37,000000 42,000000 13,166442
v 37,000000 43,451229 12,000000
v 36,369923 42,000000 12,000000
v 36,000000 42,000000 13,253641
v 36,522364 42,000000 13,000000
v 36,000000 41,000000 12,707136
v 36,000000 41,000000 12,707136
v 36,522364 42,000000 13,000000
v 36,369923 41,000000 13,000000
v 37,000000 41,000000 13,709413
v 36,522364 41,000000 14,000000
v 37,000000 41,450342 14,000000
v 37,000000 44,451229 11,000000
v 37,000000 43,000000 9,507281
v 36,369923 43,000000 11,000000
v 36,000000 42,000000 12,488586
v 36,369923 42,000000 12,000000
v 36,000000 43,000000 9,991728
v 36,000000 43,000000 9,991728
v 36,369923 42,000000 12,000000
v 36,522364 43,000000 12,000000
v 36,522364 42,000000 13,000000
v 37,000000 42,000000 13,213171
v 37,000000 42,450342 13,000000
v 37,000000 43,000000 38,216587
v 37,000000 44,490319 36,000000
v 36,326411 43,000000 36,000000
v 36,326411 42,000000 37,000000
v 36,000000 42,000000 36,551192
v 36,000000 42,390609 37,000000
v 36,993380 44,000000 17,000000
v 36,000000 42,962922 17,000000
v 36,000000 44,000000 18,369578
v 37,000000 43,000000 17,991898
v 36,993380 43,000000 18,000000
v 37,000000 43,006374 18,000000
v 37,000000 45,490319 35,000000
v 37,000000 44,000000 33,692581
v 36,326411 44,000000 35,000000
v 36,326411 43,000000 36,000000
v 36,000000 43,390609 36,000000
v 36,000000 43,000000 36,313605
v 36,993380 45,000000 16,000000
v 36,000000 45,000000 14,032287
v 36,000000 43,962922 16,000000
v 36,993380 44,000000 17,000000
v 37,000000 44,000000 17,005630
v 37,000000 44,006374 17,000000
v 37,000000 46,000000 15,115665
v 37,000000 48,228152 23,000000
v 36,284120 46,000000 23,000000
v 36,284120 45,000000 24,000000
v 36,000000 45,000000 23,718456
v 36,000000 45,288974 24,000000
v 37,000000 49,228152 22,000000
v 37,000000 47,000000 19,618350
v 36,284120 47,000000 22,000000
v 36,284120 46,000000 23,000000
v 36,000000 46,288974 23,000000
v 36,000000 46,000000 23,404884
v 38,000000 4,000000 18,836822
v 38,000000 8,284680 18,000000
v 37,017631 4,000000 18,000000
v 37,017631 3,000000 19,000000
v 37,000000 3,000000 18,989603
v 37,000000 3,017017 19,000000
v 37,623809 5,000000 17,000000
v 37,000000 5,202639 17,000000
v 37,000000 5,000000 17,233011
v 38,000000 9,284680 17,000000
v 38,000000 5,000000 20,843779
v 37,017631 5,000000 17,000000
v 38,000000 4,145305 18,000000
v 38,000000 4,000000 17,907459
v 37,623809 4,000000 18,000000
v 37,017631 4,000000 18,000000
v 37,000000 4,017017 18,000000
v 37,000000 4,000000 18,227527
v 37,623809 6,000000 16,000000
v 37,000000 6,000000 15,694379
v 37,000000 6,202639 16,000000
v 37,623809 5,000000 17,000000
v 38,000000 5,000000 17,175700
v 38,000000 5,145305 17,000000
v 37,933997 8,000000 13,000000
v 37,000000 6,887459 13,000000
v 37,000000 8,000000 21,283174
v 38,000000 7,000000 13,898757
v 37,933997 7,000000 14,000000
v 38,000000 7,090923 14,000000
v 38,000000 8,000000 40,737216
v 38,000000 4,482486 37,000000
v 37,082884 8,000000 37,000000
v 38,000000 10,572855 38,000000
v 37,086779 8,000000 38,000000
v 38,000000 8,000000 38,871151
v 37,000000 11,118119 38,000000
v 37,082884 7,000000 38,000000
v 37,000000 7,000000 37,794733
v 37,086779 7,000000 39,000000
v 37,000000 7,000000 38,921357
v 37,000000 7,065348 39,000000
v 37,933997 9,000000 12,000000
v 37,000000 9,000000 9,134424
v 37,000000 7,887459 12,000000
v 37,933997 8,000000 13,000000
v 38,000000 8,000000 13,097448
v 38,000000 8,090923 13,000000
v 38,000000 5,482486 36,000000
v 38,000000 9,000000 37,605566
v 37,082884 9,000000 36,000000
v 37,082884 8,000000 37,000000
v 37,000000 12,118119 37,000000
v 37,000000 8,000000 37,080555
v 37,086779 9,000000 37,000000
v 38,000000 11,572855 37,000000
v 38,000000 9,000000 31,308900
v 37,086779 8,000000 38,000000
v 37,000000 8,065348 38,000000
v 37,000000 8,000000 38,285702
v 38,000000 10,000000 10,945076
v 38,000000 11,264524 9,000000
v 37,284479 10,000000 9,000000
v 37,284479 9,000000 10,000000
v 37,000000 9,000000 9,644773
v 37,000000 9,438370 10,000000
v 38,000000 12,264524 8,000000
v 38,000000 11,000000 6,009173
v 37,284479 11,000000 8,000000
v 37,284479 10,000000 9,000000
v 37,000000 10,438370 9,000000
v 37,000000 10,000000 9,293799
v 38,000000 20,000000 45,768524
v 38,000000 21,074295 45,000000
v 37,049201 20,000000 45,000000
v 37,049201 19,000000 46,000000
v 37,000000 19,000000 45,972159
v 37,000000 19,052422 46,000000
v 38,000000 22,074295 44,000000
v 38,000000 21,000000 35,150182
v 37,049201 21,000000 44,000000
v 37,049201 20,000000 45,000000
v 37,000000 20,052422 45,000000
v 37,000000 20,000000 45,228233
v 38,000000 25,000000 5,732035
v 38,000000 27,343000 3,000000
v 37,008702 25,000000 3,000000
v 37,008702 24,000000 4,000000
v 37,000000 24,000000 3,987809
v 37,000000 24,018770 4,000000
v 37,615609 25,000000 45,000000
v 37,000000 25,604733 45,000000
v 37,000000 25,000000 46,031515
v 38,000000 24,000000 45,640553
v 37,615609 24,000000 46,000000
v 38,000000 24,300533 46,000000
v 38,000000 28,343000 2,000000
v 38,000000 26,000000 -1,590637
v 37,008702 26,000000 2,000000
v 37,008702 25,000000 3,000000
v 37,000000 25,018770 3,000000
v 37,000000 25,000000 3,015116
v 37,615609 26,000000 44,000000
v 37,000000 26,000000 43,435965
v 37,000000 26,604733 44,000000
v 37,615609 25,000000 45,000000
v 38,000000 25,000000 45,339321
v 38,000000 25,300533 45,000000
v 37,442816 27,000000 45,000000
v 37,000000 27,255675 45,000000
v 37,000000 27,000000 45,211326
v 38,000000 26,000000 45,666364
v 37,442816 26,000000 46,000000
v 38,000000 26,227966 46,000000
v 37,442816 28,000000 44,000000
v 37,000000 28,000000 41,747519
v 37,000000 28,255675 44,000000
v 37,442816 27,000000 45,000000
v 38,000000 27,000000 45,406809
v 38,000000 27,227966 45,000000
v 37,839618 35,000000 7,000000
v 37,000000 37,464512 7,000000
v 37,000000 35,000000 10,119566
v 38,000000 34,000000 7,703953
v 37,839618 34,000000 8,000000
v 38,000000 34,198371 8,000000
v 37,839618 36,000000 6,000000
v 37,000000 36,000000 4,745605
v 37,000000 38,464512 6,000000
v 37,953077 36,000000 8,000000
v 37,000000 41,652046 8,000000
v 37,000000 36,000000 11,819093
v 37,839618 35,000000 7,000000
v 38,000000 35,000000 7,261034
v 38,000000 35,198371 7,000000
v 38,000000 35,000000 8,911250
v 37,953077 35,000000 9,000000
v 38,000000 35,047073 9,000000
v 37,953077 37,000000 7,000000
v 37,000000 37,000000 5,062688
v 37,000000 42,652046 7,000000
v 37,953077 36,000000 8,000000
v 38,000000 36,000000 8,052055
v 38,000000 36,047073 8,000000
v 38,000000 39,000000 9,840081
v 38,000000 39,536201 9,000000
v 37,088629 39,000000 9,000000
v 37,088629 38,000000 10,000000
v 37,000000 38,000000 9,943399
v 37,000000 38,223396 10,000000
v 38,000000 40,536201 8,000000
v 38,000000 40,000000 7,090417
v 37,088629 40,000000 8,000000
v 37,088629 39,000000 9,000000
v 37,000000 39,223396 9,000000
v 37,000000 39,000000 9,099578
v 37,862510 40,000000 11,000000
v 37,000000 37,069839 11,000000
v 37,000000 40,000000 15,772091
v 38,000000 39,000000 11,681624
v 37,862510 39,000000 12,000000
v 38,000000 39,193181 12,000000
v 37,967508 40,000000 37,000000
v 37,000000 42,046800 37,000000
v 37,000000 40,000000 38,542976
v 38,000000 39,000000 37,969863
v 37,967508 39,000000 38,000000
v 38,000000 39,053214 38,000000
v 37,862510 41,000000 10,000000
v 37,000000 41,000000 19,428212
v 37,000000 38,069839 10,000000
v 37,862510 40,000000 11,000000
v 38,000000 40,000000 11,130340
v 38,000000 40,193181 11,000000
v 37,967508 41,000000 36,000000
v 37,000000 41,000000 27,966246
v 37,000000 43,046800 36,000000
v 37,967508 40,000000 37,000000
v 38,000000 40,000000 37,114683
v 38,000000 40,053214 37,000000
v 38,000000 42,000000 13,043323
v 38,000000 42,024933 13,000000
v 37,921471 42,000000 13,000000
v 37,000000 42,000000 14,372486
v 37,979155 42,000000 14,000000
v 37,000000 41,000000 13,709413
v 37,000000 41,000000 13,709413
v 37,979155 42,000000 14,000000
v 37,921471 41,000000 14,000000
v 38,000000 41,000000 14,993367
v 37,979155 41,000000 15,000000
v 38,000000 41,005459 15,000000
v 38,000000 43,024933 12,000000
v 38,000000 43,000000 11,976724
v 37,921471 43,000000 12,000000
v 37,000000 42,000000 13,213171
v 37,921471 42,000000 13,000000
v 37,000000 43,000000 12,433982
v 37,000000 43,000000 12,433982
v 37,921471 42,000000 13,000000
v 37,979155 43,000000 13,000000
v 37,979155 42,000000 14,000000
v 38,000000 42,000000 14,009691
v 38,000000 42,005459 14,000000
v 38,000000 44,000000 17,115333
v 38,000000 44,096483 17,000000
v 37,069339 44,000000 17,000000
v 37,069339 43,000000 18,000000
v 37,000000 43,000000 17,991898
v 37,000000 43,006374 18,000000
v 37,687740 44,000000 19,000000
v 37,000000 54,340118 19,000000
v 37,000000 44,000000 20,138279
v 38,000000 43,000000 19,725391
v 37,687740 43,000000 20,000000
v 38,000000 43,388965 20,000000
v 38,000000 45,096483 16,000000
v 38,000000 45,000000 15,920691
v 37,069339 45,000000 16,000000
v 37,069339 44,000000 17,000000
v 37,000000 44,006374 17,000000
v 37,000000 44,000000 17,005630
v 37,687740 45,000000 18,000000
v 37,000000 45,000000 15,751277
v 37,000000 55,340118 18,000000
v 37,687740 44,000000 19,000000
v 38,000000 44,000000 19,443526
v 38,000000 44,388965 19,000000
v 39,000000 5,000000 18,903759
v 39,000000 7,638607 17,000000
v 38,077010 5,000000 17,000000
v 38,077010 4,000000 18,000000
v 38,000000 4,000000 17,907459
v 38,000000 4,145305 18,000000
v 39,000000 8,638607 16,000000
v 39,000000 6,000000 22,160493
v 38,077010 6,000000 16,000000
v 38,000000 4,234593 18,000000
v 38,000000 6,000000 15,809015
v 38,936154 6,000000 18,000000
v 38,000000 5,145305 17,000000
v 38,000000 5,000000 17,175700
v 38,077010 5,000000 17,000000
v 39,000000 5,000000 18,928779
v 38,936154 5,000000 19,000000
v 39,000000 5,105680 19,000000
v 38,936154 7,000000 17,000000
v 38,000000 7,000000 14,939756
v 38,000000 5,234593 17,000000
v 38,936154 6,000000 18,000000
v 39,000000 6,000000 18,098352
v 39,000000 6,105680 18,000000
v 38,826103 7,000000 33,000000
v 38,000000 9,618730 33,000000
v 38,000000 7,000000 36,919864
v 39,000000 6,000000 33,645283
v 38,826103 6,000000 34,000000
v 39,000000 6,174813 34,000000
v 39,000000 8,000000 13,170305
v 39,000000 8,186383 13,000000
v 38,407456 8,000000 13,000000
v 38,407456 7,000000 14,000000
v 38,000000 7,000000 13,898757
v 38,000000 7,090923 14,000000
v 38,826103 8,000000 32,000000
v 38,000000 8,000000 30,676351
v 38,000000 10,618730 32,000000
v 38,826103 7,000000 33,000000
v 39,000000 7,000000 33,156039
v 39,000000 7,174813 33,000000
v 38,999949 9,000000 12,000000
v 38,000000 10,942328 12,000000
v 38,000000 9,000000 9,303555
v 39,000000 9,186383 12,000000
v 39,000000 9,000000 11,217583
v 38,407456 9,000000 12,000000
v 39,000000 8,000198 13,000000
v 39,000000 8,000000 12,999929
v 38,999949 8,000000 13,000000
v 38,407456 8,000000 13,000000
v 38,000000 8,090923 13,000000
v 38,000000 8,000000 13,097448
v 38,599690 9,000000 37,000000
v 38,000000 9,559186 37,000000
v 38,000000 9,000000 37,605566
v 39,000000 8,000000 37,728167
v 38,599690 8,000000 38,000000
v 39,000000 8,198501 38,000000
v 38,999949 10,000000 11,000000
v 38,000000 10,000000 7,257188
v 38,000000 11,942328 11,000000
v 38,999949 9,000000 12,000000
v 39,000000 9,000000 12,000136
v 39,000000 9,000198 12,000000
v 38,599690 10,000000 36,000000
v 38,000000 10,000000 35,605522
v 38,000000 10,559186 36,000000
v 38,599690 9,000000 37,000000
v 39,000000 9,000000 37,272317
v 39,000000 9,198501 37,000000
v 38,564035 11,000000 39,000000
v 38,000000 12,158205 39,000000
v 38,000000 11,000000 40,029052
v 39,000000 10,000000 39,612033
v 38,564035 10,000000 40,000000
v 39,000000 10,439186 40,000000
v 38,986531 12,000000 9,000000
v 38,000000 14,180386 9,000000
v 38,000000 12,000000 12,114551
v 39,000000 11,000000 9,988964
v 38,986531 11,000000 10,000000
v 39,000000 11,014888 10,000000
v 38,564035 12,000000 38,000000
v 38,000000 12,000000 36,546035
v 38,000000 13,158205 38,000000
v 38,564035 11,000000 39,000000
v 39,000000 11,000000 39,485144
v 39,000000 11,439186 39,000000
v 38,986531 13,000000 8,000000
v 38,000000 13,000000 -15,650197
v 38,000000 15,180386 8,000000
v 38,986531 12,000000 9,000000
v 39,000000 12,000000 9,135561
v 39,000000 12,014888 9,000000
v 38,944595 13,000000 41,000000
v 38,000000 17,681169 41,000000
v 38,000000 13,000000 43,619137
v 39,000000 12,000000 41,954927
v 38,944595 12,000000 42,000000
v 39,000000 12,044729 42,000000
v 38,944595 14,000000 40,000000
v 38,000000 14,000000 35,531644
v 38,000000 18,681169 40,000000
v 38,944595 13,000000 41,000000
v 39,000000 13,000000 41,126971
v 39,000000 13,044729 41,000000
v 38,906531 19,000000 6,000000
v 38,000000 22,922008 6,000000
v 38,000000 19,000000 10,453649
v 39,000000 18,000000 6,791538
v 38,906531 18,000000 7,000000
v 39,000000 18,087045 7,000000
v 38,906531 20,000000 5,000000
v 38,000000 20,000000 3,582012
v 38,000000 23,922008 5,000000
v 38,906531 19,000000 6,000000
v 39,000000 19,000000 6,084693
v 39,000000 19,087045 6,000000
v 39,000000 25,000000 45,654291
v 39,000000 23,988891 45,000000
v 38,344330 25,000000 45,000000
v 38,344330 24,000000 46,000000
v 38,000000 24,000000 45,640553
v 38,000000 24,300533 46,000000
v 39,000000 24,988891 44,000000
v 39,000000 26,000000 38,814739
v 38,344330 26,000000 44,000000
v 38,344330 25,000000 45,000000
v 38,000000 25,300533 45,000000
v 38,000000 25,000000 45,339321
v 39,000000 27,000000 20,449751
v 39,000000 28,999587 45,000000
v 38,291635 27,000000 45,000000
v 38,291635 26,000000 46,000000
v 38,000000 26,000000 45,666364
v 38,000000 26,227966 46,000000
v 39,000000 29,999587 44,000000
v 39,000000 28,000000 43,093936
v 38,291635 28,000000 44,000000
v 38,291635 27,000000 45,000000
v 38,000000 27,227966 45,000000
v 38,000000 27,000000 45,406809
v 38,771074 31,000000 6,000000
v 38,000000 39,872742 6,000000
v 38,000000 31,000000 6,956432
v 39,000000 30,000000 6,829459
v 38,771074 30,000000 7,000000
v 39,000000 30,226809 7,000000
v 38,000000 40,872742 5,000000
v 38,771074 32,000000 5,000000
v 38,000000 32,260453 6,000000
v 38,000000 32,260453 6,000000
v 38,771074 32,000000 5,000000
v 38,560438 32,000000 6,000000
v 38,560438 31,000000 7,000000
v 39,000000 31,138531 7,000000
v 38,771074 31,000000 6,000000
v 38,771074 31,000000 6,000000
v 39,000000 31,138531 7,000000
v 39,000000 31,226809 6,000000
v 38,560438 33,000000 5,000000
v 38,000000 33,000000 4,760888
v 38,000000 33,260453 5,000000
v 38,560438 32,000000 6,000000
v 39,000000 32,000000 6,151996
v 39,000000 32,138531 6,000000
v 38,797040 33,000000 42,000000
v 38,000000 34,525776 42,000000
v 38,000000 33,000000 43,201544
v 39,000000 32,000000 42,826798
v 38,797040 32,000000 43,000000
v 39,000000 32,265271 43,000000
v 38,797040 34,000000 41,000000
v 38,000000 34,000000 37,163325
v 38,000000 35,525776 41,000000
v 38,797040 33,000000 42,000000
v 39,000000 33,000000 42,414179
v 39,000000 33,265271 42,000000
v 39,000000 35,000000 10,568989
v 39,000000 37,815229 7,000000
v 38,148405 35,000000 7,000000
v 38,148405 34,000000 8,000000
v 38,000000 34,000000 7,703953
v 38,000000 34,198371 8,000000
v 39,000000 38,815229 6,000000
v 39,000000 36,000000 13,753745
v 38,148405 36,000000 6,000000
v 38,148405 35,000000 7,000000
v 38,000000 35,198371 7,000000
v 38,000000 35,000000 7,261034
v 38,123803 36,000000 8,000000
v 39,000000 36,000000 8,876449
v 39,000000 37,258809 8,000000
v 38,123803 35,000000 9,000000
v 38,000000 35,000000 8,911250
v 38,000000 35,047073 9,000000
v 39,000000 38,258809 7,000000
v 39,000000 37,000000 6,524570
v 38,123803 37,000000 7,000000
v 38,123803 36,000000 8,000000
v 38,000000 36,047073 8,000000
v 38,000000 36,000000 8,052055
v 39,000000 40,000000 12,524361
v 39,000000 40,655650 11,000000
v 38,264053 40,000000 11,000000
v 38,264053 39,000000 12,000000
v 38,000000 39,000000 11,681624
v 38,000000 39,193181 12,000000
v 39,000000 40,000000 37,462704
v 39,000000 40,596661 37,000000
v 38,077047 40,000000 37,000000
v 38,077047 39,000000 38,000000
v 38,000000 39,000000 37,969863
v 38,000000 39,053214 38,000000
v 39,000000 41,655650 10,000000
v 39,000000 41,000000 9,493327
v 38,264053 41,000000 10,000000
v 38,264053 40,000000 11,000000
v 38,000000 40,193181 11,000000
v 38,000000 40,000000 11,130340
v 39,000000 41,596661 36,000000
v 39,000000 41,000000 33,874485
v 38,077047 41,000000 36,000000
v 38,077047 40,000000 37,000000
v 38,000000 40,053214 37,000000
v 38,000000 40,000000 37,114683
v 39,000000 42,000000 17,965144
v 39,000000 58,809674 14,000000
v 38,005089 42,000000 14,000000
v 38,005089 41,000000 15,000000
v 38,000000 41,000000 14,993367
v 38,000000 41,005459 15,000000
v 39,000000 59,809674 13,000000
v 39,000000 43,000000 9,040016
v 38,005089 43,000000 13,000000
v 38,005089 42,000000 14,000000
v 38,000000 42,005459 14,000000
v 38,000000 42,000000 14,009691
v 39,000000 44,000000 19,874439
v 39,000000 44,959204 19,000000
v 38,355931 44,000000 19,000000
v 38,355931 43,000000 20,000000
v 38,000000 43,000000 19,725391
v 38,000000 43,388965 20,000000
v 39,000000 45,959204 18,000000
v 39,000000 45,000000 16,295766
v 38,355931 45,000000 18,000000
v 38,355931 44,000000 19,000000
v 38,000000 44,388965 19,000000
v 38,000000 44,000000 19,443526
v 40,000000 6,000000 18,224645
v 40,000000 6,215171 18,000000
v 39,271321 6,000000 18,000000
v 39,271321 5,000000 19,000000
v 39,000000 5,000000 18,928779
v 39,000000 5,105680 19,000000
v 40,000000 7,215171 17,000000
v 40,000000 7,000000 16,679932
v 39,271321 7,000000 17,000000
v 39,271321 6,000000 18,000000
v 39,000000 6,105680 18,000000
v 39,000000 6,000000 18,098352
v 40,000000 7,000000 34,833953
v 40,000000 8,246077 33,000000
v 39,263089 7,000000 33,000000
v 39,263089 6,000000 34,000000
v 39,000000 6,000000 33,645283
v 39,000000 6,174813 34,000000
v 40,000000 9,246077 32,000000
v 40,000000 8,000000 31,346261
v 39,263089 8,000000 32,000000
v 39,263089 7,000000 33,000000
v 39,000000 7,174813 33,000000
v 39,000000 7,000000 33,156039
v 40,000000 9,000000 12,474462
v 40,000000 9,449468 12,000000
v 39,000142 9,000000 12,000000
v 39,000142 8,000000 13,000000
v 39,000000 8,000000 12,999929
v 39,000000 8,000198 13,000000
v 40,000000 9,000000 37,701138
v 40,000000 10,795239 37,000000
v 39,267574 9,000000 37,000000
v 39,267574 8,000000 38,000000
v 39,000000 8,000000 37,728167
v 39,000000 8,198501 38,000000
v 40,000000 10,449468 11,000000
v 40,000000 10,000000 12,069963
v 39,000142 10,000000 11,000000
v 39,000142 9,000000 12,000000
v 39,000000 9,000198 12,000000
v 39,000000 9,000000 12,000136
v 39,000000 10,000000 36,272317
v 39,685014 10,000000 37,000000
v 39,000000 11,736970 37,000000
v 40,000000 10,000000 36,690184
v 39,267574 10,000000 36,000000
v 40,000000 11,795239 36,000000
v 40,000000 9,000000 37,690184
v 39,685014 9,000000 38,000000
v 40,000000 9,394434 38,000000
v 39,000000 9,000000 37,272317
v 39,267574 9,000000 37,000000
v 39,000000 9,198501 37,000000
v 39,685014 11,000000 36,000000
v 39,000000 11,000000 34,048099
v 39,000000 12,736970 36,000000
v 39,685014 10,000000 37,000000
v 40,000000 10,000000 37,518996
v 40,000000 10,394434 37,000000
v 40,000000 11,000000 39,409857
v 40,000000 9,787442 39,000000
v 39,569278 11,000000 39,000000
v 39,569278 10,000000 40,000000
v 39,000000 10,000000 39,612033
v 39,000000 10,439186 40,000000
v 40,000000 12,000000 9,703711
v 40,000000 13,295532 9,000000
v 39,019341 12,000000 9,000000
v 39,019341 11,000000 10,000000
v 39,000000 11,000000 9,988964
v 39,000000 11,014888 10,000000
v 40,000000 10,787442 38,000000
v 40,000000 12,000000 43,729914
v 39,569278 12,000000 38,000000
v 39,569278 11,000000 39,000000
v 39,000000 11,439186 39,000000
v 39,000000 11,000000 39,485144
v 40,000000 14,295532 8,000000
v 40,000000 13,000000 -5,446919
v 39,019341 13,000000 8,000000
v 39,019341 12,000000 9,000000
v 39,000000 12,014888 9,000000
v 39,000000 12,000000 9,135561
v 40,000000 13,000000 41,841306
v 40,000000 16,051570 41,000000
v 39,072639 13,000000 41,000000
v 39,072639 12,000000 42,000000
v 39,000000 12,000000 41,954927
v 39,000000 12,044729 42,000000
v 40,000000 17,051570 40,000000
v 40,000000 14,000000 37,084756
v 39,072639 14,000000 40,000000
v 39,072639 13,000000 41,000000
v 39,000000 13,044729 41,000000
v 39,000000 13,000000 41,126971
v 40,000000 19,000000 6,525357
v 40,000000 19,492229 6,000000
v 39,259432 19,000000 6,000000
v 39,259432 18,000000 7,000000
v 39,000000 18,000000 6,791538
v 39,000000 18,087045 7,000000
v 40,000000 20,492229 5,000000
v 40,000000 20,000000 4,181186
v 39,259432 20,000000 5,000000
v 39,259432 19,000000 6,000000
v 39,000000 19,087045 6,000000
v 39,000000 19,000000 6,084693
v 39,763587 28,000000 43,000000
v 39,000000 28,800262 43,000000
v 39,000000 28,000000 43,736752
v 40,000000 27,000000 43,850561
v 39,763587 27,000000 44,000000
v 40,000000 27,275527 44,000000
v 39,719814 29,000000 6,000000
v 39,000000 30,364292 6,000000
v 39,000000 29,000000 7,905602
v 40,000000 28,000000 6,666621
v 39,719814 28,000000 7,000000
v 40,000000 28,432406 7,000000
v 39,763587 29,000000 42,000000
v 39,000000 29,000000 39,950781
v 39,000000 29,800262 42,000000
v 39,763587 28,000000 43,000000
v 40,000000 28,000000 43,336338
v 40,000000 28,275527 43,000000
v 39,719814 30,000000 5,000000
v 39,000000 30,000000 0,929482
v 39,000000 31,364292 5,000000
v 39,719814 29,000000 6,000000
v 40,000000 29,000000 6,318341
v 40,000000 29,432406 6,000000
v 40,000000 31,000000 66,748729
v 40,000000 32,404457 6,000000
v 39,238002 31,000000 6,000000
v 39,238002 30,000000 7,000000
v 39,000000 30,000000 6,829459
v 39,000000 30,226809 7,000000
v 40,000000 34,033953 6,000000
v 39,126630 32,000000 6,000000
v 40,000000 33,404457 5,000000
v 40,000000 33,404457 5,000000
v 39,126630 32,000000 6,000000
v 39,238002 32,000000 5,000000
v 39,000000 31,138531 7,000000
v 39,126630 31,000000 7,000000
v 39,000000 31,226809 6,000000
v 39,000000 31,226809 6,000000
v 39,126630 31,000000 7,000000
v 39,238002 31,000000 6,000000
v 40,000000 35,033953 5,000000
v 40,000000 33,000000 3,592567
v 39,126630 33,000000 5,000000
v 39,126630 32,000000 6,000000
v 39,000000 32,138531 6,000000
v 39,000000 32,000000 6,151996
v 39,879160 33,000000 41,000000
v 39,000000 33,976134 41,000000
v 39,000000 33,000000 42,591173
v 39,413201 33,000000 42,000000
v 40,000000 33,000000 42,578973
v 39,879160 32,000000 42,000000
v 39,879160 32,000000 42,000000
v 40,000000 33,000000 42,578973
v 40,000000 32,000000 41,843001
v 39,413201 32,000000 43,000000
v 39,000000 32,000000 42,826798
v 39,000000 32,265271 43,000000
v 39,879160 34,000000 40,000000
v 39,000000 34,000000 36,298640
v 39,000000 34,976134 40,000000
v 40,000000 34,000000 40,421571
v 39,413201 34,000000 41,000000
v 40,000000 33,000000 41,114395
v 40,000000 33,000000 41,114395
v 39,413201 34,000000 41,000000
v 39,879160 33,000000 41,000000
v 39,413201 33,000000 42,000000
v 39,000000 33,265271 42,000000
v 39,000000 33,000000 42,414179
v 39,720066 35,000000 40,000000
v 39,000000 35,527549 40,000000
v 39,000000 35,000000 40,547681
v 40,000000 34,000000 40,863885
v 39,720066 34,000000 41,000000
v 40,000000 34,413366 41,000000
v 39,720066 36,000000 39,000000
v 39,000000 36,000000 37,360605
v 39,000000 36,527549 39,000000
v 39,720066 35,000000 40,000000
v 40,000000 35,000000 40,458277
v 40,000000 35,413366 40,000000
v 39,880424 38,000000 11,000000
v 39,000000 38,324267 11,000000
v 39,000000 38,000000 11,195437
v 40,000000 37,000000 11,976414
v 39,880424 37,000000 12,000000
v 40,000000 37,548475 12,000000
v 39,880424 39,000000 10,000000
v 39,000000 39,000000 9,699485
v 39,000000 39,324267 10,000000
v 39,880424 38,000000 11,000000
v 40,000000 38,000000 11,035261
v 40,000000 38,548475 11,000000
v 40,824982 6,000000 25,000000
v 40,000000 7,044791 25,000000
v 40,000000 6,000000 25,824306
v 41,000000 5,000000 25,886176
v 40,824982 5,000000 26,000000
v 41,000000 5,200660 26,000000
v 40,824982 7,000000 24,000000
v 40,000000 7,000000 20,234847
v 40,000000 8,044791 24,000000
v 40,824982 6,000000 25,000000
v 41,000000 6,000000 25,385302
v 41,000000 6,200660 25,000000
v 40,851034 8,000000 31,000000
v 40,000000 11,897180 31,000000
v 40,000000 8,000000 -45,816156
v 41,000000 7,000000 31,785286
v 40,851034 7,000000 32,000000
v 41,000000 7,255167 32,000000
v 40,851034 9,000000 30,000000
v 40,000000 9,000000 27,685035
v 40,000000 12,897180 30,000000
v 40,851034 8,000000 31,000000
v 41,000000 8,000000 31,209370
v 41,000000 8,255167 31,000000
v 40,740221 10,000000 35,000000
v 40,000000 10,833984 35,000000
v 40,000000 10,000000 37,068747
v 41,000000 9,000000 35,624690
v 40,740221 9,000000 36,000000
v 41,000000 9,280624 36,000000
v 41,000000 10,000000 39,214375
v 41,000000 7,419786 37,000000
v 40,229565 10,000000 37,000000
v 40,229565 9,000000 38,000000
v 40,000000 9,000000 37,690184
v 40,000000 9,394434 38,000000
v 40,677816 11,000000 12,000000
v 40,000000 11,598174 12,000000
v 40,000000 11,000000 10,905129
v 41,000000 10,000000 12,747088
v 40,677816 10,000000 13,000000
v 41,000000 10,195491 13,000000
v 40,740221 11,000000 34,000000
v 40,000000 11,000000 33,270193
v 40,000000 11,833984 34,000000
v 40,740221 10,000000 35,000000
v 41,000000 10,000000 35,165802
v 41,000000 10,280624 35,000000
v 41,000000 8,419786 36,000000
v 41,000000 11,000000 30,313177
v 40,229565 11,000000 36,000000
v 40,229565 10,000000 37,000000
v 40,000000 10,394434 37,000000
v 40,000000 10,000000 37,518996
v 40,677816 12,000000 11,000000
v 40,000000 12,000000 10,404606
v 40,000000 12,598174 11,000000
v 40,677816 11,000000 12,000000
v 41,000000 11,000000 12,202138
v 41,000000 11,195491 12,000000
v 40,923090 13,000000 39,000000
v 40,000000 14,261584 39,000000
v 40,000000 13,000000 32,421368
v 41,000000 12,000000 39,948321
v 40,923090 12,000000 40,000000
v 41,000000 12,026927 40,000000
v 40,923090 14,000000 38,000000
v 40,000000 14,000000 37,473601
v 40,000000 15,261584 38,000000
v 40,923090 13,000000 39,000000
v 41,000000 13,000000 39,118482
v 41,000000 13,026927 39,000000
v 40,973494 18,000000 8,000000
v 40,000000 28,744445 8,000000
v 40,000000 18,000000 2,335875
v 41,000000 17,000000 8,862923
v 40,973494 17,000000 9,000000
v 41,000000 17,019591 9,000000
v 40,973494 19,000000 7,000000
v 40,000000 19,000000 5,422271
v 40,000000 29,744445 7,000000
v 40,973494 18,000000 8,000000
v 41,000000 18,000000 8,029592
v 41,000000 18,019591 8,000000
v 41,000000 28,000000 46,703560
v 41,000000 17,410717 43,000000
v 40,171943 28,000000 43,000000
v 40,171943 27,000000 44,000000
v 40,000000 27,000000 43,850561
v 40,000000 27,275527 44,000000
v 41,000000 29,000000 6,886706
v 41,000000 29,666558 6,000000
v 40,399879 29,000000 6,000000
v 40,000000 29,000000 7,747050
v 40,462809 29,000000 7,000000
v 40,000000 28,000000 6,666621
v 40,000000 28,000000 6,666621
v 40,462809 29,000000 7,000000
v 40,399879 28,000000 7,000000
v 41,000000 28,000000 7,581123
v 40,462809 28,000000 8,000000
v 41,000000 28,454821 8,000000
v 41,000000 18,410717 42,000000
v 41,000000 29,000000 43,503917
v 40,171943 29,000000 42,000000
v 40,171943 28,000000 43,000000
v 40,000000 28,275527 43,000000
v 40,000000 28,000000 43,336338
v 41,000000 30,666558 5,000000
v 41,000000 30,000000 4,063148
v 40,399879 30,000000 5,000000
v 40,000000 29,000000 6,318341
v 40,399879 29,000000 6,000000
v 40,000000 30,000000 0,858534
v 40,000000 30,000000 0,858534
v 40,399879 29,000000 6,000000
v 40,462809 30,000000 6,000000
v 40,462809 29,000000 7,000000
v 41,000000 29,000000 7,757244
v 41,000000 29,454821 7,000000
v 40,985781 31,000000 7,000000
v 40,000000 31,384064 7,000000
v 40,000000 31,000000 7,594442
v 41,000000 30,000000 7,983030
v 40,985781 30,000000 8,000000
v 41,000000 30,005697 8,000000
v 40,897173 31,000000 41,000000
v 40,000000 31,965750 41,000000
v 40,000000 31,000000 41,946122
v 41,000000 30,000000 41,920368
v 40,897173 30,000000 42,000000
v 41,000000 30,192451 42,000000
v 40,985781 32,000000 6,000000
v 40,000000 32,000000 4,982723
v 40,000000 32,384064 6,000000
v 40,985781 31,000000 7,000000
v 41,000000 31,000000 7,009471
v 41,000000 31,005697 7,000000
v 40,897173 32,000000 40,000000
v 40,000000 32,000000 45,902490
v 40,000000 32,965750 40,000000
v 40,897173 31,000000 41,000000
v 41,000000 31,000000 41,209143
v 41,000000 31,192451 41,000000
v 40,992874 33,000000 9,000000
v 40,000000 27,669644 9,000000
v 40,000000 33,000000 18,085201
v 41,000000 32,000000 9,991699
v 40,992874 32,000000 10,000000
v 41,000000 32,012284 10,000000
v 41,000000 33,000000 37,692497
v 41,000000 33,520843 41,000000
v 40,199362 33,000000 41,000000
v 40,199362 32,000000 42,000000
v 40,000000 32,000000 41,843001
v 40,000000 32,270646 42,000000
v 40,992874 34,000000 8,000000
v 40,000000 34,000000 2,612298
v 40,000000 28,669644 8,000000
v 40,992874 33,000000 9,000000
v 41,000000 33,000000 9,017246
v 41,000000 33,012284 9,000000
v 41,000000 34,520843 40,000000
v 41,000000 34,000000 39,348024
v 40,199362 34,000000 40,000000
v 40,199362 33,000000 41,000000
v 40,000000 33,270646 41,000000
v 40,000000 33,000000 41,114395
v 41,000000 35,000000 40,866834
v 41,000000 36,268777 40,000000
v 40,199164 35,000000 40,000000
v 40,199164 34,000000 41,000000
v 40,000000 34,000000 40,863885
v 40,000000 34,413366 41,000000
v 41,000000 37,268777 39,000000
v 41,000000 36,000000 34,952127
v 40,199164 36,000000 39,000000
v 40,199164 35,000000 40,000000
v 40,000000 35,413366 40,000000
v 40,000000 35,000000 40,458277
v 41,000000 38,000000 11,957171
v 41,000000 38,754575 11,000000
v 40,034291 38,000000 11,000000
v 40,034291 37,000000 12,000000
v 40,000000 37,000000 11,976414
v 40,000000 37,548475 12,000000
v 41,000000 39,754575 10,000000
v 41,000000 39,000000 8,368039
v 40,034291 39,000000 10,000000
v 40,034291 38,000000 11,000000
v 40,000000 38,548475 11,000000
v 40,000000 38,000000 11,035261
v 42,000000 6,000000 26,055774
v 42,000000 7,358810 25,000000
v 41,149965 6,000000 25,000000
v 41,149965 5,000000 26,000000
v 41,000000 5,000000 25,886176
v 41,000000 5,200660 26,000000
v 41,000000 7,000000 24,385302
v 41,476694 7,000000 25,000000
v 41,000000 7,276273 25,000000
v 42,000000 7,000000 24,763954
v 41,149965 7,000000 24,000000
v 42,000000 8,358810 24,000000
v 42,000000 6,000000 25,763954
v 41,476694 6,000000 26,000000
v 42,000000 6,303627 26,000000
v 41,000000 6,000000 25,385302
v 41,149965 6,000000 25,000000
v 41,000000 6,200660 25,000000
v 41,476694 8,000000 24,000000
v 41,000000 8,000000 23,644266
v 41,000000 8,276273 24,000000
v 41,476694 7,000000 25,000000
v 42,000000 7,000000 25,306113
v 42,000000 7,303627 25,000000
v 41,000000 7,794840 31,000000
v 41,000000 8,000000 30,785286
v 42,000000 7,941971 31,000000
v 42,000000 7,941971 31,000000
v 41,000000 8,000000 30,785286
v 42,000000 8,000000 30,954389
v 41,000000 7,000000 31,785286
v 41,000000 7,255167 32,000000
v 42,000000 7,000000 31,954389
v 42,000000 7,000000 31,954389
v 41,000000 7,255167 32,000000
v 42,000000 7,050045 32,000000
v 41,833041 9,000000 17,000000
v 41,000000 11,014041 17,000000
v 41,000000 9,000000 18,373342
v 42,000000 8,000000 17,847473
v 41,833041 8,000000 18,000000
v 42,000000 8,207105 18,000000
v 41,000000 9,000000 30,209370
v 41,000000 8,794840 30,000000
v 42,000000 9,000000 30,063419
v 42,000000 9,000000 30,063419
v 41,000000 8,794840 30,000000
v 42,000000 8,941971 30,000000
v 41,000000 8,255167 31,000000
v 41,000000 8,000000 31,209370
v 42,000000 8,050045 31,000000
v 42,000000 8,050045 31,000000
v 41,000000 8,000000 31,209370
v 42,000000 8,000000 31,063419
v 41,833041 10,000000 16,000000
v 41,000000 10,000000 11,488055
v 41,000000 12,014041 16,000000
v 41,833041 9,000000 17,000000
v 42,000000 9,000000 17,374664
v 42,000000 9,207105 17,000000
v 42,000000 10,000000 38,631738
v 42,000000 -15,632729 35,000000
v 41,191971 10,000000 35,000000
v 41,191971 9,000000 36,000000
v 41,000000 9,000000 35,624690
v 41,000000 9,280624 36,000000
v 42,000000 11,000000 14,989493
v 42,000000 14,527885 12,000000
v 41,114056 11,000000 12,000000
v 41,114056 10,000000 13,000000
v 41,000000 10,000000 12,747088
v 41,000000 10,195491 13,000000
v 42,000000 -14,632729 34,000000
v 42,000000 11,000000 30,884909
v 41,191971 11,000000 34,000000
v 41,191971 10,000000 35,000000
v 41,000000 10,280624 35,000000
v 41,000000 10,000000 35,165802
v 42,000000 15,527885 11,000000
v 42,000000 12,000000 7,490442
v 41,114056 12,000000 11,000000
v 41,114056 11,000000 12,000000
v 41,000000 11,195491 12,000000
v 41,000000 11,000000 12,202138
v 42,000000 13,000000 42,957942
v 42,000000 19,142889 39,000000
v 41,026726 13,000000 39,000000
v 41,026726 12,000000 40,000000
v 41,000000 12,000000 39,948321
v 41,000000 12,026927 40,000000
v 42,000000 20,142889 38,000000
v 42,000000 14,000000 41,099040
v 41,026726 14,000000 38,000000
v 41,026726 13,000000 39,000000
v 41,000000 13,026927 39,000000
v 41,000000 13,000000 39,118482
v 42,000000 18,000000 9,472216
v 42,000000 20,484870 8,000000
v 41,030998 18,000000 8,000000
v 41,000000 18,000000 13,172254
v 41,815224 18,000000 9,000000
v 41,000000 17,000000 8,862923
v 41,000000 17,000000 8,862923
v 41,815224 18,000000 9,000000
v 41,030998 17,000000 9,000000
v 42,000000 17,000000 9,665559
v 41,815224 17,000000 10,000000
v 42,000000 17,235641 10,000000
v 41,772071 18,000000 40,000000
v 41,000000 19,186090 40,000000
v 41,000000 18,000000 41,925813
v 42,000000 17,000000 40,620922
v 41,772071 17,000000 41,000000
v 42,000000 17,479875 41,000000
v 41,000000 19,000000 7,029592
v 41,678299 19,000000 8,000000
v 41,000000 15,726506 8,000000
v 42,000000 19,000000 7,667768
v 41,030998 19,000000 7,000000
v 42,000000 21,484870 7,000000
v 41,815224 19,000000 8,000000
v 41,000000 19,000000 31,941585
v 41,030998 18,000000 8,000000
v 41,030998 18,000000 8,000000
v 41,000000 19,000000 31,941585
v 41,000000 18,000000 8,029592
v 42,000000 18,467547 9,000000
v 42,000000 18,000000 8,667768
v 41,678299 18,000000 9,000000
v 41,815224 18,000000 9,000000
v 42,000000 18,000000 9,390401
v 42,000000 18,235641 9,000000
v 41,772071 19,000000 39,000000
v 41,000000 19,000000 37,372167
v 41,000000 20,186090 39,000000
v 41,772071 18,000000 40,000000
v 42,000000 18,000000 40,457982
v 42,000000 18,479875 40,000000
v 41,678299 20,000000 7,000000
v 41,000000 20,000000 5,896694
v 41,000000 16,726506 7,000000
v 41,678299 19,000000 8,000000
v 42,000000 19,000000 8,286104
v 42,000000 19,467547 8,000000
v 41,575515 25,000000 7,000000
v 41,000000 25,363654 7,000000
v 41,000000 25,000000 7,333126
v 42,000000 24,000000 7,816101
v 41,575515 24,000000 8,000000
v 42,000000 24,224239 8,000000
v 41,575515 26,000000 6,000000
v 41,000000 26,000000 5,160616
v 41,000000 26,363654 6,000000
v 41,575515 25,000000 7,000000
v 42,000000 25,000000 7,249278
v 42,000000 25,224239 7,000000
v 41,689656 26,000000 42,000000
v 41,000000 26,921055 42,000000
v 41,000000 26,000000 42,998627
v 42,000000 25,000000 42,719637
v 41,689656 25,000000 43,000000
v 42,000000 25,165832 43,000000
v 41,689656 27,000000 41,000000
v 41,000000 27,000000 47,194776
v 41,000000 27,921055 41,000000
v 41,689656 26,000000 42,000000
v 42,000000 26,000000 42,745444
v 42,000000 26,165832 42,000000
v 42,000000 29,000000 7,934076
v 42,000000 29,923457 7,000000
v 41,477303 29,000000 7,000000
v 41,477303 28,000000 8,000000
v 41,000000 28,000000 7,581123
v 41,000000 28,454821 8,000000
v 42,000000 30,923457 6,000000
v 42,000000 30,000000 4,954449
v 41,477303 30,000000 6,000000
v 41,477303 29,000000 7,000000
v 41,000000 29,454821 7,000000
v 41,000000 29,000000 7,757244
v 41,995778 30,000000 40,000000
v 41,000000 31,707701 40,000000
v 41,000000 30,000000 42,292317
v 42,000000 29,000000 40,994764
v 41,995778 29,000000 41,000000
v 42,000000 29,014853 41,000000
v 42,000000 31,000000 -12,424235
v 42,000000 33,185139 7,000000
v 41,002444 31,000000 7,000000
v 41,002444 30,000000 8,000000
v 41,000000 30,000000 7,983030
v 41,000000 30,005697 8,000000
v 41,995778 31,000000 39,000000
v 41,000000 31,000000 41,660622
v 41,000000 32,707701 39,000000
v 42,000000 31,000000 42,986632
v 42,000000 31,461407 41,000000
v 41,284692 31,000000 41,000000
v 42,000000 30,000000 40,007106
v 42,000000 30,014853 40,000000
v 41,995778 30,000000 40,000000
v 41,284692 30,000000 42,000000
v 41,000000 30,000000 41,920368
v 41,000000 30,192451 42,000000
v 42,000000 34,185139 6,000000
v 42,000000 32,000000 0,770673
v 41,002444 32,000000 6,000000
v 41,002444 31,000000 7,000000
v 41,000000 31,005697 7,000000
v 41,000000 31,000000 7,009471
v 42,000000 32,461407 40,000000
v 42,000000 32,000000 39,549430
v 41,284692 32,000000 40,000000
v 41,284692 31,000000 41,000000
v 41,000000 31,192451 41,000000
v 41,000000 31,000000 41,209143
v 41,000000 32,990223 9,000000
v 41,000000 33,000000 8,991699
v 42,000000 32,927101 9,000000
v 42,000000 32,927101 9,000000
v 41,000000 33,000000 8,991699
v 42,000000 33,000000 8,902570
v 41,000000 32,000000 9,991699
v 41,000000 32,012284 10,000000
v 42,000000 32,000000 9,902570
v 42,000000 32,000000 9,902570
v 41,000000 32,012284 10,000000
v 42,000000 32,306377 10,000000
v 41,000000 34,000000 8,017246
v 41,000000 33,990223 8,000000
v 42,000000 34,000000 8,110846
v 42,000000 34,000000 8,110846
v 41,000000 33,990223 8,000000
v 42,000000 33,927101 8,000000
v 41,000000 33,012284 9,000000
v 41,000000 33,000000 9,017246
v 42,000000 33,306377 9,000000
v 42,000000 33,306377 9,000000
v 41,000000 33,000000 9,017246
v 42,000000 33,000000 9,110846
v 41,927456 40,000000 16,000000
v 41,000000 40,707516 16,000000
v 41,000000 40,000000 17,284149
v 41,701035 40,000000 17,000000
v 41,000000 37,940718 17,000000
v 41,000000 40,000000 18,834728
v 41,927456 39,000000 17,000000
v 42,000000 38,895825 17,000000
v 42,000000 39,000000 16,928531
v 42,000000 39,000000 17,621586
v 41,701035 39,000000 18,000000
v 42,000000 39,532612 18,000000
v 41,694094 40,000000 32,000000
v 41,000000 40,824638 32,000000
v 41,000000 40,000000 32,492115
v 42,000000 39,000000 32,845831
v 41,694094 39,000000 33,000000
v 42,000000 39,173237 33,000000
v 41,927456 41,000000 15,000000
v 41,000000 41,000000 14,625033
v 41,000000 41,707516 15,000000
v 41,000000 38,940718 16,000000
v 41,701035 41,000000 16,000000
v 41,000000 41,000000 14,982564
v 42,000000 39,895825 16,000000
v 41,927456 40,000000 16,000000
v 42,000000 40,000000 16,023853
v 41,701035 40,000000 17,000000
v 42,000000 40,000000 17,245557
v 42,000000 40,532612 17,000000
v 41,969211 41,000000 28,000000
v 41,000000 45,906461 28,000000
v 41,000000 41,000000 32,484359
v 42,000000 40,000000 28,935827
v 41,969211 40,000000 29,000000
v 42,000000 40,049330 29,000000
v 41,694094 41,000000 31,000000
v 41,000000 41,000000 29,862513
v 41,000000 41,824638 31,000000
v 41,694094 40,000000 32,000000
v 42,000000 40,000000 32,305935
v 42,000000 40,173237 32,000000
v 41,748614 42,000000 25,000000
v 41,000000 -194,227373 25,000000
v 41,000000 42,000000 25,816619
v 42,000000 41,000000 25,552748
v 41,748614 41,000000 26,000000
v 42,000000 41,146040 26,000000
v 41,969211 42,000000 27,000000
v 41,000000 42,000000 29,135375
v 41,000000 46,906461 27,000000
v 41,969211 41,000000 28,000000
v 42,000000 41,000000 28,038000
v 42,000000 41,049330 28,000000
v 41,748614 43,000000 24,000000
v 41,000000 43,000000 25,716722
v 41,000000 -193,227373 24,000000
v 41,748614 42,000000 25,000000
v 42,000000 42,000000 25,130722
v 42,000000 42,146040 25,000000
v 43,000000 7,000000 26,863715
v 43,000000 8,876894 25,000000
v 42,201552 7,000000 25,000000
v 42,201552 6,000000 26,000000
v 42,000000 6,000000 25,763954
v 42,000000 6,303627 26,000000
v 43,000000 9,876894 24,000000
v 43,000000 8,000000 21,229039
v 42,201552 8,000000 24,000000
v 42,201552 7,000000 25,000000
v 42,000000 7,303627 25,000000
v 42,000000 7,000000 25,306113
v 43,000000 8,000000 33,415889
v 43,000000 5,197116 31,000000
v 42,032892 8,000000 31,000000
v 42,032892 7,000000 32,000000
v 42,000000 7,000000 31,954389
v 42,000000 7,050045 32,000000
v 43,000000 9,000000 17,567591
v 43,000000 9,809683 17,000000
v 42,280654 9,000000 17,000000
v 42,280654 8,000000 18,000000
v 42,000000 8,000000 17,847473
v 42,000000 8,207105 18,000000
v 42,818902 9,000000 23,000000
v 42,000000 11,327618 23,000000
v 42,000000 9,000000 26,905131
v 43,000000 8,000000 23,639231
v 42,818902 8,000000 24,000000
v 43,000000 8,246173 24,000000
v 42,803813 9,000000 30,000000
v 42,000000 7,222915 30,000000
v 42,000000 9,000000 -636,233058
v 43,000000 6,197116 30,000000
v 43,000000 9,000000 35,995757
v 42,032892 9,000000 30,000000
v 43,000000 8,139390 31,000000
v 43,000000 8,000000 30,826578
v 42,803813 8,000000 31,000000
v 42,032892 8,000000 31,000000
v 42,000000 8,050045 31,000000
v 42,000000 8,000000 31,063419
v 42,000000 10,000000 16,374664
v 42,540390 10,000000 17,000000
v 42,000000 10,476279 17,000000
v 43,000000 10,000000 16,643566
v 42,280654 10,000000 16,000000
v 43,000000 10,809683 16,000000
v 43,000000 9,000000 17,643566
v 42,540390 9,000000 18,000000
v 43,000000 9,266866 18,000000
v 42,000000 9,000000 17,374664
v 42,280654 9,000000 17,000000
v 42,000000 9,207105 17,000000
v 42,818902 10,000000 22,000000
v 42,000000 10,000000 20,537587
v 42,000000 12,327618 22,000000
v 42,818902 9,000000 23,000000
v 43,000000 9,000000 23,202463
v 43,000000 9,246173 23,000000
v 42,803813 10,000000 29,000000
v 42,000000 10,000000 26,597990
v 42,000000 8,222915 29,000000
v 42,803813 9,000000 30,000000
v 43,000000 9,000000 30,686317
v 43,000000 9,139390 30,000000
v 42,540390 11,000000 16,000000
v 42,000000 11,000000 15,492284
v 42,000000 11,476279 16,000000
v 42,540390 10,000000 17,000000
v 43,000000 10,000000 17,474481
v 43,000000 10,266866 17,000000
v 42,742807 11,000000 34,000000
v 42,000000 11,551430 34,000000
v 42,000000 11,000000 34,422567
v 43,000000 10,000000 34,885109
v 42,742807 10,000000 35,000000
v 43,000000 10,081511 35,000000
v 42,000000 12,551430 33,000000
v 42,742807 12,000000 33,000000
v 42,000000 14,248781 34,000000
v 42,000000 14,248781 34,000000
v 42,742807 12,000000 33,000000
v 42,792889 12,000000 34,000000
v 42,792889 11,000000 35,000000
v 43,000000 11,409794 35,000000
v 42,742807 11,000000 34,000000
v 42,742807 11,000000 34,000000
v 43,000000 11,409794 35,000000
v 43,000000 11,081511 34,000000
v 42,792889 13,000000 33,000000
v 42,000000 13,000000 31,173788
v 42,000000 15,248781 33,000000
v 42,792889 12,000000 34,000000
v 43,000000 12,000000 34,383841
v 43,000000 12,409794 34,000000
v 42,768929 15,000000 12,000000
v 42,000000 17,360768 12,000000
v 42,000000 15,000000 14,426574
v 43,000000 14,000000 12,679944
v 42,768929 14,000000 13,000000
v 43,000000 14,281842 13,000000
v 42,768929 16,000000 11,000000
v 42,000000 16,000000 9,019173
v 42,000000 18,360768 11,000000
v 42,768929 15,000000 12,000000
v 43,000000 15,000000 12,378160
v 43,000000 15,281842 12,000000
v 43,000000 18,000000 9,911088
v 43,000000 18,605379 9,000000
v 42,374750 18,000000 9,000000
v 42,374750 17,000000 10,000000
v 42,000000 17,000000 9,665559
v 42,000000 17,235641 10,000000
v 43,000000 18,000000 41,363497
v 43,000000 18,712962 40,000000
v 42,332582 18,000000 40,000000
v 42,332582 17,000000 41,000000
v 42,000000 17,000000 40,620922
v 42,000000 17,479875 41,000000
v 43,000000 19,000000 10,927422
v 43,000000 20,043301 8,000000
v 42,293663 19,000000 8,000000
v 42,293663 18,000000 9,000000
v 42,000000 18,000000 8,667768
v 42,000000 18,467547 9,000000
v 42,374750 19,000000 8,000000
v 43,000000 19,605379 8,000000
v 43,000000 19,000000 7,423222
v 42,374750 18,000000 9,000000
v 42,000000 18,235641 9,000000
v 42,000000 18,000000 9,390401
v 43,000000 19,712962 39,000000
v 43,000000 19,000000 33,210496
v 42,332582 19,000000 39,000000
v 42,332582 18,000000 40,000000
v 42,000000 18,479875 40,000000
v 42,000000 18,000000 40,457982
v 43,000000 21,043301 7,000000
v 43,000000 20,000000 5,679360
v 42,293663 20,000000 7,000000
v 42,293663 19,000000 8,000000
v 42,000000 19,467547 8,000000
v 42,000000 19,000000 8,286104
v 43,000000 25,000000 9,069685
v 43,000000 27,289565 7,000000
v 42,153121 25,000000 7,000000
v 42,153121 24,000000 8,000000
v 42,000000 24,000000 7,816101
v 42,000000 24,224239 8,000000
v 43,000000 28,289565 6,000000
v 43,000000 26,000000 2,871364
v 42,153121 26,000000 6,000000
v 42,153121 25,000000 7,000000
v 42,000000 25,224239 7,000000
v 42,000000 25,000000 7,249278
v 42,799845 26,000000 41,000000
v 42,000000 27,507176 41,000000
v 42,000000 26,000000 42,053533
v 42,155409 26,000000 42,000000
v 43,000000 26,000000 45,479308
v 42,799845 25,000000 42,000000
v 42,799845 25,000000 42,000000
v 43,000000 26,000000 45,479308
v 43,000000 25,000000 41,894273
v 42,155409 25,000000 43,000000
v 42,000000 25,000000 42,719637
v 42,000000 25,165832 43,000000
v 42,799845 27,000000 40,000000
v 42,000000 27,000000 37,988144
v 42,000000 28,507176 40,000000
v 43,000000 27,000000 36,042778
v 42,155409 27,000000 41,000000
v 43,000000 26,000000 41,185319
v 43,000000 26,000000 41,185319
v 42,155409 27,000000 41,000000
v 42,799845 26,000000 41,000000
v 42,155409 26,000000 42,000000
v 42,000000 26,165832 42,000000
v 42,000000 26,000000 42,745444
v 43,000000 30,000000 40,477975
v 43,000000 30,369179 40,000000
v 42,013465 30,000000 40,000000
v 42,013465 29,000000 41,000000
v 42,000000 29,000000 40,994764
v 42,000000 29,014853 41,000000
v 43,000000 31,369179 39,000000
v 43,000000 31,000000 38,327512
v 42,013465 31,000000 39,000000
v 42,013465 30,000000 40,000000
v 42,000000 30,014853 40,000000
v 42,000000 30,000000 40,007106
v 42,979888 32,000000 39,000000
v 42,000000 161,557670 39,000000
v 42,000000 32,000000 41,270576
v 43,000000 31,000000 39,972508
v 42,979888 31,000000 40,000000
v 43,000000 31,015101 40,000000
v 43,000000 33,000000 11,265297
v 43,000000 34,244909 9,000000
v 42,074972 33,000000 9,000000
v 42,074972 32,000000 10,000000
v 42,000000 32,000000 9,902570
v 42,000000 32,306377 10,000000
v 42,979888 33,000000 38,000000
v 42,000000 33,000000 35,339804
v 42,000000 162,557670 38,000000
v 42,979888 32,000000 39,000000
v 43,000000 32,000000 39,028192
v 43,000000 32,015101 39,000000
v 43,000000 35,244909 8,000000
v 43,000000 34,000000 6,104027
v 42,074972 34,000000 8,000000
v 42,074972 33,000000 9,000000
v 42,000000 33,306377 9,000000
v 42,000000 33,000000 9,110846
v 42,743383 37,000000 15,000000
v 42,000000 39,575721 15,000000
v 42,000000 37,000000 16,324331
v 43,000000 36,000000 15,758106
v 42,743383 36,000000 16,000000
v 43,000000 36,236321 16,000000
v 42,743383 38,000000 14,000000
v 42,000000 38,000000 11,602948
v 42,000000 40,575721 14,000000
v 42,743383 37,000000 15,000000
v 43,000000 37,000000 15,371152
v 43,000000 37,236321 15,000000
v 42,902998 38,000000 33,000000
v 42,000000 40,015125 33,000000
v 42,000000 38,000000 38,348841
v 43,000000 37,000000 33,756516
v 42,902998 37,000000 34,000000
v 43,000000 37,149565 34,000000
v 42,902998 39,000000 32,000000
v 42,000000 39,000000 29,886705
v 42,000000 41,015125 32,000000
v 42,902998 38,000000 33,000000
v 43,000000 38,000000 33,094229
v 43,000000 38,149565 33,000000
v 43,000000 40,000000 20,207985
v 43,000000 42,608231 16,000000
v 42,025608 40,000000 16,000000
v 43,000000 40,790008 17,000000
v 42,386939 40,000000 17,000000
v 43,000000 40,000000 18,617776
v 42,000000 38,895825 17,000000
v 42,025608 39,000000 17,000000
v 42,000000 39,000000 16,928531
v 42,386939 39,000000 18,000000
v 42,000000 39,000000 17,621586
v 42,000000 39,532612 18,000000
v 43,000000 40,000000 39,908875
v 43,000000 38,973318 32,000000
v 42,168048 40,000000 32,000000
v 42,168048 39,000000 33,000000
v 42,000000 39,000000 32,845831
v 42,000000 39,173237 33,000000
v 43,000000 43,608231 15,000000
v 43,000000 41,000000 13,150266
v 42,025608 41,000000 15,000000
v 42,025608 40,000000 16,000000
v 42,000000 39,895825 16,000000
v 42,000000 40,000000 16,023853
v 42,386939 41,000000 16,000000
v 43,000000 41,790008 16,000000
v 43,000000 41,000000 15,464651
v 42,386939 40,000000 17,000000
v 42,000000 40,532612 17,000000
v 42,000000 40,000000 17,245557
v 43,000000 41,000000 28,281054
v 43,000000 41,190764 28,000000
v 42,209411 41,000000 28,000000
v 42,209411 40,000000 29,000000
v 42,000000 40,000000 28,935827
v 42,000000 40,049330 29,000000
v 43,000000 39,973318 31,000000
v 43,000000 41,000000 28,433034
v 42,168048 41,000000 31,000000
v 42,168048 40,000000 32,000000
v 42,000000 40,173237 32,000000
v 42,000000 40,000000 32,305935
v 43,000000 42,000000 30,198896
v 43,000000 43,524903 25,000000
v 42,159175 42,000000 25,000000
v 42,159175 41,000000 26,000000
v 42,000000 41,000000 25,552748
v 42,000000 41,146040 26,000000
v 43,000000 42,190764 27,000000
v 43,000000 42,000000 26,839514
v 42,209411 42,000000 27,000000
v 42,209411 41,000000 28,000000
v 42,000000 41,049330 28,000000
v 42,000000 41,000000 28,038000
v 43,000000 44,524903 24,000000
v 43,000000 43,000000 23,124184
v 42,159175 43,000000 24,000000
v 42,159175 42,000000 25,000000
v 42,000000 42,146040 25,000000
v 42,000000 42,000000 25,130722
v 44,000000 9,000000 23,718611
v 44,000000 9,493047 23,000000
v 43,391836 9,000000 23,000000
v 43,391836 8,000000 24,000000
v 43,000000 8,000000 23,639231
v 43,000000 8,246173 24,000000
v 44,000000 9,000000 31,109322
v 44,000000 11,888209 30,000000
v 43,172131 9,000000 30,000000
v 43,172131 8,000000 31,000000
v 43,000000 8,000000 30,826578
v 43,000000 8,139390 31,000000
v 44,000000 10,000000 17,983147
v 44,000000 11,489875 17,000000
v 43,267335 10,000000 17,000000
v 43,267335 9,000000 18,000000
v 43,000000 9,000000 17,643566
v 43,000000 9,266866 18,000000
v 44,000000 10,493047 22,000000
v 44,000000 10,000000 19,410044
v 43,391836 10,000000 22,000000
v 43,391836 9,000000 23,000000
v 43,000000 9,246173 23,000000
v 43,000000 9,000000 23,202463
v 44,000000 12,888209 29,000000
v 44,000000 10,000000 30,111099
v 43,172131 10,000000 29,000000
v 43,172131 9,000000 30,000000
v 43,000000 9,139390 30,000000
v 43,000000 9,000000 30,686317
v 44,000000 12,489875 16,000000
v 44,000000 11,000000 13,005351
v 43,267335 11,000000 16,000000
v 43,267335 10,000000 17,000000
v 43,000000 10,266866 17,000000
v 43,000000 10,000000 17,474481
v 43,716745 11,000000 31,000000
v 43,000000 11,665129 31,000000
v 43,000000 11,000000 31,700930
v 44,000000 10,000000 31,808323
v 43,716745 10,000000 32,000000
v 44,000000 10,240982 32,000000
v 44,000000 11,000000 36,510043
v 44,000000 14,190032 34,000000
v 43,073684 11,000000 34,000000
v 43,073684 10,000000 35,000000
v 43,000000 10,000000 34,885109
v 43,000000 10,081511 35,000000
v 43,716745 12,000000 30,000000
v 43,000000 12,000000 29,534044
v 43,000000 12,665129 30,000000
v 43,716745 11,000000 31,000000
v 44,000000 11,000000 31,135791
v 44,000000 11,240982 31,000000
v 44,000000 12,621705 34,000000
v 43,315018 12,000000 34,000000
v 44,000000 15,190032 33,000000
v 44,000000 15,190032 33,000000
v 43,315018 12,000000 34,000000
v 43,073684 12,000000 33,000000
v 43,000000 11,409794 35,000000
v 43,315018 11,000000 35,000000
v 43,000000 11,081511 34,000000
v 43,000000 11,081511 34,000000
v 43,315018 11,000000 35,000000
v 43,073684 11,000000 34,000000
v 44,000000 13,621705 33,000000
v 44,000000 13,000000 45,129824
v 43,315018 13,000000 33,000000
v 43,315018 12,000000 34,000000
v 43,000000 12,409794 34,000000
v 43,000000 12,000000 34,383841
v 44,000000 15,000000 12,146850
v 44,000000 15,144220 12,000000
v 43,714516 15,000000 12,000000
v 43,714516 14,000000 13,000000
v 43,000000 14,000000 12,679944
v 43,000000 14,281842 13,000000
v 44,000000 16,144220 11,000000
v 44,000000 16,000000 10,413217
v 43,714516 16,000000 11,000000
v 43,714516 15,000000 12,000000
v 43,000000 15,281842 12,000000
v 43,000000 15,000000 12,378160
v 43,875338 17,000000 12,000000
v 43,000000 9,419154 12,000000
v 43,000000 17,000000 9,860876
v 44,000000 16,000000 12,710723
v 43,875338 16,000000 13,000000
v 44,000000 16,113803 13,000000
v 43,903285 18,000000 11,000000
v 43,000000 22,939279 11,000000
v 43,000000 18,000000 11,573131
v 44,000000 17,000000 11,932816
v 43,903285 17,000000 12,000000
v 44,000000 17,077145 12,000000
v 43,000000 18,000000 6,971630
v 43,000000 10,419154 11,000000
v 43,875338 18,000000 11,000000
v 43,875338 17,000000 12,000000
v 44,000000 17,000000 12,260117
v 44,000000 17,113803 12,000000
v 43,903285 19,000000 10,000000
v 43,000000 19,000000 9,510256
v 43,000000 23,939279 10,000000
v 43,903285 18,000000 11,000000
v 44,000000 18,000000 11,089194
v 44,000000 18,077145 11,000000
v 44,000000 26,000000 42,683218
v 44,000000 30,619558 41,000000
v 43,102737 26,000000 41,000000
v 43,102737 25,000000 42,000000
v 43,000000 25,000000 41,894273
v 43,000000 25,103370 42,000000
v 44,000000 31,619558 40,000000
v 44,000000 27,000000 36,518744
v 43,102737 27,000000 40,000000
v 43,102737 26,000000 41,000000
v 43,000000 26,103370 41,000000
v 43,000000 26,000000 41,185319
v 43,928595 29,000000 38,000000
v 43,000000 30,416449 38,000000
v 43,000000 29,000000 41,287911
v 44,000000 28,000000 38,826567
v 43,928595 28,000000 39,000000
v 44,000000 28,172887 39,000000
v 43,928595 30,000000 37,000000
v 43,000000 30,000000 32,893123
v 43,000000 31,416449 37,000000
v 43,928595 29,000000 38,000000
v 44,000000 29,000000 38,148487
v 44,000000 29,172887 38,000000
v 44,000000 32,000000 40,349386
v 44,000000 39,740423 39,000000
v 43,030239 32,000000 39,000000
v 43,030239 31,000000 40,000000
v 43,000000 31,000000 39,972508
v 43,000000 31,015101 40,000000
v 44,000000 40,740423 38,000000
v 44,000000 33,000000 36,764140
v 43,030239 33,000000 38,000000
v 43,030239 32,000000 39,000000
v 43,000000 32,015101 39,000000
v 43,000000 32,000000 39,028192
v 44,000000 37,000000 17,551316
v 44,000000 38,526066 15,000000
v 43,333372 37,000000 15,000000
v 43,333372 36,000000 16,000000
v 43,000000 36,000000 15,758106
v 43,000000 36,236321 16,000000
v 44,000000 39,526066 14,000000
v 44,000000 38,000000 12,576537
v 43,333372 38,000000 14,000000
v 43,333372 37,000000 15,000000
v 43,000000 37,236321 15,000000
v 43,000000 37,000000 15,371152
v 43,963261 38,000000 20,000000
v 43,000000 39,829160 20,000000
v 43,000000 38,000000 21,429474
v 44,000000 37,000000 20,967637
v 43,963261 37,000000 21,000000
v 44,000000 37,287971 21,000000
v 43,955770 38,000000 29,000000
v 43,000000 39,841767 29,000000
v 43,000000 38,000000 30,174767
v 44,000000 37,000000 29,966054
v 43,955770 37,000000 30,000000
v 44,000000 37,073918 30,000000
v 43,596894 38,000000 31,000000
v 43,000000 38,966958 31,000000
v 43,000000 38,000000 31,635580
v 44,000000 37,000000 31,733360
v 43,596894 37,000000 32,000000
v 44,000000 37,271247 32,000000
v 44,000000 38,000000 34,387411
v 44,000000 38,932227 33,000000
v 43,216653 38,000000 33,000000
v 43,216653 37,000000 34,000000
v 43,000000 37,000000 33,756516
v 43,000000 37,149565 34,000000
v 43,963261 39,000000 19,000000
v 43,000000 39,000000 10,716792
v 43,000000 40,829160 19,000000
v 43,963261 38,000000 20,000000
v 44,000000 38,000000 20,135380
v 44,000000 38,287971 20,000000
v 43,955770 39,000000 28,000000
v 43,000000 39,000000 14,368482
v 43,000000 40,841767 28,000000
v 43,955770 38,000000 29,000000
v 44,000000 38,000000 29,264661
v 44,000000 38,073918 29,000000
v 43,596894 39,000000 30,000000
v 43,000000 39,000000 32,251165
v 43,000000 39,966958 30,000000
v 43,596894 38,000000 31,000000
v 44,000000 38,000000 31,377066
v 44,000000 38,271247 31,000000
v 44,000000 39,932227 32,000000
v 44,000000 39,000000 31,546576
v 43,216653 39,000000 32,000000
v 43,216653 38,000000 33,000000
v 43,000000 38,149565 33,000000
v 43,000000 38,000000 33,094229
v 44,942630 11,000000 29,000000
v 44,000000 53,139004 29,000000
v 44,000000 11,000000 25,441187
v 45,000000 10,000000 29,972370
v 44,942630 10,000000 30,000000
v 45,000000 10,032788 30,000000
v 45,000000 11,000000 34,119839
v 45,000000 8,518852 31,000000
v 44,117295 11,000000 31,000000
v 44,117295 10,000000 32,000000
v 44,000000 10,000000 31,808323
v 44,000000 10,240982 32,000000
v 44,902119 12,000000 22,000000
v 44,000000 14,185905 22,000000
v 44,000000 12,000000 28,616836
v 45,000000 11,000000 22,702388
v 44,902119 11,000000 23,000000
v 45,000000 11,125500 23,000000
v 44,942630 12,000000 28,000000
v 44,000000 12,000000 26,871994
v 44,000000 54,139004 28,000000
v 44,924267 12,000000 30,000000
v 44,000000 28,644155 30,000000
v 44,000000 12,000000 32,350168
v 44,942630 11,000000 29,000000
v 45,000000 11,000000 29,118635
v 45,000000 11,032788 29,000000
v 45,000000 9,518852 30,000000
v 45,000000 12,000000 23,110706
v 44,117295 12,000000 30,000000
v 45,000000 11,040620 31,000000
v 45,000000 11,000000 30,924881
v 44,924267 11,000000 31,000000
v 44,117295 11,000000 31,000000
v 44,000000 11,240982 31,000000
v 44,000000 11,000000 31,135791
v 44,902119 13,000000 21,000000
v 44,000000 13,000000 19,600242
v 44,000000 15,185905 21,000000
v 44,902119 12,000000 22,000000
v 45,000000 12,000000 22,087448
v 45,000000 12,125500 22,000000
v 44,924267 13,000000 29,000000
v 44,000000 13,000000 28,049653
v 44,000000 29,644155 29,000000
v 44,924267 12,000000 30,000000
v 45,000000 12,000000 30,052499
v 45,000000 12,040620 30,000000
v 45,000000 17,000000 12,739690
v 45,000000 18,774566 12,000000
v 44,185864 17,000000 12,000000
v 44,185864 16,000000 13,000000
v 44,000000 16,000000 12,710723
v 44,000000 16,113803 13,000000
v 45,000000 18,000000 6,120784
v 45,000000 23,161809 11,000000
v 44,026862 18,000000 11,000000
v 44,026862 17,000000 12,000000
v 44,000000 17,000000 11,932816
v 44,000000 17,077145 12,000000
v 44,185864 18,000000 11,000000
v 45,000000 19,774566 11,000000
v 45,000000 18,000000 8,966960
v 44,185864 17,000000 12,000000
v 44,000000 17,113803 12,000000
v 44,000000 17,000000 12,260117
v 45,000000 24,161809 10,000000
v 45,000000 19,000000 11,274183
v 44,026862 19,000000 10,000000
v 44,026862 18,000000 11,000000
v 44,000000 18,077145 11,000000
v 44,000000 18,000000 11,089194
v 44,947078 21,000000 37,000000
v 44,000000 22,541948 37,000000
v 44,000000 21,000000 46,542466
v 45,000000 20,000000 37,768268
v 44,947078 20,000000 38,000000
v 45,000000 20,079196 38,000000
v 44,974024 22,000000 11,000000
v 44,000000 18,802606 11,000000
v 44,000000 22,000000 12,168657
v 45,000000 21,000000 11,980113
v 44,974024 21,000000 12,000000
v 45,000000 21,069179 12,000000
v 44,947078 22,000000 36,000000
v 44,000000 22,000000 34,836468
v 44,000000 23,541948 36,000000
v 44,947078 21,000000 37,000000
v 45,000000 21,000000 37,040606
v 45,000000 21,079196 37,000000
v 44,974024 23,000000 10,000000
v 44,000000 23,000000 5,558167
v 44,000000 19,802606 10,000000
v 44,974024 22,000000 11,000000
v 45,000000 22,000000 11,059814
v 45,000000 22,069179 11,000000
v 45,000000 29,000000 42,538848
v 45,000000 29,652327 38,000000
v 44,120428 29,000000 38,000000
v 44,120428 28,000000 39,000000
v 44,000000 28,000000 38,826567
v 44,000000 28,172887 39,000000
v 45,000000 30,652327 37,000000
v 45,000000 30,000000 35,217033
v 44,120428 30,000000 37,000000
v 44,120428 29,000000 38,000000
v 44,000000 29,172887 38,000000
v 44,000000 29,000000 38,148487
v 44,750191 35,000000 34,000000
v 44,000000 35,339735 34,000000
v 44,000000 35,000000 34,490014
v 45,000000 34,000000 34,871900
v 44,750191 34,000000 35,000000
v 45,000000 34,081301 35,000000
v 44,750191 36,000000 33,000000
v 44,000000 36,000000 32,758021
v 44,000000 36,339735 33,000000
v 44,750191 35,000000 34,000000
v 45,000000 35,000000 34,067796
v 45,000000 35,081301 34,000000
v 45,000000 38,000000 20,545318
v 45,000000 38,683723 20,000000
v 44,072890 38,000000 20,000000
v 44,072890 37,000000 21,000000
v 44,000000 37,000000 20,967637
v 44,000000 37,287971 21,000000
v 44,590408 38,000000 28,000000
v 44,000000 38,374930 28,000000
v 44,000000 38,000000 28,291858
v 44,064689 38,000000 29,000000
v 45,000000 38,000000 29,825151
v 44,590408 37,000000 29,000000
v 44,590408 37,000000 29,000000
v 45,000000 38,000000 29,825151
v 45,000000 37,000000 28,841096
v 44,064689 37,000000 30,000000
v 44,000000 37,000000 29,966054
v 44,000000 37,073918 30,000000
v 45,000000 38,000000 32,542881
v 45,000000 42,036647 31,000000
v 44,257894 38,000000 31,000000
v 44,257894 37,000000 32,000000
v 44,000000 37,000000 31,733360
v 44,000000 37,271247 32,000000
v 45,000000 39,683723 19,000000
v 45,000000 39,000000 16,156470
v 44,072890 39,000000 19,000000
v 44,072890 38,000000 20,000000
v 44,000000 38,287971 20,000000
v 44,000000 38,000000 20,135380
v 44,590408 39,000000 27,000000
v 44,000000 39,000000 26,608386
v 44,000000 39,374930 27,000000
v 45,000000 39,000000 20,593605
v 44,064689 39,000000 28,000000
v 45,000000 38,000000 28,171769
v 45,000000 38,000000 28,171769
v 44,064689 39,000000 28,000000
v 44,590408 38,000000 28,000000
v 44,064689 38,000000 29,000000
v 44,000000 38,073918 29,000000
v 44,000000 38,000000 29,264661
v 45,000000 43,036647 30,000000
v 45,000000 39,000000 27,476232
v 44,257894 39,000000 30,000000
v 44,257894 38,000000 31,000000
v 44,000000 38,271247 31,000000
v 44,000000 38,000000 31,377066
v 46,000000 11,000000 30,793747
v 46,000000 15,212729 29,000000
v 45,018491 11,000000 29,000000
v 45,018491 10,000000 30,000000
v 45,000000 10,000000 29,972370
v 45,000000 10,032788 30,000000
v 46,000000 12,000000 24,268837
v 46,000000 12,797830 22,000000
v 45,184284 12,000000 22,000000
v 45,184284 11,000000 23,000000
v 45,000000 11,000000 22,702388
v 45,000000 11,125500 23,000000
v 46,000000 16,212729 28,000000
v 46,000000 12,000000 37,779539
v 45,018491 12,000000 28,000000
v 45,018491 11,000000 29,000000
v 45,000000 11,032788 29,000000
v 45,000000 11,000000 29,118635
v 45,052260 12,000000 30,000000
v 46,000000 12,000000 32,571257
v 46,000000 22,337093 30,000000
v 45,052260 11,000000 31,000000
v 45,000000 11,000000 30,924881
v 45,000000 11,040620 31,000000
v 46,000000 13,797830 21,000000
v 46,000000 13,000000 20,470566
v 45,184284 13,000000 21,000000
v 45,184284 12,000000 22,000000
v 45,000000 12,125500 22,000000
v 45,000000 12,000000 22,087448
v 45,626663 13,000000 24,000000
v 45,000000 14,418788 24,000000
v 45,000000 13,000000 25,919546
v 46,000000 12,000000 24,522465
v 45,626663 12,000000 25,000000
v 46,000000 12,400527 25,000000
v 45,954466 13,000000 27,000000
v 45,000000 14,713528 27,000000
v 45,000000 13,000000 28,307361
v 46,000000 12,000000 27,962196
v 45,954466 12,000000 28,000000
v 46,000000 12,072500 28,000000
v 46,000000 23,337093 29,000000
v 46,000000 13,000000 27,358549
v 45,052260 13,000000 29,000000
v 45,052260 12,000000 30,000000
v 45,000000 12,040620 30,000000
v 45,000000 12,000000 30,052499
v 45,626663 14,000000 23,000000
v 45,000000 14,000000 21,827658
v 45,000000 15,418788 23,000000
v 45,626663 13,000000 24,000000
v 46,000000 13,000000 24,344305
v 46,000000 13,400527 24,000000
v 45,954466 14,000000 26,000000
v 45,000000 14,000000 17,031638
v 45,000000 15,713528 26,000000
v 45,954466 13,000000 27,000000
v 46,000000 13,000000 27,183248
v 46,000000 13,072500 27,000000
v 45,697010 20,000000 35,000000
v 45,000000 21,115112 35,000000
v 45,000000 20,000000 32,352499
v 46,000000 19,000000 35,400256
v 45,697010 19,000000 36,000000
v 46,000000 19,471402 36,000000
v 45,697010 21,000000 34,000000
v 45,000000 21,000000 32,501434
v 45,000000 22,115112 34,000000
v 45,697010 20,000000 35,000000
v 46,000000 20,000000 35,321479
v 46,000000 20,471402 35,000000
v 46,000000 21,000000 42,644274
v 46,000000 22,728482 37,000000
v 45,073328 21,000000 37,000000
v 45,073328 20,000000 38,000000
v 45,000000 20,000000 37,768268
v 45,000000 20,079196 38,000000
v 46,000000 22,000000 11,940626
v 46,000000 22,913330 11,000000
v 45,030324 22,000000 11,000000
v 45,030324 21,000000 12,000000
v 45,000000 21,000000 11,980113
v 45,000000 21,069179 12,000000
v 46,000000 23,728482 36,000000
v 46,000000 22,000000 34,709541
v 45,073328 22,000000 36,000000
v 45,073328 21,000000 37,000000
v 45,000000 21,079196 37,000000
v 45,000000 21,000000 37,040606
v 46,000000 23,913330 10,000000
v 46,000000 23,000000 5,399099
v 45,030324 23,000000 10,000000
v 45,030324 22,000000 11,000000
v 45,000000 22,069179 11,000000
v 45,000000 22,000000 11,059814
v 45,864891 27,000000 13,000000
v 45,000000 28,846558 13,000000
v 45,000000 27,000000 17,347525
v 46,000000 26,000000 13,666725
v 45,864891 26,000000 14,000000
v 46,000000 26,432068 14,000000
v 45,864891 28,000000 12,000000
v 45,000000 28,000000 11,175240
v 45,000000 29,846558 12,000000
v 45,864891 27,000000 13,000000
v 46,000000 27,000000 13,085539
v 46,000000 27,432068 13,000000
v 45,901398 30,000000 15,000000
v 45,000000 25,588826 15,000000
v 45,000000 30,000000 17,834755
v 46,000000 29,000000 15,854081
v 45,901398 29,000000 16,000000
v 46,000000 29,137769 16,000000
v 45,961667 30,000000 34,000000
v 45,000000 31,513697 34,000000
v 45,000000 30,000000 36,876336
v 46,000000 29,000000 34,941849
v 45,961667 29,000000 35,000000
v 46,000000 29,141264 35,000000
v 45,794927 31,000000 14,000000
v 45,000000 31,246326 14,000000
v 45,000000 31,000000 14,172950
v 46,000000 30,000000 14,954098
v 45,794927 30,000000 15,000000
v 46,000000 30,042864 15,000000
v 45,000000 31,000000 23,704072
v 45,000000 26,588826 14,000000
v 45,901398 31,000000 14,000000
v 45,901398 30,000000 15,000000
v 46,000000 30,000000 15,142764
v 46,000000 30,137769 15,000000
v 45,000000 32,513697 33,000000
v 45,961667 31,000000 33,000000
v 45,000000 35,324770 34,000000
v 45,000000 35,324770 34,000000
v 45,961667 31,000000 33,000000
v 45,969675 31,000000 34,000000
v 45,969675 30,000000 35,000000
v 46,000000 30,028243 35,000000
v 45,961667 30,000000 34,000000
v 45,961667 30,000000 34,000000
v 46,000000 30,028243 35,000000
v 46,000000 30,141264 34,000000
v 45,794927 32,000000 13,000000
v 45,000000 32,000000 12,811812
v 45,000000 32,246326 13,000000
v 45,794927 31,000000 14,000000
v 46,000000 31,000000 14,043199
v 46,000000 31,042864 14,000000
v 45,969675 32,000000 33,000000
v 45,000000 32,000000 34,419541
v 45,000000 36,324770 33,000000
v 45,969675 31,000000 34,000000
v 46,000000 31,000000 34,113931
v 46,000000 31,028243 34,000000
v 45,786501 33,000000 33,000000
v 45,000000 34,205563 33,000000
v 45,000000 33,000000 36,642754
v 46,000000 32,000000 33,544508
v 45,786501 32,000000 34,000000
v 46,000000 32,893921 34,000000
v 45,786501 34,000000 32,000000
v 45,000000 34,000000 30,059120
v 45,000000 35,205563 32,000000
v 45,786501 33,000000 33,000000
v 46,000000 33,000000 33,144837
v 46,000000 33,893921 33,000000
v 46,000000 35,000000 22,131145
v 46,000000 38,052890 34,000000
v 45,059017 35,000000 34,000000
v 45,059017 34,000000 35,000000
v 45,000000 34,000000 34,871900
v 45,000000 34,081301 35,000000
v 46,000000 39,052890 33,000000
v 46,000000 36,000000 30,950901
v 45,059017 36,000000 33,000000
v 45,059017 35,000000 34,000000
v 45,000000 35,081301 34,000000
v 45,000000 35,000000 34,067796
v 46,000000 38,000000 30,528121
v 46,000000 41,381269 28,000000
v 45,115920 38,000000 28,000000
v 45,115920 37,000000 29,000000
v 45,000000 37,000000 28,841096
v 45,000000 37,191230 29,000000
v 46,000000 42,381269 27,000000
v 46,000000 39,000000 24,194780
v 45,115920 39,000000 27,000000
v 45,115920 38,000000 28,000000
v 45,000000 38,191230 28,000000
v 45,000000 38,000000 28,171769
v 47,000000 13,000000 25,442923
v 47,000000 14,073035 24,000000
v 46,422398 13,000000 24,000000
v 46,422398 12,000000 25,000000
v 46,000000 12,000000 24,522465
v 46,000000 12,400527 25,000000
v 47,000000 13,000000 27,621890
v 47,000000 13,800902 27,000000
v 46,076750 13,000000 27,000000
v 46,076750 12,000000 28,000000
v 46,000000 12,000000 27,962196
v 46,000000 12,072500 28,000000
v 47,000000 15,073035 23,000000
v 47,000000 14,000000 22,109559
v 46,422398 14,000000 23,000000
v 46,422398 13,000000 24,000000
v 46,000000 13,400527 24,000000
v 46,000000 13,000000 24,344305
v 47,000000 14,800902 26,000000
v 47,000000 14,000000 22,088321
v 46,076750 14,000000 26,000000
v 46,076750 13,000000 27,000000
v 46,000000 13,072500 27,000000
v 46,000000 13,000000 27,183248
v 46,822570 15,000000 28,000000
v 46,000000 17,582492 28,000000
v 46,000000 15,000000 30,465252
v 46,888240 15,000000 29,000000
v 46,000000 15,265171 29,000000
v 46,000000 15,000000 29,193369
v 46,822570 14,000000 29,000000
v 47,000000 15,139286 29,000000
v 47,000000 14,000000 28,849334
v 47,000000 14,000000 29,977917
v 46,888240 14,000000 30,000000
v 47,000000 14,019019 30,000000
v 46,822570 16,000000 27,000000
v 46,000000 16,000000 26,215033
v 46,000000 18,582492 27,000000
v 46,000000 16,265171 28,000000
v 46,888240 16,000000 28,000000
v 46,000000 16,000000 27,878782
v 47,000000 16,139286 28,000000
v 46,822570 15,000000 28,000000
v 47,000000 15,000000 28,114900
v 46,888240 15,000000 29,000000
v 47,000000 15,000000 29,051731
v 47,000000 15,019019 29,000000
v 46,945695 17,000000 29,000000
v 46,000000 19,567124 29,000000
v 46,000000 17,000000 10,626531
v 47,000000 16,000000 29,804154
v 46,945695 16,000000 30,000000
v 47,000000 16,159380 30,000000
v 46,945695 18,000000 28,000000
v 46,000000 18,000000 25,493036
v 46,000000 20,567124 28,000000
v 46,945695 17,000000 29,000000
v 47,000000 17,000000 29,090529
v 47,000000 17,159380 29,000000
v 47,000000 20,000000 36,474026
v 47,000000 20,820941 35,000000
v 46,353421 20,000000 35,000000
v 46,353421 19,000000 36,000000
v 46,000000 19,000000 35,400256
v 46,000000 19,471402 36,000000
v 47,000000 21,820941 34,000000
v 47,000000 21,000000 32,905053
v 46,353421 21,000000 34,000000
v 46,353421 20,000000 35,000000
v 46,000000 20,471402 35,000000
v 46,000000 20,000000 35,321479
v 46,988687 23,000000 16,000000
v 46,000000 20,303643 16,000000
v 46,000000 23,000000 20,955965
v 47,000000 22,000000 16,974508
v 46,988687 22,000000 17,000000
v 47,000000 22,018625 17,000000
v 46,988687 24,000000 15,000000
v 46,000000 24,000000 12,739340
v 46,000000 21,303643 15,000000
v 46,988687 23,000000 16,000000
v 47,000000 23,000000 16,014802
v 47,000000 23,018625 16,000000
v 47,000000 27,000000 18,782596
v 47,000000 29,428994 13,000000
v 46,114272 27,000000 13,000000
v 46,114272 26,000000 14,000000
v 46,000000 26,000000 13,666725
v 46,000000 26,432068 14,000000
v 47,000000 30,428994 12,000000
v 47,000000 28,000000 10,159654
v 46,114272 28,000000 12,000000
v 46,114272 27,000000 13,000000
v 46,000000 27,432068 13,000000
v 46,000000 27,000000 13,085539
v 47,000000 30,000000 15,218879
v 47,000000 30,228671 15,000000
v 46,448210 30,000000 15,000000
v 46,448210 29,000000 16,000000
v 46,000000 29,000000 15,854081
v 46,000000 29,137769 16,000000
v 46,957947 30,000000 31,000000
v 46,000000 34,058676 31,000000
v 46,000000 30,000000 33,493902
v 47,000000 29,000000 31,944567
v 46,957947 29,000000 32,000000
v 47,000000 29,069218 32,000000
v 47,000000 30,000000 32,646367
v 47,000000 30,548424 34,000000
v 46,088534 30,000000 34,000000
v 46,088534 29,000000 35,000000
v 46,000000 29,000000 34,941849
v 46,000000 29,141264 35,000000
v 47,000000 31,000000 10,830290
v 47,000000 35,417125 14,000000
v 46,027074 31,000000 14,000000
v 46,027074 30,000000 15,000000
v 46,000000 30,000000 14,954098
v 46,000000 30,042864 15,000000
v 46,448210 31,000000 14,000000
v 47,000000 31,228671 14,000000
v 47,000000 31,000000 13,786391
v 46,448210 30,000000 15,000000
v 46,000000 30,137769 15,000000
v 46,000000 30,000000 15,142764
v 46,957947 31,000000 30,000000
v 46,000000 31,000000 24,338111
v 46,000000 35,058676 30,000000
v 46,957947 30,000000 31,000000
v 47,000000 30,000000 31,113970
v 47,000000 30,069218 31,000000
v 47,000000 33,306972 34,000000
v 46,045808 31,000000 34,000000
v 47,000000 31,548424 33,000000
v 47,000000 31,548424 33,000000
v 46,045808 31,000000 34,000000
v 46,088534 31,000000 33,000000
v 46,000000 30,028243 35,000000
v 46,045808 30,000000 35,000000
v 46,000000 30,141264 34,000000
v 46,000000 30,141264 34,000000
v 46,045808 30,000000 35,000000
v 46,088534 30,000000 34,000000
v 47,000000 36,417125 13,000000
v 47,000000 32,000000 9,794353
v 46,027074 32,000000 13,000000
v 46,027074 31,000000 14,000000
v 46,000000 31,042864 14,000000
v 46,000000 31,000000 14,043199
v 47,000000 34,306972 33,000000
v 47,000000 32,000000 29,717886
v 46,045808 32,000000 33,000000
v 46,045808 31,000000 34,000000
v 46,000000 31,028243 34,000000
v 46,000000 31,000000 34,113931
v 46,955465 33,000000 19,000000
v 46,000000 33,530715 19,000000
v 46,000000 33,000000 19,388736
v 47,000000 32,000000 19,985287
v 46,955465 32,000000 20,000000
v 47,000000 32,023851 20,000000
v 47,000000 33,000000 37,393490
v 47,000000 34,437136 33,000000
v 46,192913 33,000000 33,000000
v 46,192913 32,000000 34,000000
v 46,000000 32,000000 33,544508
v 46,000000 32,893921 34,000000
v 46,955465 34,000000 18,000000
v 46,000000 34,000000 16,287292
v 46,000000 34,530715 18,000000
v 46,955465 33,000000 19,000000
v 47,000000 33,000000 19,055328
v 47,000000 33,023851 19,000000
v 47,000000 35,437136 32,000000
v 47,000000 34,000000 30,998309
v 46,192913 34,000000 32,000000
v 46,192913 33,000000 33,000000
v 46,000000 33,893921 33,000000
v 46,000000 33,000000 33,144837
v 48,000000 15,000000 30,545253
v 48,000000 21,270963 28,000000
v 47,105397 15,000000 28,000000
v 48,000000 10,706378 29,000000
v 47,010928 15,000000 29,000000
v 48,000000 15,000000 33,349102
v 47,000000 15,139286 29,000000
v 47,105397 14,000000 29,000000
v 47,000000 14,000000 28,849334
v 47,010928 14,000000 30,000000
v 47,000000 14,000000 29,977917
v 47,000000 14,019019 30,000000
v 48,000000 22,270963 27,000000
v 48,000000 16,000000 59,769260
v 47,105397 16,000000 27,000000
v 47,105397 15,000000 28,000000
v 47,000000 16,139286 28,000000
v 47,000000 15,000000 28,114900
v 47,010928 16,000000 28,000000
v 48,000000 11,706378 28,000000
v 48,000000 16,000000 30,973059
v 47,010928 15,000000 29,000000
v 47,000000 15,019019 29,000000
v 47,000000 15,000000 29,051731
v 47,760947 17,000000 28,000000
v 47,000000 17,482842 28,000000
v 47,000000 17,000000 28,365311
v 47,251523 17,000000 29,000000
v 48,000000 17,000000 29,283993
v 47,760947 16,000000 29,000000
v 47,760947 16,000000 29,000000
v 48,000000 17,000000 29,283993
v 48,000000 16,000000 28,927054
v 47,251523 16,000000 30,000000
v 47,000000 16,000000 29,804154
v 47,000000 16,159380 30,000000
v 47,881896 18,000000 22,000000
v 47,000000 20,802198 22,000000
v 47,000000 18,000000 15,401229
v 48,000000 17,000000 22,598952
v 47,881896 17,000000 23,000000
v 48,000000 17,191705 23,000000
v 47,767798 18,000000 27,000000
v 47,000000 19,111626 27,000000
v 47,000000 18,000000 8,471997
v 48,000000 17,000000 27,703463
v 47,767798 17,000000 28,000000
v 48,000000 17,343908 28,000000
v 47,000000 18,000000 26,561824
v 47,000000 18,482842 27,000000
v 47,760947 18,000000 27,000000
v 48,000000 18,000000 27,506302
v 47,251523 18,000000 28,000000
v 48,000000 17,000000 28,143638
v 48,000000 17,000000 28,143638
v 47,251523 18,000000 28,000000
v 47,760947 17,000000 28,000000
v 47,251523 17,000000 29,000000
v 47,000000 17,159380 29,000000
v 47,000000 17,000000 29,090529
v 47,881896 19,000000 21,000000
v 47,000000 19,000000 16,299946
v 47,000000 21,802198 21,000000
v 47,881896 18,000000 22,000000
v 48,000000 18,000000 22,290117
v 48,000000 18,191705 22,000000
v 47,767798 19,000000 26,000000
v 47,000000 19,000000 23,388549
v 47,000000 20,111626 26,000000
v 47,767798 18,000000 27,000000
v 48,000000 18,000000 27,367971
v 48,000000 18,343908 27,000000
v 47,777185 19,000000 29,000000
v 47,000000 22,108708 29,000000
v 47,000000 19,000000 19,706393
v 48,000000 18,000000 29,736120
v 47,777185 18,000000 30,000000
v 48,000000 18,176770 30,000000
v 47,777185 20,000000 28,000000
v 47,000000 20,000000 26,915023
v 47,000000 23,108708 28,000000
v 47,777185 19,000000 29,000000
v 48,000000 19,000000 29,184017
v 48,000000 19,176770 29,000000
v 47,533234 20,000000 31,000000
v 47,000000 20,355733 31,000000
v 47,000000 20,000000 24,905179
v 48,000000 19,000000 31,666018
v 47,533234 19,000000 32,000000
v 48,000000 19,318550 32,000000
v 47,901955 21,000000 30,000000
v 47,000000 23,076720 30,000000
v 47,000000 21,000000 223,497830
v 48,000000 20,000000 30,878633
v 47,901955 20,000000 31,000000
v 48,000000 20,213361 31,000000
v 47,000000 21,000000 29,344776
v 47,000000 21,355733 30,000000
v 47,533234 21,000000 30,000000
v 47,533234 20,000000 31,000000
v 48,000000 20,000000 31,365507
v 48,000000 20,318550 31,000000
v 47,551203 22,000000 17,000000
v 47,000000 23,261220 17,000000
v 47,000000 22,000000 29,468195
v 48,000000 21,000000 17,711888
v 47,551203 21,000000 18,000000
v 48,000000 21,292724 18,000000
v 47,901576 22,000000 19,000000
v 47,000000 14,852836 19,000000
v 47,000000 22,000000 43,946958
v 48,000000 21,000000 19,548747
v 47,901576 21,000000 20,000000
v 48,000000 21,134150 20,000000
v 47,901955 22,000000 29,000000
v 47,000000 22,000000 21,726850
v 47,000000 24,076720 29,000000
v 47,901955 21,000000 30,000000
v 48,000000 21,000000 30,511818
v 48,000000 21,213361 30,000000
v 47,999606 22,000000 32,000000
v 47,000000 22,363398 32,000000
v 47,000000 22,000000 32,582544
v 48,000000 21,000000 32,999809
v 47,999606 21,000000 33,000000
v 48,000000 21,000230 33,000000
v 48,000000 23,000000 16,304772
v 48,000000 23,190241 16,000000
v 47,087218 23,000000 16,000000
v 47,000000 22,000000 16,974508
v 47,000000 22,018625 17,000000
v 47,087218 22,000000 17,000000
v 47,000000 23,000000 15,320321
v 47,000000 24,261220 16,000000
v 47,551203 23,000000 16,000000
v 47,551203 22,000000 17,000000
v 48,000000 22,000000 17,246653
v 48,000000 22,292724 17,000000
v 47,901576 23,000000 18,000000
v 47,000000 23,000000 16,585176
v 47,000000 15,852836 18,000000
v 47,901576 22,000000 19,000000
v 48,000000 22,000000 19,088634
v 48,000000 22,134150 19,000000
v 47,999606 23,000000 31,000000
v 47,000000 23,000000 29,768760
v 47,000000 23,363398 31,000000
v 47,999606 22,000000 32,000000
v 48,000000 22,000000 32,001976
v 48,000000 22,000230 32,000000
v 48,000000 24,190241 15,000000
v 48,000000 24,000000 14,707098
v 47,087218 24,000000 15,000000
v 47,087218 23,000000 16,000000
v 47,000000 23,018625 16,000000
v 47,000000 23,000000 16,014802
v 47,815325 24,000000 32,000000
v 47,000000 25,868525 32,000000
v 47,000000 24,000000 -18,500009
v 48,000000 23,000000 32,322438
v 47,815325 23,000000 33,000000
v 48,000000 23,142528 33,000000
v 47,815325 25,000000 31,000000
v 47,000000 25,000000 30,285391
v 47,000000 26,868525 31,000000
v 47,815325 24,000000 32,000000
v 48,000000 24,000000 32,113484
v 48,000000 24,142528 32,000000
v 47,929476 27,000000 19,000000
v 47,000000 36,245717 19,000000
v 47,000000 27,000000 20,720501
v 48,000000 26,000000 19,925989
v 47,929476 26,000000 20,000000
v 48,000000 26,055856 20,000000
v 47,929476 28,000000 18,000000
v 47,000000 28,000000 -328,958883
v 47,000000 37,245717 18,000000
v 47,929476 27,000000 19,000000
v 48,000000 27,000000 19,140467
v 48,000000 27,055856 19,000000
v 47,862220 29,000000 29,000000
v 47,000000 31,292766 29,000000
v 47,000000 29,000000 30,625282
v 48,000000 28,000000 29,809784
v 47,862220 28,000000 30,000000
v 48,000000 28,426603 30,000000
v 47,862220 30,000000 28,000000
v 47,000000 30,000000 13,047146
v 47,000000 32,292766 28,000000
v 47,862220 29,000000 29,000000
v 48,000000 29,000000 29,160623
v 48,000000 29,426603 29,000000
v 48,000000 30,000000 31,140035
v 48,000000 28,932259 31,000000
v 47,306585 30,000000 31,000000
v 47,306585 29,000000 32,000000
v 47,000000 29,000000 31,944567
v 47,000000 29,069218 32,000000
v 47,611333 31,000000 26,000000
v 47,000000 32,224445 26,000000
v 47,000000 31,000000 27,348124
v 48,000000 30,000000 26,605226
v 47,611333 30,000000 27,000000
v 48,000000 30,471812 27,000000
v 48,000000 29,932259 30,000000
v 48,000000 31,000000 29,668725
v 47,306585 31,000000 30,000000
v 47,306585 30,000000 31,000000
v 47,000000 30,069218 31,000000
v 47,000000 30,000000 31,113970
v 47,795899 32,000000 23,000000
v 47,000000 32,500216 23,000000
v 47,000000 32,000000 23,347241
v 48,000000 31,000000 23,928946
v 47,795899 31,000000 24,000000
v 48,000000 31,094971 24,000000
v 47,611333 32,000000 25,000000
v 47,000000 32,000000 23,447008
v 47,000000 33,224445 25,000000
v 47,611333 31,000000 26,000000
v 48,000000 31,000000 26,432865
v 48,000000 31,471812 26,000000
v 48,000000 33,000000 20,650739
v 48,000000 35,347892 19,000000
v 47,015248 33,000000 19,000000
v 47,015248 32,000000 20,000000
v 47,000000 32,000000 19,985287
v 47,000000 32,023851 20,000000
v 47,795899 33,000000 22,000000
v 47,000000 33,000000 24,138318
v 47,000000 33,500216 22,000000
v 47,795899 32,000000 23,000000
v 48,000000 32,000000 23,477024
v 48,000000 32,094971 23,000000
v 48,000000 36,347892 18,000000
v 48,000000 34,000000 9,572307
v 47,015248 34,000000 18,000000
v 47,015248 33,000000 19,000000
v 47,000000 33,023851 19,000000
v 47,000000 33,000000 19,055328
v 49,000000 17,000000 30,232448
v 49,000000 21,606644 28,000000
v 48,059409 17,000000 28,000000
v 48,059409 16,000000 29,000000
v 48,000000 16,000000 28,927054
v 48,000000 16,285032 29,000000
v 49,000000 18,000000 23,928932
v 49,000000 20,167017 22,000000
v 48,137916 18,000000 22,000000
v 48,137916 17,000000 23,000000
v 48,000000 17,000000 22,598952
v 48,000000 17,191705 23,000000
v 49,000000 18,000000 27,937906
v 49,000000 18,967713 27,000000
v 48,250990 18,000000 27,000000
v 48,250990 17,000000 28,000000
v 48,000000 17,000000 27,703463
v 48,000000 17,343908 28,000000
v 48,059409 18,000000 27,000000
v 49,000000 22,606644 27,000000
v 49,000000 18,000000 34,967302
v 48,059409 17,000000 28,000000
v 48,000000 17,285032 28,000000
v 48,000000 17,000000 28,143638
v 49,000000 21,167017 21,000000
v 49,000000 19,000000 17,387831
v 48,137916 19,000000 21,000000
v 48,137916 18,000000 22,000000
v 48,000000 18,191705 22,000000
v 48,000000 18,000000 22,290117
v 49,000000 19,967713 26,000000
v 49,000000 19,000000 23,746283
v 48,250990 19,000000 26,000000
v 48,250990 18,000000 27,000000
v 48,000000 18,343908 27,000000
v 48,000000 18,000000 27,367971
v 49,000000 19,000000 30,980084
v 49,000000 22,564968 29,000000
v 48,207005 19,000000 29,000000
v 48,207005 18,000000 30,000000
v 48,000000 18,000000 29,736120
v 48,000000 18,176770 30,000000
v 49,000000 23,564968 28,000000
v 49,000000 20,000000 26,766828
v 48,207005 20,000000 28,000000
v 48,207005 19,000000 29,000000
v 48,000000 19,176770 29,000000
v 48,000000 19,000000 29,184017
v 49,000000 20,000000 33,667225
v 49,000000 22,803182 31,000000
v 48,167167 20,000000 31,000000
v 48,167167 19,000000 32,000000
v 48,000000 19,000000 31,666018
v 48,000000 19,318550 32,000000
v 49,000000 21,000000 30,643733
v 49,000000 22,625100 30,000000
v 48,151007 21,000000 30,000000
v 48,151007 20,000000 31,000000
v 48,000000 20,000000 30,878633
v 48,000000 20,213361 31,000000
v 48,167167 21,000000 30,000000
v 49,000000 23,803182 30,000000
v 49,000000 21,000000 90,279517
v 48,167167 20,000000 31,000000
v 48,000000 20,318550 31,000000
v 48,000000 20,000000 31,365507
v 49,000000 22,000000 19,448679
v 49,000000 23,993849 17,000000
v 48,192560 22,000000 17,000000
v 48,192560 21,000000 18,000000
v 48,000000 21,000000 17,711888
v 48,000000 21,292724 18,000000
v 49,000000 22,000000 21,324687
v 49,000000 22,738814 19,000000
v 48,187475 22,000000 19,000000
v 48,187475 21,000000 20,000000
v 48,000000 21,000000 19,548747
v 48,000000 21,134150 20,000000
v 48,999625 22,000000 22,000000
v 48,000000 23,434164 22,000000
v 48,000000 22,000000 16,978842
v 49,000000 21,000000 22,998504
v 48,999625 21,000000 23,000000
v 49,000000 21,000290 23,000000
v 48,656110 22,000000 27,000000
v 48,000000 22,400338 27,000000
v 48,000000 22,000000 27,513349
v 49,000000 21,000000 27,809698
v 48,656110 21,000000 28,000000
v 49,000000 21,287570 28,000000
v 49,000000 23,625100 29,000000
v 49,000000 22,000000 48,099610
v 48,151007 22,000000 29,000000
v 48,151007 21,000000 30,000000
v 48,000000 21,213361 30,000000
v 48,000000 21,000000 30,511818
v 49,000000 22,000000 35,894675
v 49,000000 177,545183 32,000000
v 48,000106 22,000000 32,000000
v 48,000106 21,000000 33,000000
v 48,000000 21,000000 32,999809
v 48,000000 21,000230 33,000000
v 49,000000 24,993849 16,000000
v 49,000000 23,000000 13,785742
v 48,192560 23,000000 16,000000
v 48,192560 22,000000 17,000000
v 48,000000 22,292724 17,000000
v 48,000000 22,000000 17,246653
v 49,000000 23,738814 18,000000
v 49,000000 23,000000 17,475265
v 48,187475 23,000000 18,000000
v 48,187475 22,000000 19,000000
v 48,000000 22,134150 19,000000
v 48,000000 22,000000 19,088634
v 48,999625 23,000000 21,000000
v 48,000000 23,000000 16,582796
v 48,000000 24,434164 21,000000
v 48,999625 22,000000 22,000000
v 49,000000 22,000000 22,001212
v 49,000000 22,000290 22,000000
v 48,656110 23,000000 26,000000
v 48,000000 23,000000 25,452288
v 48,000000 23,400338 26,000000
v 48,656110 22,000000 27,000000
v 49,000000 22,000000 27,200832
v 49,000000 22,287570 27,000000
v 49,000000 178,545183 31,000000
v 49,000000 23,000000 41,764084
v 48,000106 23,000000 31,000000
v 48,000106 22,000000 32,000000
v 48,000000 22,000230 32,000000
v 48,000000 22,000000 32,001976
v 49,000000 24,000000 36,503172
v 49,000000 27,875627 32,000000
v 48,131235 24,000000 32,000000
v 48,131235 23,000000 33,000000
v 48,000000 23,000000 32,322438
v 48,000000 23,142528 33,000000
v 49,000000 28,875627 31,000000
v 49,000000 25,000000 29,719877
v 48,131235 25,000000 31,000000
v 48,131235 24,000000 32,000000
v 48,000000 24,142528 32,000000
v 48,000000 24,000000 32,113484
v 48,766827 26,000000 22,000000
v 48,000000 26,847738 22,000000
v 48,000000 26,000000 22,631031
v 49,000000 25,000000 22,850773
v 48,766827 25,000000 23,000000
v 49,000000 25,159131 23,000000
v 49,000000 27,000000 19,948810
v 49,000000 31,840583 19,000000
v 48,104558 27,000000 19,000000
v 48,104558 26,000000 20,000000
v 48,000000 26,000000 19,925989
v 48,000000 26,055856 20,000000
v 48,766827 27,000000 21,000000
v 48,000000 27,000000 19,022298
v 48,000000 27,847738 21,000000
v 48,766827 26,000000 22,000000
v 49,000000 26,000000 22,340952
v 49,000000 26,159131 22,000000
v 49,000000 32,840583 18,000000
v 49,000000 28,000000 16,694683
v 48,104558 28,000000 18,000000
v 48,104558 27,000000 19,000000
v 48,000000 27,055856 19,000000
v 48,000000 27,000000 19,140467
v 49,000000 29,000000 30,062914
v 49,000000 31,060088 29,000000
v 48,229582 29,000000 29,000000
v 48,229582 28,000000 30,000000
v 48,000000 28,000000 29,809784
v 48,000000 28,426603 30,000000
v 49,000000 32,060088 28,000000
v 49,000000 30,000000 27,358974
v 48,229582 30,000000 28,000000
v 48,229582 29,000000 29,000000
v 48,000000 29,426603 29,000000
v 48,000000 29,000000 29,160623
v 49,000000 31,000000 27,004925
v 49,000000 31,914811 26,000000
v 48,441231 31,000000 26,000000
v 48,441231 30,000000 27,000000
v 48,000000 30,000000 26,605226
v 48,000000 30,471812 27,000000
v 49,000000 32,000000 24,747171
v 49,000000 34,649111 23,000000
v 48,069034 32,000000 23,000000
v 48,069034 31,000000 24,000000
v 48,000000 31,000000 23,928946
v 48,000000 31,094971 24,000000
v 49,000000 32,914811 25,000000
v 49,000000 32,000000 23,846054
v 48,441231 32,000000 25,000000
v 48,441231 31,000000 26,000000
v 48,000000 31,471812 26,000000
v 48,000000 31,000000 26,432865
v 49,000000 35,649111 22,000000
v 49,000000 33,000000 16,200308
v 48,069034 33,000000 22,000000
v 48,069034 32,000000 23,000000
v 48,000000 32,094971 23,000000
v 48,000000 32,000000 23,477024
f 1 2 3
f 4 5 6
f 7 8 9
f 10 11 12
f 13 14 15
f 16 17 18
f 19 20 21
f 22 23 24
f 25 26 27
f 28 29 30
f 31 32 33
f 34 35 36
f 37 38 39
f 40 41 42
f 43 44 45
f 46 47 48
f 49 50 51
f 52 53 54
f 55 56 57
f 58 59 60
f 61 62 63
f 64 65 66
f 67 68 69
f 70 71 72
f 73 74 75
f 76 77 78
f 79 80 81
f 82 83 84
f 85 86 87
f 88 89 90
f 91 92 93
f 94 95 96
f 97 98 99
f 100 101 102
f 103 104 105
f 106 107 108
f 109 110 111
f 112 113 114
f 115 116 117
f 118 119 120
f 121 122 123
f 124 125 126
f 127 128 129
f 130 131 132
f 133 134 135
f 136 137 138
f 139 140 141
f 142 143 144
f 145 146 147
f 148 149 150
f 151 152 153
f 154 155 156
f 157 158 159
f 160 161 162
f 163 164 165
f 166 167 168
f 169 170 171
f 172 173 174
f 175 176 177
f 178 179 180
f 181 182 183
f 184 185 186
f 187 188 189
f 190 191 192
f 193 194 195
f 196 197 198
f 199 200 201
f 202 203 204
f 205 206 207
f 208 209 210
f 211 212 213
f 214 215 216
f 217 218 219
f 220 221 222
f 223 224 225
f 226 227 228
f 229 230 231
f 232 233 234
f 235 236 237
f 238 239 240
f 241 242 243
f 244 245 246
f 247 248 249
f 250 251 252
f 253 254 255
f 256 257 258
f 259 260 261
f 262 263 264
f 265 266 267
f 268 269 270
f 271 272 273
f 274 275 276
f 277 278 279
f 280 281 282
f 283 284 285
f 286 287 288
f 289 290 291
f 292 293 294
f 295 296 297
f 298 299 300
f 301 302 303
f 304 305 306
f 307 308 309
f 310 311 312
f 313 314 315
f 316 317 318
f 319 320 321
f 322 323 324
f 325 326 327
f 328 329 330
f 331 332 333
f 334 335 336
f 337 338 339
f 340 341 342
f 343 344 345
f 346 347 348
f 349 350 351
f 352 353 354
f 355 356 357
f 358 359 360
f 361 362 363
f 364 365 366
f 367 368 369
f 370 371 372
f 373 374 375
f 376 377 378
f 379 380 381
f 382 383 384
f 385 386 387
f 388 389 390
f 391 392 393
f 394 395 396
f 397 398 399
f 400 401 402
f 403 404 405
f 406 407 408
f 409 410 411
f 412 413 414
f 415 416 417
f 418 419 420
f 421 422 423
f 424 425 426
f 427 428 429
f 430 431 432
f 433 434 435
f 436 437 438
f 439 440 441
f 442 443 444
f 445 446 447
f 448 449 450
f 451 452 453
f 454 455 456
f 457 458 459
f 460 461 462
f 463 464 465
f 466 467 468
f 469 470 471
f 472 473 474
f 475 476 477
f 478 479 480
f 481 482 483
f 484 485 486
f 487 488 489
f 490 491 492
f 493 494 495
f 496 497 498
f 499 500 501
f 502 503 504
f 505 506 507
f 508 509 510
f 511 512 513
f 514 515 516
f 517 518 519
f 520 521 522
f 523 524 525
f 526 527 528
f 529 530 531
f 532 533 534
f 535 536 537
f 538 539 540
f 541 542 543
f 544 545 546
f 547 548 549
f 550 551 552
f 553 554 555
f 556 557 558
f 559 560 561
f 562 563 564
f 565 566 567
f 568 569 570
f 571 572 573
f 574 575 576
f 577 578 579
f 580 581 582
f 583 584 585
f 586 587 588
f 589 590 591
f 592 593 594
f 595 596 597
f 598 599 600
f 601 602 603
f 604 605 606
f 607 608 609
f 610 611 612
f 613 614 615
f 616 617 618
f 619 620 621
f 622 623 624
f 625 626 627
f 628 629 630
f 631 632 633
f 634 635 636
f 637 638 639
f 640 641 642
f 643 644 645
f 646 647 648
f 649 650 651
f 652 653 654
f 655 656 657
f 658 659 660
f 661 662 663
f 664 665 666
f 667 668 669
f 670 671 672
f 673 674 675
f 676 677 678
f 679 680 681
f 682 683 684
f 685 686 687
f 688 689 690
f 691 692 693
f 694 695 696
f 697 698 699
f 700 701 702
f 703 704 705
f 706 707 708
f 709 710 711
f 712 713 714
f 715 716 717
f 718 719 720
f 721 722 723
f 724 725 726
f 727 728 729
f 730 731 732
f 733 734 735
f 736 737 738
f 739 740 741
f 742 743 744
f 745 746 747
f 748 749 750
f 751 752 753
f 754 755 756
f 757 758 759
f 760 761 762
f 763 764 765
f 766 767 768
f 769 770 771
f 772 773 774
f 775 776 777
f 778 779 780
f 781 782 783
f 784 785 786
f 787 788 789
f 790 791 792
f 793 794 795
f 796 797 798
f 799 800 801
f 802 803 804
f 805 806 807
f 808 809 810
f 811 812 813
f 814 815 816
f 817 818 819
f 820 821 822
f 823 824 825
f 826 827 828
f 829 830 831
f 832 833 834
f 835 836 837
f 838 839 840
f 841 842 843
f 844 845 846
f 847 848 849
f 850 851 852
f 853 854 855
f 856 857 858
f 859 860 861
f 862 863 864
f 865 866 867
f 868 869 870
f 871 872 873
f 874 875 876
f 877 878 879
f 880 881 882
f 883 884 885
f 886 887 888
f 889 890 891
f 892 893 894
f 895 896 897
f 898 899 900
f 901 902 903
f 904 905 906
f 907 908 909
f 910 911 912
f 913 914 915
f 916 917 918
f 919 920 921
f 922 923 924
f 925 926 927
f 928 929 930
f 931 932 933
f 934 935 936
f 937 938 939
f 940 941 942
f 943 944 945
f 946 947 948
f 949 950 951
f 952 953 954
f 955 956 957
f 958 959 960
f 961 962 963
f 964 965 966
f 967 968 969
f 970 971 972
f 973 974 975
f 976 977 978
f 979 980 981
f 982 983 984
f 985 986 987
f 988 989 990
f 991 992 993
f 994 995 996
f 997 998 999
f 1000 1001 1002
f 1003 1004 1005
f 1006 1007 1008
f 1009 1010 1011
f 1012 1013 1014
f 1015 1016 1017
f 1018 1019 1020
f 1021 1022 1023
f 1024 1025 1026
f 1027 1028 1029
f 1030 1031 1032
f 1033 1034 1035
f 1036 1037 1038
f 1039 1040 1041
f 1042 1043 1044
f 1045 1046 1047
f 1048 1049 1050
f 1051 1052 1053
f 1054 1055 1056
f 1057 1058 1059
f 1060 1061 1062
f 1063 1064 1065
f 1066 1067 1068
f 1069 1070 1071
f 1072 1073 1074
f 1075 1076 1077
f 1078 1079 1080
f 1081 1082 1083
f 1084 1085 1086
f 1087 1088 1089
f 1090 1091 1092
f 1093 1094 1095
f 1096 1097 1098
f 1099 1100 1101
f 1102 1103 1104
f 1105 1106 1107
f 1108 1109 1110
f 1111 1112 1113
f 1114 1115 1116
f 1117 1118 1119
f 1120 1121 1122
f 1123 1124 1125
f 1126 1127 1128
f 1129 1130 1131
f 1132 1133 1134
f 1135 1136 1137
f 1138 1139 1140
f 1141 1142 1143
f 1144 1145 1146
f 1147 1148 1149
f 1150 1151 1152
f 1153 1154 1155
f 1156 1157 1158
f 1159 1160 1161
f 1162 1163 1164
f 1165 1166 1167
f 1168 1169 1170
f 1171 1172 1173
f 1174 1175 1176
f 1177 1178 1179
f 1180 1181 1182
f 1183 1184 1185
f 1186 1187 1188
f 1189 1190 1191
f 1192 1193 1194
f 1195 1196 1197
f 1198 1199 1200
f 1201 1202 1203
f 1204 1205 1206
f 1207 1208 1209
f 1210 1211 1212
f 1213 1214 1215
f 1216 1217 1218
f 1219 1220 1221
f 1222 1223 1224
f 1225 1226 1227
f 1228 1229 1230
f 1231 1232 1233
f 1234 1235 1236
f 1237 1238 1239
f 1240 1241 1242
f 1243 1244 1245
f 1246 1247 1248
f 1249 1250 1251
f 1252 1253 1254
f 1255 1256 1257
f 1258 1259 1260
f 1261 1262 1263
f 1264 1265 1266
f 1267 1268 1269
f 1270 1271 1272
f 1273 1274 1275
f 1276 1277 1278
f 1279 1280 1281
f 1282 1283 1284
f 1285 1286 1287
f 1288 1289 1290
f 1291 1292 1293
f 1294 1295 1296
f 1297 1298 1299
f 1300 1301 1302
f 1303 1304 1305
f 1306 1307 1308
f 1309 1310 1311
f 1312 1313 1314
f 1315 1316 1317
f 1318 1319 1320
f 1321 1322 1323
f 1324 1325 1326
f 1327 1328 1329
f 1330 1331 1332
f 1333 1334 1335
f 1336 1337 1338
f 1339 1340 1341
f 1342 1343 1344
f 1345 1346 1347
f 1348 1349 1350
f 1351 1352 1353
f 1354 1355 1356
f 1357 1358 1359
f 1360 1361 1362
f 1363 1364 1365
f 1366 1367 1368
f 1369 1370 1371
f 1372 1373 1374
f 1375 1376 1377
f 1378 1379 1380
f 1381 1382 1383
f 1384 1385 1386
f 1387 1388 1389
f 1390 1391 1392
f 1393 1394 1395
f 1396 1397 1398
f 1399 1400 1401
f 1402 1403 1404
f 1405 1406 1407
f 1408 1409 1410
f 1411 1412 1413
f 1414 1415 1416
f 1417 1418 1419
f 1420 1421 1422
f 1423 1424 1425
f 1426 1427 1428
f 1429 1430 1431
f 1432 1433 1434
f 1435 1436 1437
f 1438 1439 1440
f 1441 1442 1443
f 1444 1445 1446
f 1447 1448 1449
f 1450 1451 1452
f 1453 1454 1455
f 1456 1457 1458
f 1459 1460 1461
f 1462 1463 1464
f 1465 1466 1467
f 1468 1469 1470
f 1471 1472 1473
f 1474 1475 1476
f 1477 1478 1479
f 1480 1481 1482
f 1483 1484 1485
f 1486 1487 1488
f 1489 1490 1491
f 1492 1493 1494
f 1495 1496 1497
f 1498 1499 1500
f 1501 1502 1503
f 1504 1505 1506
f 1507 1508 1509
f 1510 1511 1512
f 1513 1514 1515
f 1516 1517 1518
f 1519 1520 1521
f 1522 1523 1524
f 1525 1526 1527
f 1528 1529 1530
f 1531 1532 1533
f 1534 1535 1536
f 1537 1538 1539
f 1540 1541 1542
f 1543 1544 1545
f 1546 1547 1548
f 1549 1550 1551
f 1552 1553 1554
f 1555 1556 1557
f 1558 1559 1560
f 1561 1562 1563
f 1564 1565 1566
f 1567 1568 1569
f 1570 1571 1572
f 1573 1574 1575
f 1576 1577 1578
f 1579 1580 1581
f 1582 1583 1584
f 1585 1586 1587
f 1588 1589 1590
f 1591 1592 1593
f 1594 1595 1596
f 1597 1598 1599
f 1600 1601 1602
f 1603 1604 1605
f 1606 1607 1608
f 1609 1610 1611
f 1612 1613 1614
f 1615 1616 1617
f 1618 1619 1620
f 1621 1622 1623
f 1624 1625 1626
f 1627 1628 1629
f 1630 1631 1632
f 1633 1634 1635
f 1636 1637 1638
f 1639 1640 1641
f 1642 1643 1644
f 1645 1646 1647
f 1648 1649 1650
f 1651 1652 1653
f 1654 1655 1656
f 1657 1658 1659
f 1660 1661 1662
f 1663 1664 1665
f 1666 1667 1668
f 1669 1670 1671
f 1672 1673 1674
f 1675 1676 1677
f 1678 1679 1680
f 1681 1682 1683
f 1684 1685 1686
f 1687 1688 1689
f 1690 1691 1692
f 1693 1694 1695
f 1696 1697 1698
f 1699 1700 1701
f 1702 1703 1704
f 1705 1706 1707
f 1708 1709 1710
f 1711 1712 1713
f 1714 1715 1716
f 1717 1718 1719
f 1720 1721 1722
f 1723 1724 1725
f 1726 1727 1728
f 1729 1730 1731
f 1732 1733 1734
f 1735 1736 1737
f 1738 1739 1740
f 1741 1742 1743
f 1744 1745 1746
f 1747 1748 1749
f 1750 1751 1752
f 1753 1754 1755
f 1756 1757 1758
f 1759 1760 1761
f 1762 1763 1764
f 1765 1766 1767
f 1768 1769 1770
f 1771 1772 1773
f 1774 1775 1776
f 1777 1778 1779
f 1780 1781 1782
f 1783 1784 1785
f 1786 1787 1788
f 1789 1790 1791
f 1792 1793 1794
f 1795 1796 1797
f 1798 1799 1800
f 1801 1802 1803
f 1804 1805 1806
f 1807 1808 1809
f 1810 1811 1812
f 1813 1814 1815
f 1816 1817 1818
f 1819 1820 1821
f 1822 1823 1824
f 1825 1826 1827
f 1828 1829 1830
f 1831 1832 1833
f 1834 1835 1836
f 1837 1838 1839
f 1840 1841 1842
f 1843 1844 1845
f 1846 1847 1848
f 1849 1850 1851
f 1852 1853 1854
f 1855 1856 1857
f 1858 1859 1860
f 1861 1862 1863
f 1864 1865 1866
f 1867 1868 1869
f 1870 1871 1872
f 1873 1874 1875
f 1876 1877 1878
f 1879 1880 1881
f 1882 1883 1884
f 1885 1886 1887
f 1888 1889 1890
f 1891 1892 1893
f 1894 1895 1896
f 1897 1898 1899
f 1900 1901 1902
f 1903 1904 1905
f 1906 1907 1908
f 1909 1910 1911
f 1912 1913 1914
f 1915 1916 1917
f 1918 1919 1920
f 1921 1922 1923
f 1924 1925 1926
f 1927 1928 1929
f 1930 1931 1932
f 1933 1934 1935
f 1936 1937 1938
f 1939 1940 1941
f 1942 1943 1944
f 1945 1946 1947
f 1948 1949 1950
f 1951 1952 1953
f 1954 1955 1956
f 1957 1958 1959
f 1960 1961 1962
f 1963 1964 1965
f 1966 1967 1968
f 1969 1970 1971
f 1972 1973 1974
f 1975 1976 1977
f 1978 1979 1980
f 1981 1982 1983
f 1984 1985 1986
f 1987 1988 1989
f 1990 1991 1992
f 1993 1994 1995
f 1996 1997 1998
f 1999 2000 2001
f 2002 2003 2004
f 2005 2006 2007
f 2008 2009 2010
f 2011 2012 2013
f 2014 2015 2016
f 2017 2018 2019
f 2020 2021 2022
f 2023 2024 2025
f 2026 2027 2028
f 2029 2030 2031
f 2032 2033 2034
f 2035 2036 2037
f 2038 2039 2040
f 2041 2042 2043
f 2044 2045 2046
f 2047 2048 2049
f 2050 2051 2052
f 2053 2054 2055
f 2056 2057 2058
f 2059 2060 2061
f 2062 2063 2064
f 2065 2066 2067
f 2068 2069 2070
f 2071 2072 2073
f 2074 2075 2076
f 2077 2078 2079
f 2080 2081 2082
f 2083 2084 2085
f 2086 2087 2088
f 2089 2090 2091
f 2092 2093 2094
f 2095 2096 2097
f 2098 2099 2100
f 2101 2102 2103
f 2104 2105 2106
f 2107 2108 2109
f 2110 2111 2112
f 2113 2114 2115
f 2116 2117 2118
f 2119 2120 2121
f 2122 2123 2124
f 2125 2126 2127
f 2128 2129 2130
f 2131 2132 2133
f 2134 2135 2136
f 2137 2138 2139
f 2140 2141 2142
f 2143 2144 2145
f 2146 2147 2148
f 2149 2150 2151
f 2152 2153 2154
f 2155 2156 2157
f 2158 2159 2160
f 2161 2162 2163
f 2164 2165 2166
f 2167 2168 2169
f 2170 2171 2172
f 2173 2174 2175
f 2176 2177 2178
f 2179 2180 2181
f 2182 2183 2184
f 2185 2186 2187
f 2188 2189 2190
f 2191 2192 2193
f 2194 2195 2196
f 2197 2198 2199
f 2200 2201 2202
f 2203 2204 2205
f 2206 2207 2208
f 2209 2210 2211
f 2212 2213 2214
f 2215 2216 2217
f 2218 2219 2220
f 2221 2222 2223
f 2224 2225 2226
f 2227 2228 2229
f 2230 2231 2232
f 2233 2234 2235
f 2236 2237 2238
f 2239 2240 2241
f 2242 2243 2244
f 2245 2246 2247
f 2248 2249 2250
f 2251 2252 2253
f 2254 2255 2256
f 2257 2258 2259
f 2260 2261 2262
f 2263 2264 2265
f 2266 2267 2268
f 2269 2270 2271
f 2272 2273 2274
f 2275 2276 2277
f 2278 2279 2280
f 2281 2282 2283
f 2284 2285 2286
f 2287 2288 2289
f 2290 2291 2292
f 2293 2294 2295
f 2296 2297 2298
f 2299 2300 2301
f 2302 2303 2304
f 2305 2306 2307
f 2308 2309 2310
f 2311 2312 2313
f 2314 2315 2316
f 2317 2318 2319
f 2320 2321 2322
f 2323 2324 2325
f 2326 2327 2328
f 2329 2330 2331
f 2332 2333 2334
f 2335 2336 2337
f 2338 2339 2340
f 2341 2342 2343
f 2344 2345 2346
f 2347 2348 2349
f 2350 2351 2352
f 2353 2354 2355
f 2356 2357 2358
f 2359 2360 2361
f 2362 2363 2364
f 2365 2366 2367
f 2368 2369 2370
f 2371 2372 2373
f 2374 2375 2376
f 2377 2378 2379
f 2380 2381 2382
f 2383 2384 2385
f 2386 2387 2388
f 2389 2390 2391
f 2392 2393 2394
f 2395 2396 2397
f 2398 2399 2400
f 2401 2402 2403
f 2404 2405 2406
f 2407 2408 2409
f 2410 2411 2412
f 2413 2414 2415
f 2416 2417 2418
f 2419 2420 2421
f 2422 2423 2424
f 2425 2426 2427
f 2428 2429 2430
f 2431 2432 2433
f 2434 2435 2436
f 2437 2438 2439
f 2440 2441 2442
f 2443 2444 2445
f 2446 2447 2448
f 2449 2450 2451
f 2452 2453 2454
f 2455 2456 2457
f 2458 2459 2460
f 2461 2462 2463
f 2464 2465 2466
f 2467 2468 2469
f 2470 2471 2472
f 2473 2474 2475
f 2476 2477 2478
f 2479 2480 2481
f 2482 2483 2484
f 2485 2486 2487
f 2488 2489 2490
f 2491 2492 2493
f 2494 2495 2496
f 2497 2498 2499
f 2500 2501 2502
f 2503 2504 2505
f 2506 2507 2508
f 2509 2510 2511
f 2512 2513 2514
f 2515 2516 2517
f 2518 2519 2520
f 2521 2522 2523
f 2524 2525 2526
f 2527 2528 2529
f 2530 2531 2532
f 2533 2534 2535
f 2536 2537 2538
f 2539 2540 2541
f 2542 2543 2544
f 2545 2546 2547
f 2548 2549 2550
f 2551 2552 2553
f 2554 2555 2556
f 2557 2558 2559
f 2560 2561 2562
f 2563 2564 2565
f 2566 2567 2568
f 2569 2570 2571
f 2572 2573 2574
f 2575 2576 2577
f 2578 2579 2580
f 2581 2582 2583
f 2584 2585 2586
f 2587 2588 2589
f 2590 2591 2592
f 2593 2594 2595
f 2596 2597 2598
f 2599 2600 2601
f 2602 2603 2604
f 2605 2606 2607
f 2608 2609 2610
f 2611 2612 2613
f 2614 2615 2616
f 2617 2618 2619
f 2620 2621 2622
f 2623 2624 2625
f 2626 2627 2628
f 2629 2630 2631
f 2632 2633 2634
f 2635 2636 2637
f 2638 2639 2640
f 2641 2642 2643
f 2644 2645 2646
f 2647 2648 2649
f 2650 2651 2652
f 2653 2654 2655
f 2656 2657 2658
f 2659 2660 2661
f 2662 2663 2664
f 2665 2666 2667
f 2668 2669 2670
f 2671 2672 2673
f 2674 2675 2676
f 2677 2678 2679
f 2680 2681 2682
f 2683 2684 2685
f 2686 2687 2688
f 2689 2690 2691
f 2692 2693 2694
f 2695 2696 2697
f 2698 2699 2700
f 2701 2702 2703
f 2704 2705 2706
f 2707 2708 2709
f 2710 2711 2712
f 2713 2714 2715
f 2716 2717 2718
f 2719 2720 2721
f 2722 2723 2724
f 2725 2726 2727
f 2728 2729 2730
f 2731 2732 2733
f 2734 2735 2736
f 2737 2738 2739
f 2740 2741 2742
f 2743 2744 2745
f 2746 2747 2748
f 2749 2750 2751
f 2752 2753 2754
f 2755 2756 2757
f 2758 2759 2760
f 2761 2762 2763
f 2764 2765 2766
f 2767 2768 2769
f 2770 2771 2772
f 2773 2774 2775
f 2776 2777 2778
f 2779 2780 2781
f 2782 2783 2784
f 2785 2786 2787
f 2788 2789 2790
f 2791 2792 2793
f 2794 2795 2796
f 2797 2798 2799
f 2800 2801 2802
f 2803 2804 2805
f 2806 2807 2808
f 2809 2810 2811
f 2812 2813 2814
f 2815 2816 2817
f 2818 2819 2820
f 2821 2822 2823
f 2824 2825 2826
f 2827 2828 2829
f 2830 2831 2832
f 2833 2834 2835
f 2836 2837 2838
f 2839 2840 2841
f 2842 2843 2844
f 2845 2846 2847
f 2848 2849 2850
f 2851 2852 2853
f 2854 2855 2856
f 2857 2858 2859
f 2860 2861 2862
f 2863 2864 2865
f 2866 2867 2868
f 2869 2870 2871
f 2872 2873 2874
f 2875 2876 2877
f 2878 2879 2880
f 2881 2882 2883
f 2884 2885 2886
f 2887 2888 2889
f 2890 2891 2892
f 2893 2894 2895
f 2896 2897 2898
f 2899 2900 2901
f 2902 2903 2904
f 2905 2906 2907
f 2908 2909 2910
f 2911 2912 2913
f 2914 2915 2916
f 2917 2918 2919
f 2920 2921 2922
f 2923 2924 2925
f 2926 2927 2928
f 2929 2930 2931
f 2932 2933 2934
f 2935 2936 2937
f 2938 2939 2940
f 2941 2942 2943
f 2944 2945 2946
f 2947 2948 2949
f 2950 2951 2952
f 2953 2954 2955
f 2956 2957 2958
f 2959 2960 2961
f 2962 2963 2964
f 2965 2966 2967
f 2968 2969 2970
f 2971 2972 2973
f 2974 2975 2976
f 2977 2978 2979
f 2980 2981 2982
f 2983 2984 2985
f 2986 2987 2988
f 2989 2990 2991
f 2992 2993 2994
f 2995 2996 2997
f 2998 2999 3000
f 3001 3002 3003
f 3004 3005 3006
f 3007 3008 3009
f 3010 3011 3012
f 3013 3014 3015
f 3016 3017 3018
f 3019 3020 3021
f 3022 3023 3024
f 3025 3026 3027
f 3028 3029 3030
f 3031 3032 3033
f 3034 3035 3036
f 3037 3038 3039
f 3040 3041 3042
f 3043 3044 3045
f 3046 3047 3048
f 3049 3050 3051
f 3052 3053 3054
f 3055 3056 3057
f 3058 3059 3060
f 3061 3062 3063
f 3064 3065 3066
f 3067 3068 3069
f 3070 3071 3072
f 3073 3074 3075
f 3076 3077 3078
f 3079 3080 3081
f 3082 3083 3084
f 3085 3086 3087
f 3088 3089 3090
f 3091 3092 3093
f 3094 3095 3096
f 3097 3098 3099
f 3100 3101 3102
f 3103 3104 3105
f 3106 3107 3108
f 3109 3110 3111
f 3112 3113 3114
f 3115 3116 3117
f 3118 3119 3120
f 3121 3122 3123
f 3124 3125 3126
f 3127 3128 3129
f 3130 3131 3132
f 3133 3134 3135
f 3136 3137 3138
f 3139 3140 3141
f 3142 3143 3144
f 3145 3146 3147
f 3148 3149 3150
f 3151 3152 3153
f 3154 3155 3156
f 3157 3158 3159
f 3160 3161 3162
f 3163 3164 3165
f 3166 3167 3168
f 3169 3170 3171
f 3172 3173 3174
f 3175 3176 3177
f 3178 3179 3180
f 3181 3182 3183
f 3184 3185 3186
f 3187 3188 3189
f 3190 3191 3192
f 3193 3194 3195
f 3196 3197 3198
f 3199 3200 3201
f 3202 3203 3204
f 3205 3206 3207
f 3208 3209 3210
f 3211 3212 3213
f 3214 3215 3216
f 3217 3218 3219
f 3220 3221 3222
f 3223 3224 3225
f 3226 3227 3228
f 3229 3230 3231
f 3232 3233 3234
f 3235 3236 3237
f 3238 3239 3240
f 3241 3242 3243
f 3244 3245 3246
f 3247 3248 3249
f 3250 3251 3252
f 3253 3254 3255
f 3256 3257 3258
f 3259 3260 3261
f 3262 3263 3264
f 3265 3266 3267
f 3268 3269 3270
f 3271 3272 3273
f 3274 3275 3276
f 3277 3278 3279
f 3280 3281 3282
f 3283 3284 3285
f 3286 3287 3288
f 3289 3290 3291
f 3292 3293 3294
f 3295 3296 3297
f 3298 3299 3300
f 3301 3302 3303
f 3304 3305 3306
f 3307 3308 3309
f 3310 3311 3312
f 3313 3314 3315
f 3316 3317 3318
f 3319 3320 3321
f 3322 3323 3324
f 3325 3326 3327
f 3328 3329 3330
f 3331 3332 3333
f 3334 3335 3336
f 3337 3338 3339
f 3340 3341 3342
f 3343 3344 3345
f 3346 3347 3348
f 3349 3350 3351
f 3352 3353 3354
f 3355 3356 3357
f 3358 3359 3360
f 3361 3362 3363
f 3364 3365 3366
f 3367 3368 3369
f 3370 3371 3372
f 3373 3374 3375
f 3376 3377 3378
f 3379 3380 3381
f 3382 3383 3384
f 3385 3386 3387
f 3388 3389 3390
f 3391 3392 3393
f 3394 3395 3396
f 3397 3398 3399
f 3400 3401 3402
f 3403 3404 3405
f 3406 3407 3408
f 3409 3410 3411
f 3412 3413 3414
f 3415 3416 3417
f 3418 3419 3420
f 3421 3422 3423
f 3424 3425 3426
f 3427 3428 3429
f 3430 3431 3432
f 3433 3434 3435
f 3436 3437 3438
f 3439 3440 3441
f 3442 3443 3444
f 3445 3446 3447
f 3448 3449 3450
f 3451 3452 3453
f 3454 3455 3456
f 3457 3458 3459
f 3460 3461 3462
f 3463 3464 3465
f 3466 3467 3468
f 3469 3470 3471
f 3472 3473 3474
f 3475 3476 3477
f 3478 3479 3480
f 3481 3482 3483
f 3484 3485 3486
f 3487 3488 3489
f 3490 3491 3492
f 3493 3494 3495
f 3496 3497 3498
f 3499 3500 3501
f 3502 3503 3504
f 3505 3506 3507
f 3508 3509 3510
f 3511 3512 3513
f 3514 3515 3516
f 3517 3518 3519
f 3520 3521 3522
f 3523 3524 3525
f 3526 3527 3528
f 3529 3530 3531
f 3532 3533 3534
f 3535 3536 3537
f 3538 3539 3540
f 3541 3542 3543
f 3544 3545 3546
f 3547 3548 3549
f 3550 3551 3552
f 3553 3554 3555
f 3556 3557 3558
f 3559 3560 3561
f 3562 3563 3564
f 3565 3566 3567
f 3568 3569 3570
f 3571 3572 3573
f 3574 3575 3576
f 3577 3578 3579
f 3580 3581 3582
f 3583 3584 3585
f 3586 3587 3588
f 3589 3590 3591
f 3592 3593 3594
f 3595 3596 3597
f 3598 3599 3600
f 3601 3602 3603
f 3604 3605 3606
f 3607 3608 3609
f 3610 3611 3612
f 3613 3614 3615
f 3616 3617 3618
f 3619 3620 3621
f 3622 3623 3624
f 3625 3626 3627
f 3628 3629 3630
f 3631 3632 3633
f 3634 3635 3636
f 3637 3638 3639
f 3640 3641 3642
f 3643 3644 3645
f 3646 3647 3648
f 3649 3650 3651
f 3652 3653 3654
f 3655 3656 3657
f 3658 3659 3660
f 3661 3662 3663
f 3664 3665 3666
f 3667 3668 3669
f 3670 3671 3672
f 3673 3674 3675
f 3676 3677 3678
f 3679 3680 3681
f 3682 3683 3684
f 3685 3686 3687
f 3688 3689 3690
f 3691 3692 3693
f 3694 3695 3696
f 3697 3698 3699
f 3700 3701 3702
f 3703 3704 3705
f 3706 3707 3708
f 3709 3710 3711
f 3712 3713 3714
f 3715 3716 3717
f 3718 3719 3720
f 3721 3722 3723
f 3724 3725 3726
f 3727 3728 3729
f 3730 3731 3732
f 3733 3734 3735
f 3736 3737 3738
f 3739 3740 3741
f 3742 3743 3744
f 3745 3746 3747
f 3748 3749 3750
f 3751 3752 3753
f 3754 3755 3756
f 3757 3758 3759
f 3760 3761 3762
f 3763 3764 3765
f 3766 3767 3768
f 3769 3770 3771
f 3772 3773 3774
f 3775 3776 3777
f 3778 3779 3780
f 3781 3782 3783
f 3784 3785 3786
f 3787 3788 3789
f 3790 3791 3792
f 3793 3794 3795
f 3796 3797 3798
f 3799 3800 3801
f 3802 3803 3804
f 3805 3806 3807
f 3808 3809 3810
f 3811 3812 3813
f 3814 3815 3816
f 3817 3818 3819
f 3820 3821 3822
f 3823 3824 3825
f 3826 3827 3828
f 3829 3830 3831
f 3832 3833 3834
f 3835 3836 3837
f 3838 3839 3840
f 3841 3842 3843
f 3844 3845 3846
f 3847 3848 3849
f 3850 3851 3852
f 3853 3854 3855
f 3856 3857 3858
f 3859 3860 3861
f 3862 3863 3864
f 3865 3866 3867
f 3868 3869 3870
f 3871 3872 3873
f 3874 3875 3876
f 3877 3878 3879
f 3880 3881 3882
f 3883 3884 3885
f 3886 3887 3888
f 3889 3890 3891
f 3892 3893 3894
f 3895 3896 3897
f 3898 3899 3900
f 3901 3902 3903
f 3904 3905 3906
f 3907 3908 3909
f 3910 3911 3912
f 3913 3914 3915
f 3916 3917 3918
f 3919 3920 3921
f 3922 3923 3924
f 3925 3926 3927
f 3928 3929 3930
f 3931 3932 3933
f 3934 3935 3936
f 3937 3938 3939
f 3940 3941 3942
f 3943 3944 3945
f 3946 3947 3948
f 3949 3950 3951
f 3952 3953 3954
f 3955 3956 3957
f 3958 3959 3960
f 3961 3962 3963
f 3964 3965 3966
f 3967 3968 3969
f 3970 3971 3972
f 3973 3974 3975
f 3976 3977 3978
f 3979 3980 3981
f 3982 3983 3984
f 3985 3986 3987
f 3988 3989 3990
f 3991 3992 3993
f 3994 3995 3996
f 3997 3998 3999
f 4000 4001 4002
f 4003 4004 4005
f 4006 4007 4008
f 4009 4010 4011
f 4012 4013 4014
f 4015 4016 4017
f 4018 4019 4020
f 4021 4022 4023
f 4024 4025 4026
f 4027 4028 4029
f 4030 4031 4032
f 4033 4034 4035
f 4036 4037 4038
f 4039 4040 4041
f 4042 4043 4044
f 4045 4046 4047
f 4048 4049 4050
f 4051 4052 4053
f 4054 4055 4056
f 4057 4058 4059
f 4060 4061 4062
f 4063 4064 4065
f 4066 4067 4068
f 4069 4070 4071
f 4072 4073 4074
f 4075 4076 4077
f 4078 4079 4080
f 4081 4082 4083
f 4084 4085 4086
f 4087 4088 4089
f 4090 4091 4092
f 4093 4094 4095
f 4096 4097 4098
f 4099 4100 4101
f 4102 4103 4104
f 4105 4106 4107
f 4108 4109 4110
f 4111 4112 4113
f 4114 4115 4116
f 4117 4118 4119
f 4120 4121 4122
f 4123 4124 4125
f 4126 4127 4128
f 4129 4130 4131
f 4132 4133 4134
f 4135 4136 4137
f 4138 4139 4140
f 4141 4142 4143
f 4144 4145 4146
f 4147 4148 4149
f 4150 4151 4152
f 4153 4154 4155
f 4156 4157 4158
f 4159 4160 4161
f 4162 4163 4164
f 4165 4166 4167
f 4168 4169 4170
f 4171 4172 4173
f 4174 4175 4176
f 4177 4178 4179
f 4180 4181 4182
f 4183 4184 4185
f 4186 4187 4188
f 4189 4190 4191
f 4192 4193 4194
f 4195 4196 4197
f 4198 4199 4200
f 4201 4202 4203
f 4204 4205 4206
f 4207 4208 4209
f 4210 4211 4212
f 4213 4214 4215
f 4216 4217 4218
f 4219 4220 4221
f 4222 4223 4224
f 4225 4226 4227
f 4228 4229 4230
f 4231 4232 4233
f 4234 4235 4236
f 4237 4238 4239
f 4240 4241 4242
f 4243 4244 4245
f 4246 4247 4248
f 4249 4250 4251
f 4252 4253 4254
f 4255 4256 4257
f 4258 4259 4260
f 4261 4262 4263
f 4264 4265 4266
f 4267 4268 4269
f 4270 4271 4272
f 4273 4274 4275
f 4276 4277 4278
f 4279 4280 4281
f 4282 4283 4284
f 4285 4286 4287
f 4288 4289 4290
f 4291 4292 4293
f 4294 4295 4296
f 4297 4298 4299
f 4300 4301 4302
f 4303 4304 4305
f 4306 4307 4308
f 4309 4310 4311
f 4312 4313 4314
f 4315 4316 4317
f 4318 4319 4320
f 4321 4322 4323
f 4324 4325 4326
f 4327 4328 4329
f 4330 4331 4332
f 4333 4334 4335
f 4336 4337 4338
f 4339 4340 4341
f 4342 4343 4344
f 4345 4346 4347
f 4348 4349 4350
f 4351 4352 4353
f 4354 4355 4356
f 4357 4358 4359
f 4360 4361 4362
f 4363 4364 4365
f 4366 4367 4368
f 4369 4370 4371
f 4372 4373 4374
f 4375 4376 4377
f 4378 4379 4380
f 4381 4382 4383
f 4384 4385 4386
f 4387 4388 4389
f 4390 4391 4392
f 4393 4394 4395
f 4396 4397 4398
f 4399 4400 4401
f 4402 4403 4404
f 4405 4406 4407
f 4408 4409 4410
f 4411 4412 4413
f 4414 4415 4416
f 4417 4418 4419
f 4420 4421 4422
f 4423 4424 4425
f 4426 4427 4428
f 4429 4430 4431
f 4432 4433 4434
f 4435 4436 4437
f 4438 4439 4440
f 4441 4442 4443
f 4444 4445 4446
f 4447 4448 4449
f 4450 4451 4452
f 4453 4454 4455
f 4456 4457 4458
f 4459 4460 4461
f 4462 4463 4464
f 4465 4466 4467
f 4468 4469 4470
f 4471 4472 4473
f 4474 4475 4476
f 4477 4478 4479
f 4480 4481 4482
f 4483 4484 4485
f 4486 4487 4488
f 4489 4490 4491
f 4492 4493 4494
f 4495 4496 4497
f 4498 4499 4500
f 4501 4502 4503
f 4504 4505 4506
f 4507 4508 4509
f 4510 4511 4512
f 4513 4514 4515
f 4516 4517 4518
f 4519 4520 4521
f 4522 4523 4524
f 4525 4526 4527
f 4528 4529 4530
f 4531 4532 4533
f 4534 4535 4536
f 4537 4538 4539
f 4540 4541 4542
f 4543 4544 4545
f 4546 4547 4548
f 4549 4550 4551
f 4552 4553 4554
f 4555 4556 4557
f 4558 4559 4560
f 4561 4562 4563
f 4564 4565 4566
f 4567 4568 4569
f 4570 4571 4572
f 4573 4574 4575
f 4576 4577 4578
f 4579 4580 4581
f 4582 4583 4584
f 4585 4586 4587
f 4588 4589 4590
f 4591 4592 4593
f 4594 4595 4596
f 4597 4598 4599
f 4600 4601 4602
f 4603 4604 4605
f 4606 4607 4608
f 4609 4610 4611
f 4612 4613 4614
f 4615 4616 4617
f 4618 4619 4620
f 4621 4622 4623
f 4624 4625 4626
f 4627 4628 4629
f 4630 4631 4632
f 4633 4634 4635
f 4636 4637 4638
f 4639 4640 4641
f 4642 4643 4644
f 4645 4646 4647
f 4648 4649 4650
f 4651 4652 4653
f 4654 4655 4656
f 4657 4658 4659
f 4660 4661 4662
f 4663 4664 4665
f 4666 4667 4668
f 4669 4670 4671
f 4672 4673 4674
f 4675 4676 4677
f 4678 4679 4680
f 4681 4682 4683
f 4684 4685 4686
f 4687 4688 4689
f 4690 4691 4692
f 4693 4694 4695
f 4696 4697 4698
f 4699 4700 4701
f 4702 4703 4704
f 4705 4706 4707
f 4708 4709 4710
f 4711 4712 4713
f 4714 4715 4716
f 4717 4718 4719
f 4720 4721 4722
f 4723 4724 4725
f 4726 4727 4728
f 4729 4730 4731
f 4732 4733 4734
f 4735 4736 4737
f 4738 4739 4740
f 4741 4742 4743
f 4744 4745 4746
f 4747 4748 4749
f 4750 4751 4752
f 4753 4754 4755
f 4756 4757 4758
f 4759 4760 4761
f 4762 4763 4764
f 4765 4766 4767
f 4768 4769 4770
f 4771 4772 4773
f 4774 4775 4776
f 4777 4778 4779
f 4780 4781 4782
f 4783 4784 4785
f 4786 4787 4788
f 4789 4790 4791
f 4792 4793 4794
f 4795 4796 4797
f 4798 4799 4800
f 4801 4802 4803
f 4804 4805 4806
f 4807 4808 4809
f 4810 4811 4812
f 4813 4814 4815
f 4816 4817 4818
f 4819 4820 4821
f 4822 4823 4824
f 4825 4826 4827
f 4828 4829 4830
f 4831 4832 4833
f 4834 4835 4836
f 4837 4838 4839
f 4840 4841 4842
f 4843 4844 4845
f 4846 4847 4848
f 4849 4850 4851
f 4852 4853 4854
f 4855 4856 4857
f 4858 4859 4860
f 4861 4862 4863
f 4864 4865 4866
f 4867 4868 4869
f 4870 4871 4872
f 4873 4874 4875
f 4876 4877 4878
f 4879 4880 4881
f 4882 4883 4884
f 4885 4886 4887
f 4888 4889 4890
f 4891 4892 4893
f 4894 4895 4896
f 4897 4898 4899
f 4900 4901 4902
f 4903 4904 4905
f 4906 4907 4908
f 4909 4910 4911
f 4912 4913 4914
f 4915 4916 4917
f 4918 4919 4920
f 4921 4922 4923
f 4924 4925 4926
f 4927 4928 4929
f 4930 4931 4932
f 4933 4934 4935
f 4936 4937 4938
f 4939 4940 4941
f 4942 4943 4944
f 4945 4946 4947
f 4948 4949 4950
f 4951 4952 4953
f 4954 4955 4956
f 4957 4958 4959
f 4960 4961 4962
f 4963 4964 4965
f 4966 4967 4968
f 4969 4970 4971
f 4972 4973 4974
f 4975 4976 4977
f 4978 4979 4980
f 4981 4982 4983
f 4984 4985 4986
f 4987 4988 4989
f 4990 4991 4992
f 4993 4994 4995
f 4996 4997 4998
f 4999 5000 5001
f 5002 5003 5004
f 5005 5006 5007
f 5008 5009 5010
f 5011 5012 5013
f 5014 5015 5016
f 5017 5018 5019
f 5020 5021 5022
f 5023 5024 5025
f 5026 5027 5028
f 5029 5030 5031
f 5032 5033 5034
f 5035 5036 5037
f 5038 5039 5040
f 5041 5042 5043
f 5044 5045 5046
f 5047 5048 5049
f 5050 5051 5052
f 5053 5054 5055
f 5056 5057 5058
f 5059 5060 5061
f 5062 5063 5064
f 5065 5066 5067
f 5068 5069 5070
f 5071 5072 5073
f 5074 5075 5076
f 5077 5078 5079
f 5080 5081 5082
f 5083 5084 5085
f 5086 5087 5088
f 5089 5090 5091
f 5092 5093 5094
f 5095 5096 5097
f 5098 5099 5100
f 5101 5102 5103
f 5104 5105 5106
f 5107 5108 5109
f 5110 5111 5112
f 5113 5114 5115
f 5116 5117 5118
f 5119 5120 5121
f 5122 5123 5124
f 5125 5126 5127
f 5128 5129 5130
f 5131 5132 5133
f 5134 5135 5136
f 5137 5138 5139
f 5140 5141 5142
f 5143 5144 5145
f 5146 5147 5148
f 5149 5150 5151
f 5152 5153 5154
f 5155 5156 5157
f 5158 5159 5160
f 5161 5162 5163
f 5164 5165 5166
f 5167 5168 5169
f 5170 5171 5172
f 5173 5174 5175
f 5176 5177 5178
f 5179 5180 5181
f 5182 5183 5184
f 5185 5186 5187
f 5188 5189 5190
f 5191 5192 5193
f 5194 5195 5196
f 5197 5198 5199
f 5200 5201 5202
f 5203 5204 5205
f 5206 5207 5208
f 5209 5210 5211
f 5212 5213 5214
f 5215 5216 5217
f 5218 5219 5220
f 5221 5222 5223
f 5224 5225 5226
f 5227 5228 5229
f 5230 5231 5232
f 5233 5234 5235
f 5236 5237 5238
f 5239 5240 5241
f 5242 5243 5244
f 5245 5246 5247
f 5248 5249 5250
f 5251 5252 5253
f 5254 5255 5256
f 5257 5258 5259
f 5260 5261 5262
f 5263 5264 5265
f 5266 5267 5268
f 5269 5270 5271
f 5272 5273 5274
f 5275 5276 5277
f 5278 5279 5280
f 5281 5282 5283
f 5284 5285 5286
f 5287 5288 5289
f 5290 5291 5292
f 5293 5294 5295
f 5296 5297 5298
f 5299 5300 5301
f 5302 5303 5304
f 5305 5306 5307
f 5308 5309 5310
f 5311 5312 5313
f 5314 5315 5316
f 5317 5318 5319
f 5320 5321 5322
f 5323 5324 5325
f 5326 5327 5328
f 5329 5330 5331
f 5332 5333 5334
f 5335 5336 5337
f 5338 5339 5340
f 5341 5342 5343
f 5344 5345 5346
f 5347 5348 5349
f 5350 5351 5352
f 5353 5354 5355
f 5356 5357 5358
f 5359 5360 5361
f 5362 5363 5364
f 5365 5366 5367
f 5368 5369 5370
f 5371 5372 5373
f 5374 5375 5376
f 5377 5378 5379
f 5380 5381 5382
f 5383 5384 5385
f 5386 5387 5388
f 5389 5390 5391
f 5392 5393 5394
f 5395 5396 5397
f 5398 5399 5400
f 5401 5402 5403
f 5404 5405 5406
f 5407 5408 5409
f 5410 5411 5412
f 5413 5414 5415
f 5416 5417 5418
f 5419 5420 5421
f 5422 5423 5424
f 5425 5426 5427
f 5428 5429 5430
f 5431 5432 5433
f 5434 5435 5436
f 5437 5438 5439
f 5440 5441 5442
f 5443 5444 5445
f 5446 5447 5448
f 5449 5450 5451
f 5452 5453 5454
f 5455 5456 5457
f 5458 5459 5460
f 5461 5462 5463
f 5464 5465 5466
f 5467 5468 5469
f 5470 5471 5472
f 5473 5474 5475
f 5476 5477 5478
f 5479 5480 5481
f 5482 5483 5484
f 5485 5486 5487
f 5488 5489 5490
f 5491 5492 5493
f 5494 5495 5496
f 5497 5498 5499
f 5500 5501 5502
f 5503 5504 5505
f 5506 5507 5508
f 5509 5510 5511
f 5512 5513 5514
f 5515 5516 5517
f 5518 5519 5520
f 5521 5522 5523
f 5524 5525 5526
f 5527 5528 5529
f 5530 5531 5532
f 5533 5534 5535
f 5536 5537 5538
f 5539 5540 5541
f 5542 5543 5544
f 5545 5546 5547
f 5548 5549 5550
f 5551 5552 5553
f 5554 5555 5556
f 5557 5558 5559
f 5560 5561 5562
f 5563 5564 5565
f 5566 5567 5568
f 5569 5570 5571
f 5572 5573 5574
f 5575 5576 5577
f 5578 5579 5580
f 5581 5582 5583
f 5584 5585 5586
f 5587 5588 5589
f 5590 5591 5592
f 5593 5594 5595
f 5596 5597 5598
f 5599 5600 5601
f 5602 5603 5604
f 5605 5606 5607
f 5608 5609 5610
f 5611 5612 5613
f 5614 5615 5616
f 5617 5618 5619
f 5620 5621 5622
f 5623 5624 5625
f 5626 5627 5628
f 5629 5630 5631
f 5632 5633 5634
f 5635 5636 5637
f 5638 5639 5640
f 5641 5642 5643
f 5644 5645 5646
f 5647 5648 5649
f 5650 5651 5652
f 5653 5654 5655
f 5656 5657 5658
f 5659 5660 5661
f 5662 5663 5664
f 5665 5666 5667
f 5668 5669 5670
f 5671 5672 5673
f 5674 5675 5676
f 5677 5678 5679
f 5680 5681 5682
f 5683 5684 5685
f 5686 5687 5688
f 5689 5690 5691
f 5692 5693 5694
f 5695 5696 5697
f 5698 5699 5700
f 5701 5702 5703
f 5704 5705 5706
f 5707 5708 5709
f 5710 5711 5712
f 5713 5714 5715
f 5716 5717 5718
f 5719 5720 5721
f 5722 5723 5724
f 5725 5726 5727
f 5728 5729 5730
f 5731 5732 5733
f 5734 5735 5736
f 5737 5738 5739
f 5740 5741 5742
f 5743 5744 5745
f 5746 5747 5748
f 5749 5750 5751
f 5752 5753 5754
f 5755 5756 5757
f 5758 5759 5760
f 5761 5762 5763
f 5764 5765 5766
f 5767 5768 5769
f 5770 5771 5772
f 5773 5774 5775
f 5776 5777 5778
f 5779 5780 5781
f 5782 5783 5784
f 5785 5786 5787
f 5788 5789 5790
f 5791 5792 5793
f 5794 5795 5796
f 5797 5798 5799
f 5800 5801 5802
f 5803 5804 5805
f 5806 5807 5808
f 5809 5810 5811
f 5812 5813 5814
f 5815 5816 5817
f 5818 5819 5820
f 5821 5822 5823
f 5824 5825 5826
f 5827 5828 5829
f 5830 5831 5832
f 5833 5834 5835
f 5836 5837 5838
f 5839 5840 5841
f 5842 5843 5844
f 5845 5846 5847
f 5848 5849 5850
f 5851 5852 5853
f 5854 5855 5856
f 5857 5858 5859
f 5860 5861 5862
f 5863 5864 5865
f 5866 5867 5868
f 5869 5870 5871
f 5872 5873 5874
f 5875 5876 5877
f 5878 5879 5880
f 5881 5882 5883
f 5884 5885 5886
f 5887 5888 5889
f 5890 5891 5892
f 5893 5894 5895
f 5896 5897 5898
f 5899 5900 5901
f 5902 5903 5904
f 5905 5906 5907
f 5908 5909 5910
f 5911 5912 5913
f 5914 5915 5916
f 5917 5918 5919
f 5920 5921 5922
f 5923 5924 5925
f 5926 5927 5928
f 5929 5930 5931
f 5932 5933 5934
f 5935 5936 5937
f 5938 5939 5940
f 5941 5942 5943
f 5944 5945 5946
f 5947 5948 5949
f 5950 5951 5952
f 5953 5954 5955
f 5956 5957 5958
f 5959 5960 5961
f 5962 5963 5964
f 5965 5966 5967
f 5968 5969 5970
f 5971 5972 5973
f 5974 5975 5976
f 5977 5978 5979
f 5980 5981 5982
f 5983 5984 5985
f 5986 5987 5988
f 5989 5990 5991
f 5992 5993 5994
f 5995 5996 5997
f 5998 5999 6000
f 6001 6002 6003
f 6004 6005 6006
f 6007 6008 6009
f 6010 6011 6012
f 6013 6014 6015
f 6016 6017 6018
f 6019 6020 6021
f 6022 6023 6024
f 6025 6026 6027
f 6028 6029 6030
f 6031 6032 6033
f 6034 6035 6036
f 6037 6038 6039
f 6040 6041 6042
f 6043 6044 6045
f 6046 6047 6048
f 6049 6050 6051
f 6052 6053 6054
f 6055 6056 6057
f 6058 6059 6060
f 6061 6062 6063
f 6064 6065 6066
f 6067 6068 6069
f 6070 6071 6072
f 6073 6074 6075
f 6076 6077 6078
f 6079 6080 6081
f 6082 6083 6084
f 6085 6086 6087
f 6088 6089 6090
f 6091 6092 6093
f 6094 6095 6096
f 6097 6098 6099
f 6100 6101 6102
f 6103 6104 6105
f 6106 6107 6108
f 6109 6110 6111
f 6112 6113 6114
f 6115 6116 6117
f 6118 6119 6120
f 6121 6122 6123
f 6124 6125 6126
f 6127 6128 6129
f 6130 6131 6132
f 6133 6134 6135
f 6136 6137 6138
f 6139 6140 6141
f 6142 6143 6144
f 6145 6146 6147
f 6148 6149 6150
f 6151 6152 6153
f 6154 6155 6156
f 6157 6158 6159
f 6160 6161 6162
f 6163 6164 6165
f 6166 6167 6168
f 6169 6170 6171
f 6172 6173 6174
f 6175 6176 6177
f 6178 6179 6180
f 6181 6182 6183
f 6184 6185 6186
f 6187 6188 6189
f 6190 6191 6192
f 6193 6194 6195
f 6196 6197 6198
f 6199 6200 6201
f 6202 6203 6204
f 6205 6206 6207
f 6208 6209 6210
f 6211 6212 6213
f 6214 6215 6216
f 6217 6218 6219
f 6220 6221 6222
f 6223 6224 6225
f 6226 6227 6228
f 6229 6230 6231
f 6232 6233 6234
f 6235 6236 6237
f 6238 6239 6240
f 6241 6242 6243
f 6244 6245 6246
f 6247 6248 6249
f 6250 6251 6252
f 6253 6254 6255
f 6256 6257 6258
f 6259 6260 6261
f 6262 6263 6264
f 6265 6266 6267
f 6268 6269 6270
f 6271 6272 6273
f 6274 6275 6276
f 6277 6278 6279
f 6280 6281 6282
f 6283 6284 6285
f 6286 6287 6288
f 6289 6290 6291
f 6292 6293 6294
f 6295 6296 6297
f 6298 6299 6300
f 6301 6302 6303
f 6304 6305 6306
f 6307 6308 6309
f 6310 6311 6312
f 6313 6314 6315
f 6316 6317 6318
f 6319 6320 6321
f 6322 6323 6324
f 6325 6326 6327
f 6328 6329 6330
f 6331 6332 6333
f 6334 6335 6336
f 6337 6338 6339
f 6340 6341 6342
f 6343 6344 6345
f 6346 6347 6348
f 6349 6350 6351
f 6352 6353 6354
f 6355 6356 6357
f 6358 6359 6360
f 6361 6362 6363
f 6364 6365 6366
f 6367 6368 6369
f 6370 6371 6372
f 6373 6374 6375
f 6376 6377 6378
f 6379 6380 6381
f 6382 6383 6384
f 6385 6386 6387
f 6388 6389 6390
f 6391 6392 6393
f 6394 6395 6396
f 6397 6398 6399
f 6400 6401 6402
f 6403 6404 6405
f 6406 6407 6408
f 6409 6410 6411
f 6412 6413 6414
f 6415 6416 6417
f 6418 6419 6420
f 6421 6422 6423
f 6424 6425 6426
f 6427 6428 6429
f 6430 6431 6432
f 6433 6434 6435
f 6436 6437 6438
f 6439 6440 6441
f 6442 6443 6444
f 6445 6446 6447
f 6448 6449 6450
f 6451 6452 6453
f 6454 6455 6456
f 6457 6458 6459
f 6460 6461 6462
f 6463 6464 6465
f 6466 6467 6468
f 6469 6470 6471
f 6472 6473 6474
f 6475 6476 6477
f 6478 6479 6480
f 6481 6482 6483
f 6484 6485 6486
f 6487 6488 6489
f 6490 6491 6492
f 6493 6494 6495
f 6496 6497 6498
f 6499 6500 6501
f 6502 6503 6504
f 6505 6506 6507
f 6508 6509 6510
f 6511 6512 6513
f 6514 6515 6516
f 6517 6518 6519
f 6520 6521 6522
f 6523 6524 6525
f 6526 6527 6528
f 6529 6530 6531
f 6532 6533 6534
f 6535 6536 6537
f 6538 6539 6540
f 6541 6542 6543
f 6544 6545 6546
f 6547 6548 6549
f 6550 6551 6552
f 6553 6554 6555
f 6556 6557 6558
f 6559 6560 6561
f 6562 6563 6564
f 6565 6566 6567
f 6568 6569 6570
f 6571 6572 6573
f 6574 6575 6576
f 6577 6578 6579
f 6580 6581 6582
f 6583 6584 6585
f 6586 6587 6588
f 6589 6590 6591
f 6592 6593 6594
f 6595 6596 6597
f 6598 6599 6600
f 6601 6602 6603
f 6604 6605 6606
f 6607 6608 6609
f 6610 6611 6612
f 6613 6614 6615
f 6616 6617 6618
f 6619 6620 6621
f 6622 6623 6624
f 6625 6626 6627
f 6628 6629 6630
f 6631 6632 6633
f 6634 6635 6636
f 6637 6638 6639
f 6640 6641 6642
f 6643 6644 6645
f 6646 6647 6648
f 6649 6650 6651
f 6652 6653 6654
f 6655 6656 6657
f 6658 6659 6660
f 6661 6662 6663
f 6664 6665 6666
f 6667 6668 6669
f 6670 6671 6672
f 6673 6674 6675
f 6676 6677 6678
f 6679 6680 6681
f 6682 6683 6684
f 6685 6686 6687
f 6688 6689 6690
f 6691 6692 6693
f 6694 6695 6696
f 6697 6698 6699
f 6700 6701 6702
f 6703 6704 6705
f 6706 6707 6708
f 6709 6710 6711
f 6712 6713 6714
f 6715 6716 6717
f 6718 6719 6720
f 6721 6722 6723
f 6724 6725 6726
f 6727 6728 6729
f 6730 6731 6732
f 6733 6734 6735
f 6736 6737 6738
f 6739 6740 6741
f 6742 6743 6744
f 6745 6746 6747
f 6748 6749 6750
f 6751 6752 6753
f 6754 6755 6756
f 6757 6758 6759
f 6760 6761 6762
f 6763 6764 6765
f 6766 6767 6768
f 6769 6770 6771
f 6772 6773 6774
f 6775 6776 6777
f 6778 6779 6780
f 6781 6782 6783
f 6784 6785 6786
f 6787 6788 6789
f 6790 6791 6792
f 6793 6794 6795
f 6796 6797 6798
f 6799 6800 6801
f 6802 6803 6804
f 6805 6806 6807
f 6808 6809 6810
f 6811 6812 6813
f 6814 6815 6816
f 6817 6818 6819
f 6820 6821 6822
f 6823 6824 6825
f 6826 6827 6828
f 6829 6830 6831
f 6832 6833 6834
f 6835 6836 6837
f 6838 6839 6840
f 6841 6842 6843
f 6844 6845 6846
f 6847 6848 6849
f 6850 6851 6852
f 6853 6854 6855
f 6856 6857 6858
f 6859 6860 6861
f 6862 6863 6864
f 6865 6866 6867
f 6868 6869 6870
f 6871 6872 6873
f 6874 6875 6876
f 6877 6878 6879
f 6880 6881 6882
f 6883 6884 6885
f 6886 6887 6888
f 6889 6890 6891
f 6892 6893 6894
f 6895 6896 6897
f 6898 6899 6900
f 6901 6902 6903
f 6904 6905 6906
f 6907 6908 6909
f 6910 6911 6912
f 6913 6914 6915
f 6916 6917 6918
f 6919 6920 6921
f 6922 6923 6924
f 6925 6926 6927
f 6928 6929 6930
f 6931 6932 6933
f 6934 6935 6936
f 6937 6938 6939
f 6940 6941 6942
f 6943 6944 6945
f 6946 6947 6948
f 6949 6950 6951
f 6952 6953 6954
f 6955 6956 6957
f 6958 6959 6960
f 6961 6962 6963
f 6964 6965 6966
f 6967 6968 6969
f 6970 6971 6972
f 6973 6974 6975
f 6976 6977 6978
f 6979 6980 6981
f 6982 6983 6984
f 6985 6986 6987
f 6988 6989 6990
f 6991 6992 6993
f 6994 6995 6996
f 6997 6998 6999
f 7000 7001 7002
f 7003 7004 7005
f 7006 7007 7008
f 7009 7010 7011
f 7012 7013 7014
f 7015 7016 7017
f 7018 7019 7020
f 7021 7022 7023
f 7024 7025 7026
f 7027 7028 7029
f 7030 7031 7032
f 7033 7034 7035
f 7036 7037 7038
f 7039 7040 7041
f 7042 7043 7044
f 7045 7046 7047
f 7048 7049 7050
f 7051 7052 7053
f 7054 7055 7056
f 7057 7058 7059
f 7060 7061 7062
f 7063 7064 7065
f 7066 7067 7068
f 7069 7070 7071
f 7072 7073 7074
f 7075 7076 7077
f 7078 7079 7080
f 7081 7082 7083
f 7084 7085 7086
f 7087 7088 7089
f 7090 7091 7092
f 7093 7094 7095
f 7096 7097 7098
f 7099 7100 7101
f 7102 7103 7104
f 7105 7106 7107
f 7108 7109 7110
f 7111 7112 7113
f 7114 7115 7116
f 7117 7118 7119
f 7120 7121 7122
f 7123 7124 7125
f 7126 7127 7128
f 7129 7130 7131
f 7132 7133 7134
f 7135 7136 7137
f 7138 7139 7140
f 7141 7142 7143
f 7144 7145 7146
f 7147 7148 7149
f 7150 7151 7152
f 7153 7154 7155
f 7156 7157 7158
f 7159 7160 7161
f 7162 7163 7164
f 7165 7166 7167
f 7168 7169 7170
f 7171 7172 7173
f 7174 7175 7176
f 7177 7178 7179
f 7180 7181 7182
f 7183 7184 7185
f 7186 7187 7188
f 7189 7190 7191
f 7192 7193 7194
f 7195 7196 7197
f 7198 7199 7200
f 7201 7202 7203
f 7204 7205 7206
f 7207 7208 7209
f 7210 7211 7212
f 7213 7214 7215
f 7216 7217 7218
f 7219 7220 7221
f 7222 7223 7224
f 7225 7226 7227
f 7228 7229 7230
f 7231 7232 7233
f 7234 7235 7236
f 7237 7238 7239
f 7240 7241 7242
f 7243 7244 7245
f 7246 7247 7248
f 7249 7250 7251
f 7252 7253 7254
f 7255 7256 7257
f 7258 7259 7260
f 7261 7262 7263
f 7264 7265 7266
f 7267 7268 7269
f 7270 7271 7272
f 7273 7274 7275
f 7276 7277 7278
f 7279 7280 7281
f 7282 7283 7284
f 7285 7286 7287
f 7288 7289 7290
f 7291 7292 7293
f 7294 7295 7296
f 7297 7298 7299
f 7300 7301 7302
f 7303 7304 7305
f 7306 7307 7308
f 7309 7310 7311
f 7312 7313 7314
f 7315 7316 7317
f 7318 7319 7320
f 7321 7322 7323
f 7324 7325 7326
f 7327 7328 7329
f 7330 7331 7332
f 7333 7334 7335
f 7336 7337 7338
f 7339 7340 7341
f 7342 7343 7344
f 7345 7346 7347
f 7348 7349 7350
f 7351 7352 7353
f 7354 7355 7356
f 7357 7358 7359
f 7360 7361 7362
f 7363 7364 7365
f 7366 7367 7368
f 7369 7370 7371
f 7372 7373 7374
f 7375 7376 7377
f 7378 7379 7380
f 7381 7382 7383
f 7384 7385 7386
f 7387 7388 7389
f 7390 7391 7392
f 7393 7394 7395
f 7396 7397 7398
f 7399 7400 7401
f 7402 7403 7404
f 7405 7406 7407
f 7408 7409 7410
f 7411 7412 7413
f 7414 7415 7416
f 7417 7418 7419
f 7420 7421 7422
f 7423 7424 7425
f 7426 7427 7428
f 7429 7430 7431
f 7432 7433 7434
f 7435 7436 7437
f 7438 7439 7440
f 7441 7442 7443
f 7444 7445 7446
f 7447 7448 7449
f 7450 7451 7452
f 7453 7454 7455
f 7456 7457 7458
f 7459 7460 7461
f 7462 7463 7464
f 7465 7466 7467
f 7468 7469 7470
f 7471 7472 7473
f 7474 7475 7476
f 7477 7478 7479
f 7480 7481 7482
f 7483 7484 7485
f 7486 7487 7488
f 7489 7490 7491
f 7492 7493 7494
f 7495 7496 7497
f 7498 7499 7500
f 7501 7502 7503
f 7504 7505 7506
f 7507 7508 7509
f 7510 7511 7512
f 7513 7514 7515
f 7516 7517 7518
f 7519 7520 7521
f 7522 7523 7524
f 7525 7526 7527
f 7528 7529 7530
f 7531 7532 7533
f 7534 7535 7536
f 7537 7538 7539
f 7540 7541 7542
f 7543 7544 7545
f 7546 7547 7548
f 7549 7550 7551
f 7552 7553 7554
f 7555 7556 7557
f 7558 7559 7560
f 7561 7562 7563
f 7564 7565 7566
f 7567 7568 7569
f 7570 7571 7572
f 7573 7574 7575
f 7576 7577 7578
f 7579 7580 7581
f 7582 7583 7584
f 7585 7586 7587
f 7588 7589 7590
f 7591 7592 7593
f 7594 7595 7596
f 7597 7598 7599
f 7600 7601 7602
f 7603 7604 7605
f 7606 7607 7608
f 7609 7610 7611
f 7612 7613 7614
f 7615 7616 7617
f 7618 7619 7620
f 7621 7622 7623
f 7624 7625 7626
f 7627 7628 7629
f 7630 7631 7632
f 7633 7634 7635
f 7636 7637 7638
f 7639 7640 7641
f 7642 7643 7644
f 7645 7646 7647
f 7648 7649 7650
f 7651 7652 7653
f 7654 7655 7656
f 7657 7658 7659
f 7660 7661 7662
f 7663 7664 7665
f 7666 7667 7668
f 7669 7670 7671
f 7672 7673 7674
f 7675 7676 7677
f 7678 7679 7680
f 7681 7682 7683
f 7684 7685 7686
f 7687 7688 7689
f 7690 7691 7692
f 7693 7694 7695
f 7696 7697 7698
f 7699 7700 7701
f 7702 7703 7704
f 7705 7706 7707
f 7708 7709 7710
f 7711 7712 7713
f 7714 7715 7716
f 7717 7718 7719
f 7720 7721 7722
f 7723 7724 7725
f 7726 7727 7728
f 7729 7730 7731
f 7732 7733 7734
f 7735 7736 7737
f 7738 7739 7740
f 7741 7742 7743
f 7744 7745 7746
f 7747 7748 7749
f 7750 7751 7752
f 7753 7754 7755
f 7756 7757 7758
f 7759 7760 7761
f 7762 7763 7764
f 7765 7766 7767
f 7768 7769 7770
f 7771 7772 7773
f 7774 7775 7776
f 7777 7778 7779
f 7780 7781 7782
f 7783 7784 7785
f 7786 7787 7788
f 7789 7790 7791
f 7792 7793 7794
f 7795 7796 7797
f 7798 7799 7800
f 7801 7802 7803
f 7804 7805 7806
f 7807 7808 7809
f 7810 7811 7812
f 7813 7814 7815
f 7816 7817 7818
f 7819 7820 7821
f 7822 7823 7824
f 7825 7826 7827
f 7828 7829 7830
f 7831 7832 7833
f 7834 7835 7836
f 7837 7838 7839
f 7840 7841 7842
f 7843 7844 7845
f 7846 7847 7848
f 7849 7850 7851
f 7852 7853 7854
f 7855 7856 7857
f 7858 7859 7860
f 7861 7862 7863
f 7864 7865 7866
f 7867 7868 7869
f 7870 7871 7872
f 7873 7874 7875
f 7876 7877 7878
f 7879 7880 7881
f 7882 7883 7884
f 7885 7886 7887
f 7888 7889 7890
f 7891 7892 7893
f 7894 7895 7896
f 7897 7898 7899
f 7900 7901 7902
f 7903 7904 7905
f 7906 7907 7908
f 7909 7910 7911
f 7912 7913 7914
f 7915 7916 7917
f 7918 7919 7920
f 7921 7922 7923
f 7924 7925 7926
f 7927 7928 7929
f 7930 7931 7932
f 7933 7934 7935
f 7936 7937 7938
f 7939 7940 7941
f 7942 7943 7944
f 7945 7946 7947
f 7948 7949 7950
f 7951 7952 7953
f 7954 7955 7956
f 7957 7958 7959
f 7960 7961 7962
f 7963 7964 7965
f 7966 7967 7968
f 7969 7970 7971
f 7972 7973 7974
f 7975 7976 7977
f 7978 7979 7980
f 7981 7982 7983
f 7984 7985 7986
f 7987 7988 7989
f 7990 7991 7992
f 7993 7994 7995
f 7996 7997 7998
f 7999 8000 8001
f 8002 8003 8004
f 8005 8006 8007
f 8008 8009 8010
f 8011 8012 8013
f 8014 8015 8016
f 8017 8018 8019
f 8020 8021 8022
f 8023 8024 8025
f 8026 8027 8028
f 8029 8030 8031
f 8032 8033 8034
f 8035 8036 8037
f 8038 8039 8040
f 8041 8042 8043
f 8044 8045 8046
f 8047 8048 8049
f 8050 8051 8052
f 8053 8054 8055
f 8056 8057 8058
f 8059 8060 8061
f 8062 8063 8064
f 8065 8066 8067
f 8068 8069 8070
f 8071 8072 8073
f 8074 8075 8076
f 8077 8078 8079
f 8080 8081 8082
f 8083 8084 8085
f 8086 8087 8088
f 8089 8090 8091
f 8092 8093 8094
f 8095 8096 8097
f 8098 8099 8100
f 8101 8102 8103
f 8104 8105 8106
f 8107 8108 8109
f 8110 8111 8112
f 8113 8114 8115
f 8116 8117 8118
f 8119 8120 8121
f 8122 8123 8124
f 8125 8126 8127
f 8128 8129 8130
f 8131 8132 8133
f 8134 8135 8136
f 8137 8138 8139
f 8140 8141 8142
f 8143 8144 8145
f 8146 8147 8148
f 8149 8150 8151
f 8152 8153 8154
f 8155 8156 8157
f 8158 8159 8160
f 8161 8162 8163
f 8164 8165 8166
f 8167 8168 8169
f 8170 8171 8172
f 8173 8174 8175
f 8176 8177 8178
f 8179 8180 8181
f 8182 8183 8184
f 8185 8186 8187
f 8188 8189 8190
f 8191 8192 8193
f 8194 8195 8196
f 8197 8198 8199
f 8200 8201 8202
f 8203 8204 8205
f 8206 8207 8208
f 8209 8210 8211
f 8212 8213 8214
f 8215 8216 8217
f 8218 8219 8220
f 8221 8222 8223
f 8224 8225 8226
f 8227 8228 8229
f 8230 8231 8232
f 8233 8234 8235
f 8236 8237 8238
f 8239 8240 8241
f 8242 8243 8244
f 8245 8246 8247
f 8248 8249 8250
f 8251 8252 8253
f 8254 8255 8256
f 8257 8258 8259
f 8260 8261 8262
f 8263 8264 8265
f 8266 8267 8268
f 8269 8270 8271
f 8272 8273 8274
f 8275 8276 8277
f 8278 8279 8280
f 8281 8282 8283
f 8284 8285 8286
f 8287 8288 8289
f 8290 8291 8292
f 8293 8294 8295
f 8296 8297 8298
f 8299 8300 8301
f 8302 8303 8304
f 8305 8306 8307
f 8308 8309 8310
f 8311 8312 8313
f 8314 8315 8316
f 8317 8318 8319
f 8320 8321 8322
f 8323 8324 8325
f 8326 8327 8328
f 8329 8330 8331
f 8332 8333 8334
f 8335 8336 8337
f 8338 8339 8340
f 8341 8342 8343
f 8344 8345 8346
f 8347 8348 8349
f 8350 8351 8352
f 8353 8354 8355
f 8356 8357 8358
f 8359 8360 8361
f 8362 8363 8364
f 8365 8366 8367
f 8368 8369 8370
f 8371 8372 8373
f 8374 8375 8376
f 8377 8378 8379
f 8380 8381 8382
f 8383 8384 8385
f 8386 8387 8388
f 8389 8390 8391
f 8392 8393 8394
f 8395 8396 8397
f 8398 8399 8400
f 8401 8402 8403
f 8404 8405 8406
f 8407 8408 8409
f 8410 8411 8412
f 8413 8414 8415
f 8416 8417 8418
f 8419 8420 8421
f 8422 8423 8424
f 8425 8426 8427
f 8428 8429 8430
f 8431 8432 8433
f 8434 8435 8436
f 8437 8438 8439
f 8440 8441 8442
f 8443 8444 8445
f 8446 8447 8448
f 8449 8450 8451
f 8452 8453 8454
f 8455 8456 8457
f 8458 8459 8460
f 8461 8462 8463
f 8464 8465 8466
f 8467 8468 8469
f 8470 8471 8472
f 8473 8474 8475
f 8476 8477 8478
f 8479 8480 8481
f 8482 8483 8484
f 8485 8486 8487
f 8488 8489 8490
f 8491 8492 8493
f 8494 8495 8496
f 8497 8498 8499
f 8500 8501 8502
f 8503 8504 8505
f 8506 8507 8508
f 8509 8510 8511
f 8512 8513 8514
f 8515 8516 8517
f 8518 8519 8520
f 8521 8522 8523
f 8524 8525 8526
f 8527 8528 8529
f 8530 8531 8532
f 8533 8534 8535
f 8536 8537 8538
f 8539 8540 8541
f 8542 8543 8544
f 8545 8546 8547
f 8548 8549 8550
f 8551 8552 8553
f 8554 8555 8556
f 8557 8558 8559
f 8560 8561 8562
f 8563 8564 8565
f 8566 8567 8568
f 8569 8570 8571
f 8572 8573 8574
f 8575 8576 8577
f 8578 8579 8580
f 8581 8582 8583
f 8584 8585 8586
f 8587 8588 8589
f 8590 8591 8592
f 8593 8594 8595
f 8596 8597 8598
f 8599 8600 8601
f 8602 8603 8604
f 8605 8606 8607
f 8608 8609 8610
f 8611 8612 8613
f 8614 8615 8616
f 8617 8618 8619
f 8620 8621 8622
f 8623 8624 8625
f 8626 8627 8628
f 8629 8630 8631
f 8632 8633 8634
f 8635 8636 8637
f 8638 8639 8640
f 8641 8642 8643
f 8644 8645 8646
f 8647 8648 8649
f 8650 8651 8652
f 8653 8654 8655
f 8656 8657 8658
f 8659 8660 8661
f 8662 8663 8664
f 8665 8666 8667
f 8668 8669 8670
f 8671 8672 8673
f 8674 8675 8676
f 8677 8678 8679
f 8680 8681 8682
f 8683 8684 8685
f 8686 8687 8688
f 8689 8690 8691
f 8692 8693 8694
f 8695 8696 8697
f 8698 8699 8700
f 8701 8702 8703
f 8704 8705 8706
f 8707 8708 8709
f 8710 8711 8712
f 8713 8714 8715
f 8716 8717 8718
f 8719 8720 8721
f 8722 8723 8724
f 8725 8726 8727
f 8728 8729 8730
f 8731 8732 8733
f 8734 8735 8736
f 8737 8738 8739
f 8740 8741 8742
f 8743 8744 8745
f 8746 8747 8748
f 8749 8750 8751
f 8752 8753 8754
f 8755 8756 8757
f 8758 8759 8760
f 8761 8762 8763
f 8764 8765 8766
f 8767 8768 8769
f 8770 8771 8772
f 8773 8774 8775
f 8776 8777 8778
f 8779 8780 8781
f 8782 8783 8784
f 8785 8786 8787
f 8788 8789 8790
f 8791 8792 8793
f 8794 8795 8796
f 8797 8798 8799
f 8800 8801 8802
f 8803 8804 8805
f 8806 8807 8808
f 8809 8810 8811
f 8812 8813 8814
f 8815 8816 8817
f 8818 8819 8820
f 8821 8822 8823
f 8824 8825 8826
f 8827 8828 8829
f 8830 8831 8832
f 8833 8834 8835
f 8836 8837 8838
f 8839 8840 8841
f 8842 8843 8844
f 8845 8846 8847
f 8848 8849 8850
f 8851 8852 8853
f 8854 8855 8856
f 8857 8858 8859
f 8860 8861 8862
f 8863 8864 8865
f 8866 8867 8868
f 8869 8870 8871
f 8872 8873 8874
f 8875 8876 8877
f 8878 8879 8880
f 8881 8882 8883
f 8884 8885 8886
f 8887 8888 8889
f 8890 8891 8892
f 8893 8894 8895
f 8896 8897 8898
f 8899 8900 8901
f 8902 8903 8904
f 8905 8906 8907
f 8908 8909 8910
f 8911 8912 8913
f 8914 8915 8916
f 8917 8918 8919
f 8920 8921 8922
f 8923 8924 8925
f 8926 8927 8928
f 8929 8930 8931
f 8932 8933 8934
f 8935 8936 8937
f 8938 8939 8940
f 8941 8942 8943
f 8944 8945 8946
f 8947 8948 8949
f 8950 8951 8952
f 8953 8954 8955
f 8956 8957 8958
f 8959 8960 8961
f 8962 8963 8964
f 8965 8966 8967
f 8968 8969 8970
f 8971 8972 8973
f 8974 8975 8976
f 8977 8978 8979
f 8980 8981 8982
f 8983 8984 8985
f 8986 8987 8988
f 8989 8990 8991
f 8992 8993 8994
f 8995 8996 8997
f 8998 8999 9000
f 9001 9002 9003
f 9004 9005 9006
f 9007 9008 9009
f 9010 9011 9012
f 9013 9014 9015
f 9016 9017 9018
f 9019 9020 9021
f 9022 9023 9024
f 9025 9026 9027
f 9028 9029 9030
f 9031 9032 9033
f 9034 9035 9036
f 9037 9038 9039
f 9040 9041 9042
f 9043 9044 9045
f 9046 9047 9048
f 9049 9050 9051
f 9052 9053 9054
f 9055 9056 9057
f 9058 9059 9060
f 9061 9062 9063
f 9064 9065 9066
f 9067 9068 9069
f 9070 9071 9072
f 9073 9074 9075
f 9076 9077 9078
f 9079 9080 9081
f 9082 9083 9084
f 9085 9086 9087
f 9088 9089 9090
f 9091 9092 9093
f 9094 9095 9096
f 9097 9098 9099
f 9100 9101 9102
f 9103 9104 9105
f 9106 9107 9108
f 9109 9110 9111
f 9112 9113 9114
f 9115 9116 9117
f 9118 9119 9120
f 9121 9122 9123
f 9124 9125 9126
f 9127 9128 9129
f 9130 9131 9132
f 9133 9134 9135
f 9136 9137 9138
f 9139 9140 9141
f 9142 9143 9144
f 9145 9146 9147
f 9148 9149 9150
f 9151 9152 9153
f 9154 9155 9156
f 9157 9158 9159
f 9160 9161 9162
f 9163 9164 9165
f 9166 9167 9168
f 9169 9170 9171
f 9172 9173 9174
f 9175 9176 9177
f 9178 9179 9180
f 9181 9182 9183
f 9184 9185 9186
f 9187 9188 9189
f 9190 9191 9192
f 9193 9194 9195
f 9196 9197 9198
f 9199 9200 9201
f 9202 9203 9204
f 9205 9206 9207
f 9208 9209 9210
f 9211 9212 9213
f 9214 9215 9216
f 9217 9218 9219
f 9220 9221 9222
f 9223 9224 9225
f 9226 9227 9228
f 9229 9230 9231
f 9232 9233 9234
f 9235 9236 9237
f 9238 9239 9240
f 9241 9242 9243
f 9244 9245 9246
f 9247 9248 9249
f 9250 9251 9252
f 9253 9254 9255
f 9256 9257 9258
f 9259 9260 9261
f 9262 9263 9264
f 9265 9266 9267
f 9268 9269 9270
f 9271 9272 9273
f 9274 9275 9276
f 9277 9278 9279
f 9280 9281 9282
f 9283 9284 9285
f 9286 9287 9288
f 9289 9290 9291
f 9292 9293 9294
f 9295 9296 9297
f 9298 9299 9300
f 9301 9302 9303
f 9304 9305 9306
f 9307 9308 9309
f 9310 9311 9312
f 9313 9314 9315
f 9316 9317 9318
f 9319 9320 9321
f 9322 9323 9324
f 9325 9326 9327
f 9328 9329 9330
f 9331 9332 9333
f 9334 9335 9336
f 9337 9338 9339
f 9340 9341 9342
f 9343 9344 9345
f 9346 9347 9348
f 9349 9350 9351
f 9352 9353 9354
f 9355 9356 9357
f 9358 9359 9360
f 9361 9362 9363
f 9364 9365 9366
f 9367 9368 9369
f 9370 9371 9372
f 9373 9374 9375
f 9376 9377 9378
f 9379 9380 9381
f 9382 9383 9384
f 9385 9386 9387
f 9388 9389 9390
f 9391 9392 9393
f 9394 9395 9396
f 9397 9398 9399
f 9400 9401 9402
f 9403 9404 9405
f 9406 9407 9408
f 9409 9410 9411
f 9412 9413 9414
f 9415 9416 9417
f 9418 9419 9420
f 9421 9422 9423
f 9424 9425 9426
f 9427 9428 9429
f 9430 9431 9432
f 9433 9434 9435
f 9436 9437 9438
f 9439 9440 9441
f 9442 9443 9444
f 9445 9446 9447
f 9448 9449 9450
f 9451 9452 9453
f 9454 9455 9456
f 9457 9458 9459
f 9460 9461 9462
f 9463 9464 9465
f 9466 9467 9468
f 9469 9470 9471
f 9472 9473 9474
f 9475 9476 9477
f 9478 9479 9480
f 9481 9482 9483
f 9484 9485 9486
f 9487 9488 9489
f 9490 9491 9492
f 9493 9494 9495
f 9496 9497 9498
f 9499 9500 9501
f 9502 9503 9504
f 9505 9506 9507
f 9508 9509 9510
f 9511 9512 9513
f 9514 9515 9516
f 9517 9518 9519
f 9520 9521 9522
f 9523 9524 9525
f 9526 9527 9528
f 9529 9530 9531
f 9532 9533 9534
f 9535 9536 9537
f 9538 9539 9540
f 9541 9542 9543
f 9544 9545 9546
f 9547 9548 9549
f 9550 9551 9552
f 9553 9554 9555
f 9556 9557 9558
f 9559 9560 9561
f 9562 9563 9564
f 9565 9566 9567
f 9568 9569 9570
f 9571 9572 9573
f 9574 9575 9576
f 9577 9578 9579
f 9580 9581 9582
f 9583 9584 9585
f 9586 9587 9588
f 9589 9590 9591
f 9592 9593 9594
f 9595 9596 9597
f 9598 9599 9600
f 9601 9602 9603
f 9604 9605 9606
f 9607 9608 9609
f 9610 9611 9612
f 9613 9614 9615
f 9616 9617 9618
f 9619 9620 9621
f 9622 9623 9624
f 9625 9626 9627
f 9628 9629 9630
f 9631 9632 9633
f 9634 9635 9636
f 9637 9638 9639
f 9640 9641 9642
f 9643 9644 9645
f 9646 9647 9648
f 9649 9650 9651
f 9652 9653 9654
f 9655 9656 9657
f 9658 9659 9660
f 9661 9662 9663
f 9664 9665 9666
f 9667 9668 9669
f 9670 9671 9672
f 9673 9674 9675
f 9676 9677 9678
f 9679 9680 9681
f 9682 9683 9684
f 9685 9686 9687
f 9688 9689 9690
f 9691 9692 9693
f 9694 9695 9696
f 9697 9698 9699
f 9700 9701 9702
f 9703 9704 9705
f 9706 9707 9708
f 9709 9710 9711
f 9712 9713 9714
f 9715 9716 9717
f 9718 9719 9720
f 9721 9722 9723
f 9724 9725 9726
f 9727 9728 9729
f 9730 9731 9732
f 9733 9734 9735
f 9736 9737 9738
f 9739 9740 9741
f 9742 9743 9744
f 9745 9746 9747
f 9748 9749 9750
f 9751 9752 9753
f 9754 9755 9756
f 9757 9758 9759
f 9760 9761 9762
f 9763 9764 9765
f 9766 9767 9768
f 9769 9770 9771
f 9772 9773 9774
f 9775 9776 9777
f 9778 9779 9780
f 9781 9782 9783
f 9784 9785 9786
f 9787 9788 9789
f 9790 9791 9792
f 9793 9794 9795
f 9796 9797 9798
f 9799 9800 9801
f 9802 9803 9804
f 9805 9806 9807
f 9808 9809 9810
f 9811 9812 9813
f 9814 9815 9816
f 9817 9818 9819
f 9820 9821 9822
f 9823 9824 9825
f 9826 9827 9828
f 9829 9830 9831
f 9832 9833 9834
f 9835 9836 9837
f 9838 9839 9840
f 9841 9842 9843
f 9844 9845 9846
f 9847 9848 9849
f 9850 9851 9852
f 9853 9854 9855
f 9856 9857 9858
f 9859 9860 9861
f 9862 9863 9864
f 9865 9866 9867
f 9868 9869 9870
f 9871 9872 9873
f 9874 9875 9876
f 9877 9878 9879
f 9880 9881 9882
f 9883 9884 9885
f 9886 9887 9888
f 9889 9890 9891
f 9892 9893 9894
f 9895 9896 9897
f 9898 9899 9900
f 9901 9902 9903
f 9904 9905 9906
f 9907 9908 9909
f 9910 9911 9912
f 9913 9914 9915
f 9916 9917 9918
f 9919 9920 9921
f 9922 9923 9924
f 9925 9926 9927
f 9928 9929 9930
f 9931 9932 9933
f 9934 9935 9936
f 9937 9938 9939
f 9940 9941 9942
f 9943 9944 9945
f 9946 9947 9948
f 9949 9950 9951
f 9952 9953 9954
f 9955 9956 9957
f 9958 9959 9960
f 9961 9962 9963
f 9964 9965 9966
f 9967 9968 9969
f 9970 9971 9972
f 9973 9974 9975
f 9976 9977 9978
f 9979 9980 9981
f 9982 9983 9984
f 9985 9986 9987
f 9988 9989 9990
f 9991 9992 9993
f 9994 9995 9996
f 9997 9998 9999
f 10000 10001 10002
f 10003 10004 10005
f 10006 10007 10008
f 10009 10010 10011
f 10012 10013 10014
f 10015 10016 10017
f 10018 10019 10020
f 10021 10022 10023
f 10024 10025 10026
f 10027 10028 10029
f 10030 10031 10032
f 10033 10034 10035
f 10036 10037 10038
f 10039 10040 10041
f 10042 10043 10044
f 10045 10046 10047
f 10048 10049 10050
f 10051 10052 10053
f 10054 10055 10056
f 10057 10058 10059
f 10060 10061 10062
f 10063 10064 10065
f 10066 10067 10068
f 10069 10070 10071
f 10072 10073 10074
f 10075 10076 10077
f 10078 10079 10080
f 10081 10082 10083
f 10084 10085 10086
f 10087 10088 10089
f 10090 10091 10092
f 10093 10094 10095
f 10096 10097 10098
f 10099 10100 10101
f 10102 10103 10104
f 10105 10106 10107
f 10108 10109 10110
f 10111 10112 10113
f 10114 10115 10116
f 10117 10118 10119
f 10120 10121 10122
f 10123 10124 10125
f 10126 10127 10128
f 10129 10130 10131
f 10132 10133 10134
f 10135 10136 10137
f 10138 10139 10140
f 10141 10142 10143
f 10144 10145 10146
f 10147 10148 10149
f 10150 10151 10152
f 10153 10154 10155
f 10156 10157 10158
f 10159 10160 10161
f 10162 10163 10164
f 10165 10166 10167
f 10168 10169 10170
f 10171 10172 10173
f 10174 10175 10176
f 10177 10178 10179
f 10180 10181 10182
f 10183 10184 10185
f 10186 10187 10188
f 10189 10190 10191
f 10192 10193 10194
f 10195 10196 10197
f 10198 10199 10200
f 10201 10202 10203
f 10204 10205 10206
f 10207 10208 10209
f 10210 10211 10212
f 10213 10214 10215
f 10216 10217 10218
f 10219 10220 10221
f 10222 10223 10224
f 10225 10226 10227
f 10228 10229 10230
f 10231 10232 10233
f 10234 10235 10236
f 10237 10238 10239
f 10240 10241 10242
f 10243 10244 10245
f 10246 10247 10248
f 10249 10250 10251
f 10252 10253 10254
f 10255 10256 10257
f 10258 10259 10260
f 10261 10262 10263
f 10264 10265 10266
f 10267 10268 10269
f 10270 10271 10272
f 10273 10274 10275
f 10276 10277 10278
f 10279 10280 10281
f 10282 10283 10284
f 10285 10286 10287
f 10288 10289 10290
f 10291 10292 10293
f 10294 10295 10296
f 10297 10298 10299
f 10300 10301 10302
f 10303 10304 10305
f 10306 10307 10308
f 10309 10310 10311
f 10312 10313 10314
f 10315 10316 10317
f 10318 10319 10320
f 10321 10322 10323
f 10324 10325 10326
f 10327 10328 10329
f 10330 10331 10332
f 10333 10334 10335
f 10336 10337 10338
f 10339 10340 10341
f 10342 10343 10344
f 10345 10346 10347
f 10348 10349 10350
f 10351 10352 10353
f 10354 10355 10356
f 10357 10358 10359
f 10360 10361 10362
f 10363 10364 10365
f 10366 10367 10368
f 10369 10370 10371
f 10372 10373 10374
f 10375 10376 10377
f 10378 10379 10380
f 10381 10382 10383
f 10384 10385 10386
f 10387 10388 10389
f 10390 10391 10392
f 10393 10394 10395
f 10396 10397 10398
f 10399 10400 10401
f 10402 10403 10404
f 10405 10406 10407
f 10408 10409 10410
f 10411 10412 10413
f 10414 10415 10416
f 10417 10418 10419
f 10420 10421 10422
f 10423 10424 10425
f 10426 10427 10428
f 10429 10430 10431
f 10432 10433 10434
f 10435 10436 10437
f 10438 10439 10440
f 10441 10442 10443
f 10444 10445 10446
f 10447 10448 10449
f 10450 10451 10452
f 10453 10454 10455
f 10456 10457 10458
f 10459 10460 10461
f 10462 10463 10464
f 10465 10466 10467
f 10468 10469 10470
f 10471 10472 10473
f 10474 10475 10476
f 10477 10478 10479
f 10480 10481 10482
f 10483 10484 10485
f 10486 10487 10488
f 10489 10490 10491
f 10492 10493 10494
f 10495 10496 10497
f 10498 10499 10500
f 10501 10502 10503
f 10504 10505 10506
f 10507 10508 10509
f 10510 10511 10512
f 10513 10514 10515
f 10516 10517 10518
f 10519 10520 10521
f 10522 10523 10524
f 10525 10526 10527
f 10528 10529 10530
f 10531 10532 10533
f 10534 10535 10536
f 10537 10538 10539
f 10540 10541 10542
f 10543 10544 10545
f 10546 10547 10548
f 10549 10550 10551
f 10552 10553 10554
f 10555 10556 10557
f 10558 10559 10560
f 10561 10562 10563
f 10564 10565 10566
f 10567 10568 10569
f 10570 10571 10572
f 10573 10574 10575
f 10576 10577 10578
f 10579 10580 10581
f 10582 10583 10584
f 10585 10586 10587
f 10588 10589 10590
f 10591 10592 10593
f 10594 10595 10596
f 10597 10598 10599
f 10600 10601 10602
f 10603 10604 10605
f 10606 10607 10608
f 10609 10610 10611
f 10612 10613 10614
f 10615 10616 10617
f 10618 10619 10620
f 10621 10622 10623
f 10624 10625 10626
f 10627 10628 10629
f 10630 10631 10632
f 10633 10634 10635
f 10636 10637 10638
f 10639 10640 10641
f 10642 10643 10644
f 10645 10646 10647
f 10648 10649 10650
f 10651 10652 10653
f 10654 10655 10656
f 10657 10658 10659
f 10660 10661 10662
f 10663 10664 10665
f 10666 10667 10668
f 10669 10670 10671
f 10672 10673 10674
f 10675 10676 10677
f 10678 10679 10680
f 10681 10682 10683
f 10684 10685 10686
f 10687 10688 10689
f 10690 10691 10692
f 10693 10694 10695
f 10696 10697 10698
f 10699 10700 10701
f 10702 10703 10704
f 10705 10706 10707
f 10708 10709 10710
f 10711 10712 10713
f 10714 10715 10716
f 10717 10718 10719
f 10720 10721 10722
f 10723 10724 10725
f 10726 10727 10728
f 10729 10730 10731
f 10732 10733 10734
f 10735 10736 10737
f 10738 10739 10740
f 10741 10742 10743
f 10744 10745 10746
f 10747 10748 10749
f 10750 10751 10752
f 10753 10754 10755
f 10756 10757 10758
f 10759 10760 10761
f 10762 10763 10764
f 10765 10766 10767
f 10768 10769 10770
f 10771 10772 10773
f 10774 10775 10776
f 10777 10778 10779
f 10780 10781 10782
f 10783 10784 10785
f 10786 10787 10788
f 10789 10790 10791
f 10792 10793 10794
f 10795 10796 10797
f 10798 10799 10800
f 10801 10802 10803
f 10804 10805 10806
f 10807 10808 10809
f 10810 10811 10812
f 10813 10814 10815
f 10816 10817 10818
f 10819 10820 10821
f 10822 10823 10824
f 10825 10826 10827
f 10828 10829 10830
f 10831 10832 10833
f 10834 10835 10836
f 10837 10838 10839
f 10840 10841 10842
f 10843 10844 10845
f 10846 10847 10848
f 10849 10850 10851
f 10852 10853 10854
f 10855 10856 10857
f 10858 10859 10860
f 10861 10862 10863
f 10864 10865 10866
f 10867 10868 10869
f 10870 10871 10872
f 10873 10874 10875
f 10876 10877 10878
f 10879 10880 10881
f 10882 10883 10884
f 10885 10886 10887
f 10888 10889 10890
f 10891 10892 10893
f 10894 10895 10896
f 10897 10898 10899
f 10900 10901 10902
f 10903 10904 10905
f 10906 10907 10908
f 10909 10910 10911
f 10912 10913 10914
f 10915 10916 10917
f 10918 10919 10920
f 10921 10922 10923
f 10924 10925 10926
f 10927 10928 10929
f 10930 10931 10932
f 10933 10934 10935
f 10936 10937 10938
f 10939 10940 10941
f 10942 10943 10944
f 10945 10946 10947
f 10948 10949 10950
f 10951 10952 10953
f 10954 10955 10956
f 10957 10958 10959
f 10960 10961 10962
f 10963 10964 10965
f 10966 10967 10968
f 10969 10970 10971
f 10972 10973 10974
f 10975 10976 10977
f 10978 10979 10980
f 10981 10982 10983
f 10984 10985 10986
f 10987 10988 10989
f 10990 10991 10992
f 10993 10994 10995
f 10996 10997 10998
f 10999 11000 11001
f 11002 11003 11004
f 11005 11006 11007
f 11008 11009 11010
f 11011 11012 11013
f 11014 11015 11016
f 11017 11018 11019
f 11020 11021 11022
f 11023 11024 11025
f 11026 11027 11028
f 11029 11030 11031
f 11032 11033 11034
f 11035 11036 11037
f 11038 11039 11040
f 11041 11042 11043
f 11044 11045 11046
f 11047 11048 11049
f 11050 11051 11052
f 11053 11054 11055
f 11056 11057 11058
f 11059 11060 11061
f 11062 11063 11064
f 11065 11066 11067
f 11068 11069 11070
f 11071 11072 11073
f 11074 11075 11076
f 11077 11078 11079
f 11080 11081 11082
f 11083 11084 11085
f 11086 11087 11088
f 11089 11090 11091
f 11092 11093 11094
f 11095 11096 11097
f 11098 11099 11100
f 11101 11102 11103
f 11104 11105 11106
f 11107 11108 11109
f 11110 11111 11112
f 11113 11114 11115
f 11116 11117 11118
f 11119 11120 11121
f 11122 11123 11124
f 11125 11126 11127
f 11128 11129 11130
f 11131 11132 11133
f 11134 11135 11136
f 11137 11138 11139
f 11140 11141 11142
f 11143 11144 11145
f 11146 11147 11148
f 11149 11150 11151
f 11152 11153 11154
f 11155 11156 11157
f 11158 11159 11160
f 11161 11162 11163
f 11164 11165 11166
f 11167 11168 11169
f 11170 11171 11172
